Tanggal,Lokasi,Jenis_Sampah,Volume_Sampah_kg
10/05/2022,Lokasi_13,Organik,654.61
18/07/2023,Lokasi_20,Anorganik,706.55
04/02/2023,Lokasi_18,Organik,900.28
31/12/2022,Lokasi_16,Anorganik,1240.14
26/06/2024,Lokasi_2,Organik,754.52
09/12/2025,Lokasi_5,Organik,1198.61
11/04/2021,Lokasi_18,Organik,991.51
23/05/2023,Lokasi_3,Organik,1385.44
26/11/2020,Lokasi_17,Organik,732.91
22/01/2024,Lokasi_16,Organik,950.86
05/11/2025,Lokasi_6,Organik,596.66
10/05/2020,Lokasi_19,Organik,835.15
12/08/2024,Lokasi_7,Anorganik,1006.88
08/02/2022,Lokasi_18,Organik,1232.74
24/02/2024,Lokasi_14,Anorganik,698.08
30/04/2023,Lokasi_6,Organik,718.09
13/08/2022,Lokasi_8,Organik,1131.58
30/03/2023,Lokasi_15,Organik,882.46
04/04/2021,Lokasi_15,Anorganik,982.09
22/01/2020,Lokasi_15,Anorganik,1336.13
17/01/2022,Lokasi_16,Anorganik,999.08
19/04/2021,Lokasi_1,Organik,1152.5
18/12/2022,Lokasi_11,Anorganik,1156.78
09/08/2025,Lokasi_5,Anorganik,1303.61
02/09/2022,Lokasi_5,Anorganik,1138.14
11/12/2024,Lokasi_6,Anorganik,564.81
08/07/2020,Lokasi_2,Organik,842.17
16/07/2021,Lokasi_6,Organik,1489.32
14/03/2025,Lokasi_14,B3,696.51
21/06/2023,Lokasi_11,Organik,1086.73
08/03/2024,Lokasi_4,Organik,1342.94
08/10/2021,Lokasi_9,Organik,1086.56
30/08/2025,Lokasi_3,Organik,872.27
21/07/2023,Lokasi_16,Organik,580.23
23/08/2021,Lokasi_11,Anorganik,861.66
23/08/2025,Lokasi_4,Organik,682.07
29/08/2020,Lokasi_1,Organik,1460.86
03/08/2025,Lokasi_16,Organik,1215.03
25/09/2023,Lokasi_19,Organik,1249.38
09/11/2025,Lokasi_16,B3,935.97
22/10/2023,Lokasi_11,B3,609.96
18/01/2024,Lokasi_8,Organik,766.72
14/02/2022,Lokasi_1,Organik,759.71
04/02/2020,Lokasi_9,Anorganik,986.78
09/05/2025,Lokasi_12,Anorganik,960.98
04/05/2024,Lokasi_8,Anorganik,933.41
18/10/2022,Lokasi_17,Organik,995.98
03/02/2023,Lokasi_10,Anorganik,1487.02
09/02/2024,Lokasi_7,Anorganik,798.35
03/12/2021,Lokasi_19,Anorganik,1115.27
28/04/2024,Lokasi_6,Anorganik,739.51
10/06/2020,Lokasi_19,Organik,966.61
20/07/2020,Lokasi_18,Anorganik,700.05
04/06/2025,Lokasi_15,Organik,1058.19
22/09/2022,Lokasi_2,Anorganik,765.01
26/03/2022,Lokasi_14,Anorganik,536.79
31/03/2021,Lokasi_10,Organik,1315.27
29/06/2023,Lokasi_16,B3,628.26
13/10/2022,Lokasi_7,Organik,868.04
03/12/2020,Lokasi_8,Anorganik,977.18
28/05/2022,Lokasi_10,B3,932.48
12/12/2022,Lokasi_15,Organik,1225.67
02/03/2022,Lokasi_8,Organik,1096.78
02/02/2022,Lokasi_13,Organik,795.37
14/01/2021,Lokasi_12,Anorganik,551.7
07/05/2021,Lokasi_8,Organik,1267.6
26/03/2023,Lokasi_15,Organik,852.53
24/08/2025,Lokasi_12,Organik,1389.72
05/03/2020,Lokasi_11,Anorganik,895.06
29/09/2023,Lokasi_19,Organik,1217.66
26/02/2023,Lokasi_14,Anorganik,1439.56
20/07/2025,Lokasi_18,Organik,1151.15
04/02/2024,Lokasi_13,Anorganik,913.49
08/03/2023,Lokasi_4,Organik,1067.4
02/03/2024,Lokasi_17,Anorganik,1043.45
26/01/2021,Lokasi_19,Organik,1084.82
25/08/2024,Lokasi_9,Anorganik,646.82
22/02/2021,Lokasi_7,Organik,1198.51
13/01/2021,Lokasi_1,Anorganik,645.04
01/12/2024,Lokasi_7,B3,514.62
19/09/2025,Lokasi_7,B3,1124.78
22/12/2025,Lokasi_20,Organik,616.91
19/07/2020,Lokasi_7,B3,1270.41
06/02/2025,Lokasi_8,Anorganik,1365.97
18/02/2022,Lokasi_16,B3,1444.74
17/05/2021,Lokasi_3,Anorganik,1164.48
17/10/2024,Lokasi_13,Organik,982.01
15/03/2022,Lokasi_10,Anorganik,852.28
16/11/2025,Lokasi_18,B3,990.93
10/03/2025,Lokasi_7,Organik,690.35
19/04/2024,Lokasi_5,Organik,848.42
18/08/2022,Lokasi_7,B3,1217.93
25/01/2024,Lokasi_17,Organik,717.42
25/10/2022,Lokasi_4,Organik,764.07
17/05/2021,Lokasi_16,Anorganik,1249.33
01/02/2021,Lokasi_19,Organik,677.84
20/05/2022,Lokasi_10,B3,745.89
27/01/2021,Lokasi_3,B3,517.55
25/07/2020,Lokasi_3,Anorganik,1220.05
04/11/2022,Lokasi_17,Anorganik,1117.9
24/02/2025,Lokasi_10,Anorganik,1194.39
24/01/2024,Lokasi_17,Anorganik,714.33
13/05/2022,Lokasi_17,Anorganik,1187.38
17/07/2021,Lokasi_4,Organik,1096.38
17/10/2022,Lokasi_6,Organik,866.12
05/04/2020,Lokasi_12,B3,937.83
07/04/2025,Lokasi_20,Anorganik,1067.92
23/10/2024,Lokasi_17,Anorganik,993.29
05/08/2024,Lokasi_17,Anorganik,1141.83
24/06/2021,Lokasi_10,Anorganik,680.98
25/11/2022,Lokasi_7,Organik,1040.71
29/03/2023,Lokasi_16,Anorganik,950.28
18/09/2024,Lokasi_13,B3,961.02
24/12/2024,Lokasi_3,Organik,969.38
16/05/2024,Lokasi_2,Organik,1381.47
06/03/2022,Lokasi_16,Organik,1318.63
17/11/2022,Lokasi_6,Organik,1129.57
01/07/2024,Lokasi_6,Organik,1216.49
25/09/2023,Lokasi_13,Organik,542.8
04/06/2025,Lokasi_7,Organik,1243.99
16/09/2023,Lokasi_5,Organik,986.16
21/07/2024,Lokasi_7,Anorganik,817.75
09/03/2024,Lokasi_2,Anorganik,639.78
31/07/2025,Lokasi_17,Organik,575.21
05/02/2024,Lokasi_13,Anorganik,544.89
09/11/2023,Lokasi_16,Organik,661.8
01/11/2023,Lokasi_20,Organik,530.14
30/07/2023,Lokasi_2,Anorganik,1232.64
30/08/2022,Lokasi_5,Organik,748.61
03/11/2024,Lokasi_18,Organik,868.74
06/07/2023,Lokasi_7,Organik,1322.72
10/12/2021,Lokasi_11,Organik,614.66
19/01/2024,Lokasi_11,Organik,1335.59
05/12/2023,Lokasi_17,Organik,1139.54
10/10/2021,Lokasi_16,Organik,842.03
13/11/2020,Lokasi_13,Anorganik,617.81
11/06/2023,Lokasi_5,Anorganik,591.49
14/11/2021,Lokasi_20,Organik,835.51
25/10/2021,Lokasi_16,Anorganik,640.34
21/06/2025,Lokasi_16,Anorganik,767.71
19/06/2024,Lokasi_16,B3,552.96
04/02/2024,Lokasi_14,Organik,1095.01
10/02/2023,Lokasi_6,Organik,645.28
27/01/2025,Lokasi_2,Organik,1256.73
29/02/2024,Lokasi_14,Organik,718.17
17/07/2021,Lokasi_16,Anorganik,1297.98
15/07/2023,Lokasi_20,B3,689.88
24/06/2024,Lokasi_13,Anorganik,1221.37
29/11/2021,Lokasi_15,Organik,833.07
30/11/2025,Lokasi_12,Anorganik,1083.12
02/01/2020,Lokasi_9,Anorganik,538.66
03/10/2021,Lokasi_18,Anorganik,995.24
08/05/2024,Lokasi_14,Organik,648.69
04/05/2022,Lokasi_20,Organik,986.32
25/10/2024,Lokasi_4,Organik,641.36
19/07/2024,Lokasi_8,Organik,937.09
27/02/2023,Lokasi_8,B3,610.62
12/12/2022,Lokasi_16,Organik,719.95
03/09/2024,Lokasi_10,Organik,1095.08
22/08/2024,Lokasi_17,Organik,1476.66
29/09/2024,Lokasi_1,Organik,949.18
10/12/2023,Lokasi_18,Organik,1187.17
15/04/2022,Lokasi_10,Anorganik,1039.42
21/07/2020,Lokasi_4,Anorganik,998.36
02/05/2020,Lokasi_1,Anorganik,564.7
04/02/2021,Lokasi_4,Anorganik,644.3
05/02/2022,Lokasi_4,Organik,1383.06
20/10/2020,Lokasi_4,Organik,910.16
16/07/2020,Lokasi_17,B3,1114.33
14/04/2025,Lokasi_9,Organik,1028.23
31/12/2025,Lokasi_19,Organik,878.88
31/08/2021,Lokasi_13,Anorganik,887.82
21/02/2023,Lokasi_4,Organik,1055.47
05/07/2020,Lokasi_5,Organik,641.14
29/11/2024,Lokasi_13,Organik,887.26
21/10/2021,Lokasi_16,Organik,946.98
09/05/2025,Lokasi_5,Organik,1485.13
01/10/2023,Lokasi_8,Anorganik,851.45
09/06/2025,Lokasi_16,Organik,1144.58
14/03/2024,Lokasi_1,Organik,637.42
26/05/2020,Lokasi_6,Organik,565.48
30/09/2024,Lokasi_11,Anorganik,1371.54
17/01/2025,Lokasi_16,Anorganik,1230.73
03/05/2021,Lokasi_5,Organik,817.5
13/05/2025,Lokasi_16,Organik,1004.58
21/07/2024,Lokasi_7,Anorganik,635.74
02/10/2021,Lokasi_19,Organik,1207.16
07/12/2024,Lokasi_1,Anorganik,570.33
23/05/2025,Lokasi_9,Anorganik,1257.03
09/12/2023,Lokasi_18,Organik,1046.84
22/06/2024,Lokasi_13,Organik,778.85
19/09/2020,Lokasi_15,Organik,1362.57
22/11/2024,Lokasi_3,Anorganik,1486.07
31/12/2025,Lokasi_10,Anorganik,754.35
15/09/2021,Lokasi_9,Anorganik,1306.25
13/10/2022,Lokasi_13,Anorganik,1250.17
30/05/2022,Lokasi_16,Organik,1247.19
11/08/2025,Lokasi_3,Anorganik,1457.24
20/08/2023,Lokasi_15,B3,986.62
28/03/2021,Lokasi_17,Organik,1174.17
29/03/2023,Lokasi_14,Organik,1323.88
18/08/2025,Lokasi_7,B3,979.54
09/08/2024,Lokasi_20,Anorganik,981.43
28/02/2023,Lokasi_16,Anorganik,818.65
07/02/2021,Lokasi_8,Organik,1280.83
02/10/2025,Lokasi_4,Anorganik,1186.2
23/08/2024,Lokasi_20,B3,951.14
19/09/2021,Lokasi_15,B3,919.34
09/08/2021,Lokasi_5,B3,572.59
06/07/2024,Lokasi_13,B3,506.5
14/12/2023,Lokasi_6,Organik,1028.89
16/12/2023,Lokasi_5,Organik,917.49
13/04/2020,Lokasi_17,Anorganik,1296.04
10/09/2020,Lokasi_7,Organik,1042.65
05/02/2024,Lokasi_6,Anorganik,1436.71
08/04/2020,Lokasi_2,Organik,696.14
27/02/2025,Lokasi_11,B3,1490.15
03/04/2025,Lokasi_7,Anorganik,797.92
27/05/2022,Lokasi_8,Anorganik,1142.42
03/12/2020,Lokasi_5,Organik,1001.85
14/08/2022,Lokasi_18,Organik,859.58
31/08/2024,Lokasi_16,Organik,639.31
09/06/2020,Lokasi_14,Organik,634.83
22/05/2024,Lokasi_12,Organik,1211.51
01/02/2021,Lokasi_17,Anorganik,877.64
24/07/2023,Lokasi_5,Organik,1461.3
26/03/2022,Lokasi_14,Organik,825.65
07/03/2024,Lokasi_6,Anorganik,1483.52
03/04/2025,Lokasi_15,Organik,705.42
16/11/2023,Lokasi_7,Organik,602.81
04/03/2023,Lokasi_14,B3,812.57
03/05/2023,Lokasi_18,Organik,1385.58
04/02/2021,Lokasi_1,B3,1021.85
01/10/2021,Lokasi_6,Anorganik,635.65
04/04/2021,Lokasi_3,B3,702.5
12/08/2022,Lokasi_5,Anorganik,811.26
14/04/2021,Lokasi_12,Organik,1090.17
11/11/2022,Lokasi_11,Anorganik,832.38
20/08/2024,Lokasi_13,Organik,1247.05
16/09/2025,Lokasi_16,Anorganik,1116.29
16/07/2021,Lokasi_18,Anorganik,1373.82
04/12/2024,Lokasi_17,Organik,1000.96
05/09/2025,Lokasi_17,Anorganik,831.18
13/08/2020,Lokasi_11,Anorganik,1496.27
08/03/2022,Lokasi_20,Organik,855.63
17/08/2022,Lokasi_10,Anorganik,928.6
13/02/2024,Lokasi_16,Anorganik,1309.13
28/03/2021,Lokasi_2,Anorganik,588.64
26/03/2022,Lokasi_17,Anorganik,886.49
20/10/2021,Lokasi_20,Organik,585.71
30/06/2021,Lokasi_10,Organik,639.31
30/04/2023,Lokasi_13,Organik,504.64
17/01/2020,Lokasi_12,Anorganik,509.54
28/05/2023,Lokasi_15,Organik,880.29
05/12/2022,Lokasi_7,Organik,1309.16
16/11/2025,Lokasi_13,Anorganik,1087
03/11/2024,Lokasi_12,Anorganik,1134.91
26/11/2022,Lokasi_12,Anorganik,1019.25
28/10/2020,Lokasi_2,Anorganik,1319.79
29/06/2020,Lokasi_5,Anorganik,1380.38
29/08/2021,Lokasi_2,Anorganik,1349.74
30/11/2021,Lokasi_20,Organik,1312.13
19/09/2022,Lokasi_13,Organik,682.71
13/02/2023,Lokasi_3,B3,1093.88
09/07/2020,Lokasi_11,Organik,1082.16
07/09/2022,Lokasi_16,Organik,1027.94
29/06/2025,Lokasi_1,Anorganik,980.81
30/03/2023,Lokasi_19,Anorganik,589.17
07/05/2020,Lokasi_11,Organik,602.16
27/08/2025,Lokasi_9,Organik,1402.28
21/12/2024,Lokasi_14,Organik,1130.19
24/10/2024,Lokasi_9,Organik,762.32
23/07/2021,Lokasi_7,Anorganik,779.3
08/09/2023,Lokasi_16,Anorganik,1110.19
10/03/2025,Lokasi_3,Organik,906.93
17/09/2021,Lokasi_19,Organik,941.32
13/08/2024,Lokasi_4,Anorganik,560.65
03/06/2020,Lokasi_7,Organik,638.74
10/11/2023,Lokasi_12,Anorganik,893.35
23/02/2022,Lokasi_18,Organik,1199.69
02/09/2020,Lokasi_5,Anorganik,548.03
09/02/2024,Lokasi_10,Organik,834.56
01/09/2024,Lokasi_12,Organik,1195.07
21/06/2021,Lokasi_8,B3,1292.05
05/03/2025,Lokasi_19,B3,690.22
15/01/2025,Lokasi_15,Organik,1231.49
09/07/2022,Lokasi_1,Organik,1455.41
08/06/2021,Lokasi_3,Organik,1406.81
09/03/2024,Lokasi_18,Anorganik,1289.38
05/02/2020,Lokasi_18,Anorganik,1212.33
15/11/2021,Lokasi_2,Anorganik,735.14
20/01/2020,Lokasi_5,Organik,1133.9
03/02/2021,Lokasi_1,Organik,1143.27
29/08/2022,Lokasi_10,Anorganik,906.82
21/03/2025,Lokasi_20,Organik,993.02
12/03/2023,Lokasi_10,Organik,1194.03
20/01/2023,Lokasi_5,Organik,1452.1
13/04/2022,Lokasi_18,Organik,795.31
28/12/2024,Lokasi_15,Anorganik,746.36
05/06/2025,Lokasi_20,Anorganik,1101.81
03/05/2022,Lokasi_8,Organik,630.8
20/02/2020,Lokasi_17,Anorganik,1082.53
28/07/2021,Lokasi_12,Organik,588.85
22/02/2023,Lokasi_12,Organik,990.58
11/09/2024,Lokasi_1,B3,1120.41
12/11/2021,Lokasi_4,Organik,570.11
17/04/2022,Lokasi_8,Organik,706.95
13/12/2022,Lokasi_1,Anorganik,835.37
14/05/2024,Lokasi_15,B3,868.6
05/01/2020,Lokasi_18,Organik,1176.1
31/01/2023,Lokasi_1,Anorganik,1029.02
04/05/2023,Lokasi_11,Organik,882.11
12/02/2022,Lokasi_2,Anorganik,950.68
26/05/2022,Lokasi_1,Anorganik,512.98
18/09/2022,Lokasi_12,Organik,1270.53
16/02/2020,Lokasi_16,Organik,541
25/09/2020,Lokasi_10,Organik,1329.32
04/01/2021,Lokasi_18,Organik,1041
27/09/2021,Lokasi_15,Organik,1027.82
03/02/2023,Lokasi_17,Organik,1204.58
20/08/2024,Lokasi_10,Anorganik,1359.56
09/08/2024,Lokasi_3,Anorganik,1442.65
18/10/2021,Lokasi_16,Anorganik,1043.37
29/04/2020,Lokasi_6,Anorganik,650.66
10/04/2022,Lokasi_3,B3,1378.63
15/12/2024,Lokasi_9,Organik,540.67
17/12/2022,Lokasi_11,Anorganik,1307.34
28/05/2025,Lokasi_13,Organik,1180.42
01/10/2023,Lokasi_18,B3,1404.73
10/01/2022,Lokasi_4,Anorganik,1397.46
26/04/2020,Lokasi_8,Organik,553.15
27/01/2025,Lokasi_13,Anorganik,1109.45
24/02/2023,Lokasi_10,Organik,624.67
15/04/2025,Lokasi_2,B3,578.47
09/10/2022,Lokasi_8,Organik,948.28
22/07/2024,Lokasi_6,Organik,597.6
17/12/2022,Lokasi_16,Organik,1227.9
25/09/2021,Lokasi_18,Organik,1468.94
27/05/2021,Lokasi_17,Anorganik,1069.58
24/01/2023,Lokasi_6,Anorganik,735.17
15/02/2023,Lokasi_13,B3,1343.21
13/07/2021,Lokasi_14,Anorganik,1353.1
02/05/2021,Lokasi_10,Anorganik,1232.79
15/06/2022,Lokasi_11,Organik,1115.13
27/04/2023,Lokasi_13,B3,1367.79
04/12/2021,Lokasi_12,Organik,663.29
10/01/2024,Lokasi_9,Organik,1431.6
03/08/2021,Lokasi_4,Organik,1447.2
02/06/2020,Lokasi_7,Organik,1371.99
06/08/2024,Lokasi_2,Organik,750.66
23/09/2022,Lokasi_7,B3,1358.18
28/05/2023,Lokasi_9,Organik,997.64
28/12/2022,Lokasi_5,Organik,1094.93
05/10/2022,Lokasi_15,Organik,1340.6
11/11/2025,Lokasi_18,Organik,529.58
08/11/2024,Lokasi_4,Anorganik,862.94
15/08/2022,Lokasi_19,Anorganik,1315.69
28/03/2021,Lokasi_20,B3,1313.95
12/05/2023,Lokasi_7,Organik,1348.69
04/07/2021,Lokasi_8,Organik,669.22
23/06/2024,Lokasi_17,Anorganik,1205.89
05/08/2023,Lokasi_13,Organik,646.5
23/10/2024,Lokasi_11,Organik,1285.1
22/12/2020,Lokasi_1,Organik,745.13
01/09/2025,Lokasi_2,Anorganik,1237.82
20/11/2024,Lokasi_17,Anorganik,955
16/11/2024,Lokasi_5,B3,1486.26
19/06/2024,Lokasi_6,Organik,1079.89
12/10/2022,Lokasi_7,Organik,1132.58
10/09/2023,Lokasi_15,Organik,868.16
30/05/2021,Lokasi_19,Organik,1234.52
01/12/2020,Lokasi_16,Organik,994.89
17/11/2024,Lokasi_13,Organik,518.07
11/05/2021,Lokasi_5,Organik,1108.58
14/06/2022,Lokasi_3,Anorganik,1330.46
01/05/2022,Lokasi_3,Organik,736.8
14/08/2024,Lokasi_19,Organik,721.06
15/04/2025,Lokasi_14,Anorganik,1108.89
17/04/2024,Lokasi_16,Organik,1317.98
14/08/2022,Lokasi_17,Organik,749.62
24/06/2024,Lokasi_4,Organik,1432.26
15/07/2023,Lokasi_13,Organik,1427.39
11/12/2023,Lokasi_8,Anorganik,700.54
06/04/2023,Lokasi_19,Organik,763.78
02/12/2022,Lokasi_5,Anorganik,1200.6
11/10/2020,Lokasi_2,B3,1451.73
12/01/2020,Lokasi_15,Anorganik,1209.88
18/06/2024,Lokasi_2,Organik,944.9
23/01/2022,Lokasi_11,Organik,669
13/09/2025,Lokasi_13,Anorganik,961.01
30/03/2020,Lokasi_10,Organik,1106.77
14/02/2022,Lokasi_3,B3,830.95
13/06/2024,Lokasi_5,Anorganik,1010.26
21/02/2021,Lokasi_3,Anorganik,630.21
24/04/2020,Lokasi_6,Organik,952.19
08/09/2021,Lokasi_13,Anorganik,590.78
05/04/2022,Lokasi_10,B3,549.09
07/07/2024,Lokasi_19,Anorganik,1357.24
25/02/2024,Lokasi_8,Organik,705.08
16/02/2021,Lokasi_18,Anorganik,1075.16
29/12/2021,Lokasi_3,Anorganik,648.98
06/11/2021,Lokasi_17,Anorganik,762.53
07/03/2025,Lokasi_8,Organik,861.34
27/01/2023,Lokasi_10,Organik,643.68
20/04/2024,Lokasi_2,Anorganik,545.96
04/09/2022,Lokasi_12,Organik,1377.16
05/10/2022,Lokasi_6,Organik,511.83
13/11/2025,Lokasi_2,Anorganik,561.32
14/08/2024,Lokasi_3,Anorganik,1305.07
06/02/2020,Lokasi_17,Anorganik,782.01
28/03/2024,Lokasi_7,Anorganik,1222.82
22/05/2022,Lokasi_5,Organik,646.23
26/12/2024,Lokasi_1,Organik,737.28
20/07/2023,Lokasi_8,B3,1072.78
10/10/2025,Lokasi_12,Organik,1488.64
18/08/2021,Lokasi_14,Anorganik,573.44
18/03/2025,Lokasi_16,Anorganik,900.55
29/12/2021,Lokasi_10,B3,543.08
27/09/2023,Lokasi_15,Organik,699.23
31/01/2021,Lokasi_15,Anorganik,1407.47
29/11/2021,Lokasi_10,Anorganik,596.46
23/06/2024,Lokasi_7,Organik,1356.86
30/01/2021,Lokasi_3,Organik,677.8
16/03/2020,Lokasi_2,Organik,1361.78
21/09/2020,Lokasi_6,Anorganik,1038.02
24/12/2024,Lokasi_9,Anorganik,1378.21
18/12/2021,Lokasi_10,Organik,651.7
30/04/2022,Lokasi_4,Anorganik,1262.04
22/10/2023,Lokasi_3,Organik,1180.7
23/05/2020,Lokasi_9,Organik,1042.93
03/06/2022,Lokasi_17,Anorganik,1310.59
30/01/2021,Lokasi_14,Organik,1148.28
01/02/2024,Lokasi_10,Anorganik,1377.05
13/03/2023,Lokasi_13,Organik,881.06
28/11/2022,Lokasi_12,Organik,1089.92
26/11/2025,Lokasi_1,Anorganik,1370.6
01/12/2022,Lokasi_19,Organik,714.81
24/04/2023,Lokasi_19,Anorganik,985.74
25/09/2021,Lokasi_6,Anorganik,1460.74
02/03/2023,Lokasi_13,Anorganik,973.6
23/05/2023,Lokasi_19,Anorganik,752.83
02/01/2022,Lokasi_13,Organik,851.08
22/08/2020,Lokasi_4,Anorganik,1385.08
20/01/2022,Lokasi_2,Organik,1454.88
11/08/2022,Lokasi_15,B3,1450.11
22/03/2024,Lokasi_12,Anorganik,1198.94
12/04/2023,Lokasi_7,Anorganik,1009.6
03/08/2024,Lokasi_20,Anorganik,682.69
06/04/2023,Lokasi_18,Anorganik,623.22
17/11/2023,Lokasi_13,Anorganik,559.77
02/05/2023,Lokasi_17,Organik,517.71
20/03/2024,Lokasi_4,Anorganik,1378.12
07/09/2025,Lokasi_14,Organik,1309.09
16/12/2023,Lokasi_20,Anorganik,1067.82
28/02/2024,Lokasi_13,Anorganik,1498.72
20/10/2023,Lokasi_3,Anorganik,1453.05
30/01/2025,Lokasi_18,Anorganik,1155.11
27/09/2023,Lokasi_14,Anorganik,964.57
14/05/2021,Lokasi_15,Organik,652.17
07/08/2024,Lokasi_3,Organik,1015.59
25/05/2021,Lokasi_1,Anorganik,657.74
04/08/2020,Lokasi_17,Organik,898.45
17/08/2023,Lokasi_3,Anorganik,1442.65
01/03/2023,Lokasi_14,Anorganik,841.98
01/01/2025,Lokasi_3,Organik,652.79
15/12/2024,Lokasi_13,B3,1082.4
20/04/2023,Lokasi_15,Organik,1102.36
31/03/2020,Lokasi_18,Anorganik,693.8
14/12/2021,Lokasi_14,B3,696.59
24/02/2025,Lokasi_3,Organik,1489.55
08/02/2020,Lokasi_19,Organik,743.28
21/06/2020,Lokasi_8,B3,1338.19
14/10/2021,Lokasi_4,Organik,970.32
23/01/2022,Lokasi_4,Organik,934.99
28/05/2023,Lokasi_19,Organik,794.96
17/12/2022,Lokasi_11,Anorganik,1273.83
10/08/2024,Lokasi_1,Organik,1380.66
31/03/2021,Lokasi_8,Anorganik,761.13
08/04/2022,Lokasi_15,B3,595.1
13/06/2022,Lokasi_1,Organik,636.92
16/10/2023,Lokasi_7,Organik,1292.8
12/05/2025,Lokasi_20,Organik,935.83
19/06/2025,Lokasi_20,Organik,631.91
08/07/2020,Lokasi_11,Anorganik,840.29
19/05/2021,Lokasi_14,Organik,1014.24
29/04/2023,Lokasi_16,Organik,1352.05
11/03/2024,Lokasi_14,Anorganik,1141.74
03/04/2022,Lokasi_12,Anorganik,676.03
17/07/2022,Lokasi_17,Organik,658.7
22/07/2022,Lokasi_14,Anorganik,912.33
14/02/2023,Lokasi_10,Anorganik,575.19
13/05/2020,Lokasi_14,Anorganik,1255.58
06/10/2025,Lokasi_18,Anorganik,901.45
15/11/2021,Lokasi_9,Organik,843.02
26/01/2025,Lokasi_17,B3,1009.11
25/03/2022,Lokasi_6,Organik,1208.96
18/03/2023,Lokasi_8,Anorganik,1069.35
20/03/2020,Lokasi_13,Organik,1302.4
21/07/2020,Lokasi_18,Organik,1129.36
06/06/2023,Lokasi_5,Organik,1287.97
26/08/2024,Lokasi_6,Organik,1196.78
04/06/2023,Lokasi_19,Anorganik,693.12
09/08/2024,Lokasi_4,Organik,552.35
04/04/2024,Lokasi_7,Organik,1403.4
25/09/2025,Lokasi_4,Organik,1445.66
10/06/2023,Lokasi_11,Organik,1226.93
29/03/2024,Lokasi_12,Anorganik,1224.21
12/03/2023,Lokasi_14,Organik,770.15
28/10/2023,Lokasi_13,Organik,1042.44
15/04/2021,Lokasi_10,Anorganik,1492.24
01/11/2022,Lokasi_18,Organik,1356.14
15/09/2023,Lokasi_16,Anorganik,804.39
25/08/2022,Lokasi_5,Anorganik,801.05
23/12/2020,Lokasi_8,Anorganik,983.58
29/10/2021,Lokasi_14,Anorganik,904.6
07/01/2021,Lokasi_5,Anorganik,871.15
28/10/2022,Lokasi_8,Organik,1126.97
19/02/2023,Lokasi_6,Anorganik,511.49
03/10/2023,Lokasi_16,Organik,1263.34
30/03/2020,Lokasi_4,Organik,1240.05
23/06/2021,Lokasi_12,Anorganik,1330.33
18/05/2022,Lokasi_11,B3,1341.45
10/02/2020,Lokasi_3,Organik,1066.4
09/01/2022,Lokasi_12,Organik,1280.07
30/04/2025,Lokasi_5,Organik,992.4
09/05/2023,Lokasi_6,Organik,1451.53
17/07/2022,Lokasi_19,B3,690.7
29/07/2025,Lokasi_18,Anorganik,1415.62
13/07/2022,Lokasi_16,Organik,758.53
30/04/2024,Lokasi_11,Organik,602.72
24/01/2021,Lokasi_5,B3,939.1
05/06/2024,Lokasi_9,Anorganik,1114.92
12/09/2020,Lokasi_3,Organik,730.99
09/12/2021,Lokasi_8,Anorganik,1055.8
12/01/2025,Lokasi_6,B3,1307.89
28/04/2025,Lokasi_4,Organik,757.08
10/01/2020,Lokasi_12,Organik,1080.32
08/03/2022,Lokasi_12,Organik,839.31
26/05/2022,Lokasi_16,Organik,1029.77
25/10/2022,Lokasi_10,Organik,1166.92
12/10/2022,Lokasi_14,Organik,850.42
29/12/2024,Lokasi_13,Organik,1494.48
08/01/2021,Lokasi_9,Organik,1063.78
11/08/2020,Lokasi_7,Anorganik,1324.46
16/06/2023,Lokasi_12,Anorganik,1225.14
07/12/2024,Lokasi_5,B3,1352.81
02/05/2022,Lokasi_18,Anorganik,673.8
03/03/2020,Lokasi_4,Organik,722.55
25/05/2023,Lokasi_2,Anorganik,987.41
19/11/2021,Lokasi_3,Organik,1352.33
24/01/2024,Lokasi_12,Anorganik,697.61
21/06/2024,Lokasi_3,Organik,1471.07
22/11/2025,Lokasi_4,Anorganik,627.6
25/05/2021,Lokasi_6,Organik,675.08
19/01/2021,Lokasi_12,Organik,667.23
08/02/2021,Lokasi_19,Organik,1086.01
01/06/2021,Lokasi_10,Organik,1417.54
20/04/2021,Lokasi_1,B3,755.11
23/06/2025,Lokasi_17,Organik,1053.04
26/07/2024,Lokasi_16,Anorganik,675.77
08/03/2025,Lokasi_9,Anorganik,1131.14
31/12/2023,Lokasi_9,Anorganik,623.25
14/12/2021,Lokasi_9,Anorganik,991.31
23/03/2020,Lokasi_12,Organik,1155.18
14/03/2023,Lokasi_9,B3,1079.13
16/03/2025,Lokasi_15,Organik,640
10/08/2025,Lokasi_2,Organik,661.37
20/02/2020,Lokasi_11,Anorganik,1171.39
15/11/2021,Lokasi_11,Anorganik,1308.91
17/12/2021,Lokasi_8,Organik,1408.07
09/01/2024,Lokasi_6,Anorganik,1313.61
24/03/2021,Lokasi_20,Organik,1473.92
30/05/2022,Lokasi_7,Anorganik,908.25
02/05/2021,Lokasi_3,Organik,831.17
28/12/2024,Lokasi_8,Organik,528.18
12/09/2025,Lokasi_18,Organik,949.9
12/11/2025,Lokasi_17,Organik,1151.37
23/04/2024,Lokasi_11,Anorganik,1315.41
06/09/2020,Lokasi_2,Anorganik,767.46
04/11/2021,Lokasi_19,Anorganik,1013.59
13/03/2021,Lokasi_7,Anorganik,1162.01
05/12/2025,Lokasi_18,Organik,1051.6
09/02/2022,Lokasi_8,Organik,774.02
24/09/2020,Lokasi_14,Anorganik,1296.28
07/06/2025,Lokasi_7,B3,673.36
13/12/2022,Lokasi_4,B3,1404.98
23/08/2020,Lokasi_17,Organik,1452.6
23/01/2021,Lokasi_5,B3,865.57
01/02/2022,Lokasi_12,Organik,876.18
22/01/2025,Lokasi_9,Organik,1243.28
15/09/2021,Lokasi_20,Organik,956.29
06/06/2023,Lokasi_13,Organik,528.61
31/07/2021,Lokasi_18,Anorganik,1419.88
23/10/2025,Lokasi_20,Anorganik,930.75
10/03/2021,Lokasi_9,Organik,703.5
20/11/2025,Lokasi_4,Anorganik,1055.66
02/02/2022,Lokasi_8,B3,718.91
22/08/2023,Lokasi_1,Organik,706.02
15/11/2025,Lokasi_17,Anorganik,1045.73
20/09/2023,Lokasi_9,Anorganik,891.04
22/03/2021,Lokasi_20,Organik,1072.99
10/07/2025,Lokasi_13,Anorganik,1496.83
24/08/2023,Lokasi_2,Anorganik,1359.02
05/09/2020,Lokasi_13,B3,507.67
14/06/2020,Lokasi_9,Anorganik,550.56
20/09/2023,Lokasi_20,Organik,1110.08
16/10/2022,Lokasi_6,Anorganik,1126.26
25/06/2021,Lokasi_1,B3,1378.19
28/01/2022,Lokasi_5,Organik,1129.06
29/10/2025,Lokasi_3,Organik,727.71
20/12/2025,Lokasi_4,Organik,968.52
07/03/2022,Lokasi_1,Organik,1308.99
17/05/2020,Lokasi_14,Anorganik,1422.82
15/09/2023,Lokasi_9,Organik,736.92
18/02/2025,Lokasi_4,Anorganik,1039.6
09/03/2020,Lokasi_18,Organik,658.93
01/10/2025,Lokasi_14,Organik,997
13/01/2024,Lokasi_4,Organik,590.11
23/07/2020,Lokasi_10,Anorganik,1441.73
13/12/2025,Lokasi_3,Anorganik,1138.06
12/02/2020,Lokasi_7,B3,1354.22
21/03/2025,Lokasi_10,B3,1498.3
28/11/2025,Lokasi_13,B3,682.67
30/01/2022,Lokasi_4,Organik,1194.14
12/11/2025,Lokasi_18,Anorganik,1386.99
17/06/2025,Lokasi_11,Organik,1075.94
19/04/2025,Lokasi_4,Anorganik,1139.7
18/06/2022,Lokasi_14,Anorganik,907.67
25/12/2020,Lokasi_18,Anorganik,1174.76
15/09/2024,Lokasi_8,Organik,895.58
07/10/2020,Lokasi_10,Anorganik,976.62
02/03/2025,Lokasi_5,Organik,602.91
28/10/2021,Lokasi_7,Anorganik,507.81
02/04/2020,Lokasi_12,Anorganik,555.15
02/11/2021,Lokasi_3,Organik,692.52
23/05/2025,Lokasi_4,Anorganik,956.6
01/03/2020,Lokasi_10,B3,520.99
25/10/2022,Lokasi_4,B3,655.94
29/01/2024,Lokasi_15,Anorganik,1281.44
26/08/2021,Lokasi_10,B3,1262.17
12/11/2021,Lokasi_16,Organik,1289.73
29/11/2023,Lokasi_15,Organik,1421.54
07/06/2021,Lokasi_19,Organik,619.07
22/05/2025,Lokasi_20,B3,663.14
06/01/2023,Lokasi_19,Anorganik,833.55
19/10/2024,Lokasi_18,Anorganik,1415.14
10/01/2025,Lokasi_12,Organik,1275.48
25/09/2025,Lokasi_16,Anorganik,824.12
18/02/2023,Lokasi_1,Anorganik,587.64
15/12/2022,Lokasi_16,Organik,1116.38
16/04/2020,Lokasi_2,Organik,756.82
17/02/2020,Lokasi_15,Anorganik,1031.15
02/12/2020,Lokasi_7,Anorganik,1441.8
15/11/2022,Lokasi_1,Organik,1072.62
04/07/2023,Lokasi_5,Anorganik,1423.83
17/08/2025,Lokasi_10,Organik,893.04
16/09/2021,Lokasi_4,B3,1133.35
05/03/2025,Lokasi_14,B3,1393.89
30/06/2023,Lokasi_13,Organik,1087.99
11/09/2024,Lokasi_1,Anorganik,1114.9
29/10/2020,Lokasi_16,Anorganik,1216.31
30/09/2021,Lokasi_9,Organik,1382.11
25/02/2020,Lokasi_16,B3,588.18
26/12/2021,Lokasi_19,Anorganik,836.86
09/06/2021,Lokasi_15,Anorganik,897.68
18/04/2021,Lokasi_14,Organik,1409.71
28/01/2020,Lokasi_20,Anorganik,1456.01
26/10/2025,Lokasi_10,Anorganik,620.38
30/12/2020,Lokasi_12,B3,619.11
09/06/2021,Lokasi_1,Anorganik,1434.86
28/08/2023,Lokasi_17,Anorganik,795.77
01/06/2022,Lokasi_9,Organik,741.81
27/10/2022,Lokasi_19,Organik,535.62
23/10/2022,Lokasi_18,Anorganik,775.6
04/07/2024,Lokasi_7,Organik,1193.53
07/07/2022,Lokasi_9,Organik,926.04
09/11/2024,Lokasi_12,Organik,1016.87
11/03/2024,Lokasi_7,Anorganik,1417.3
21/03/2025,Lokasi_14,Anorganik,614.69
30/04/2023,Lokasi_15,Organik,571.24
12/07/2024,Lokasi_15,Organik,1351.93
29/04/2021,Lokasi_6,Organik,1274.86
06/09/2025,Lokasi_14,Organik,763.73
14/12/2021,Lokasi_2,Organik,824.23
28/11/2022,Lokasi_8,Anorganik,810.28
30/05/2025,Lokasi_13,Organik,1147.81
20/07/2023,Lokasi_6,Organik,561.21
08/06/2023,Lokasi_5,Organik,989.4
03/11/2025,Lokasi_5,Anorganik,633.87
05/05/2020,Lokasi_1,Organik,1319.74
20/06/2021,Lokasi_9,Organik,880.66
03/09/2025,Lokasi_6,Anorganik,1027.57
22/05/2024,Lokasi_20,Organik,529.32
07/03/2020,Lokasi_7,Organik,558.26
20/08/2020,Lokasi_9,Organik,1175.05
26/11/2025,Lokasi_5,Anorganik,1266.77
15/03/2023,Lokasi_14,Anorganik,1210.04
28/11/2025,Lokasi_5,Organik,1237.02
20/04/2020,Lokasi_8,Organik,604.62
02/02/2024,Lokasi_7,Organik,1193.45
12/09/2025,Lokasi_13,Organik,681.75
14/09/2021,Lokasi_13,Anorganik,598.02
21/03/2024,Lokasi_8,Organik,1257.16
29/07/2023,Lokasi_11,B3,1389.41
27/10/2024,Lokasi_18,Organik,1216.71
29/05/2025,Lokasi_19,B3,1305.57
26/05/2022,Lokasi_6,Organik,1491.09
12/06/2025,Lokasi_2,Organik,634.76
05/08/2023,Lokasi_13,Anorganik,1465.15
31/12/2023,Lokasi_11,Anorganik,1101.2
29/09/2024,Lokasi_1,Anorganik,1313.25
24/05/2024,Lokasi_2,Organik,1150.17
06/03/2024,Lokasi_17,Anorganik,1070.04
18/06/2024,Lokasi_8,Organik,1203.62
06/03/2023,Lokasi_2,B3,820.26
28/01/2022,Lokasi_6,Organik,1424.27
30/08/2020,Lokasi_5,Anorganik,615.29
29/11/2022,Lokasi_16,B3,818.03
16/08/2020,Lokasi_8,Organik,531.16
08/07/2022,Lokasi_19,Organik,771.32
31/05/2023,Lokasi_16,Organik,718.21
06/01/2020,Lokasi_13,B3,549.63
12/04/2021,Lokasi_20,Organik,991.77
21/10/2024,Lokasi_7,Organik,968.64
15/03/2020,Lokasi_16,Organik,577.75
04/01/2020,Lokasi_16,Organik,761.85
13/02/2025,Lokasi_12,Organik,1453.32
07/10/2021,Lokasi_14,Organik,610.74
27/04/2020,Lokasi_18,Organik,805.02
17/06/2024,Lokasi_18,Organik,535.86
14/07/2025,Lokasi_16,Anorganik,648.89
04/08/2022,Lokasi_20,Organik,1199.4
04/01/2024,Lokasi_16,Organik,866.72
12/07/2020,Lokasi_13,Organik,952.08
26/04/2022,Lokasi_9,Anorganik,656.98
16/11/2023,Lokasi_9,Organik,1182.14
29/12/2023,Lokasi_13,B3,1251.52
26/07/2024,Lokasi_4,Organik,681.11
04/12/2023,Lokasi_9,Organik,544.99
15/02/2023,Lokasi_15,Organik,580.94
15/12/2024,Lokasi_14,B3,1157.05
24/12/2021,Lokasi_19,Organik,635.51
12/08/2020,Lokasi_12,Anorganik,993.92
15/06/2021,Lokasi_6,Organik,652.64
22/04/2020,Lokasi_3,Organik,670.15
27/12/2025,Lokasi_20,Anorganik,504.36
12/07/2021,Lokasi_16,Organik,820.82
10/08/2025,Lokasi_20,Anorganik,589.8
07/11/2025,Lokasi_17,Organik,893.96
15/10/2021,Lokasi_16,Organik,1097.78
15/11/2020,Lokasi_6,Organik,867.53
22/04/2024,Lokasi_8,Organik,1205.08
02/01/2025,Lokasi_19,Organik,1241.45
01/04/2025,Lokasi_2,B3,1196.61
18/05/2020,Lokasi_14,Organik,1436.71
19/07/2025,Lokasi_12,Organik,737.29
20/06/2022,Lokasi_17,Anorganik,689.46
20/11/2021,Lokasi_15,Organik,1109.71
01/08/2025,Lokasi_18,Anorganik,1094.88
10/01/2020,Lokasi_16,B3,1010.1
17/09/2020,Lokasi_13,Anorganik,504.35
26/04/2025,Lokasi_17,Anorganik,1055.24
31/07/2024,Lokasi_8,Anorganik,1432.8
22/08/2025,Lokasi_1,Anorganik,834.58
06/04/2023,Lokasi_3,Organik,1467.6
07/06/2024,Lokasi_16,Organik,856.76
16/11/2020,Lokasi_2,B3,639.85
04/09/2023,Lokasi_15,Anorganik,898.4
24/06/2024,Lokasi_1,Anorganik,994.61
17/06/2025,Lokasi_9,Organik,1129.46
27/04/2025,Lokasi_16,Anorganik,1004.88
31/07/2025,Lokasi_4,Organik,1036.72
23/01/2023,Lokasi_12,Organik,524.07
23/05/2024,Lokasi_1,Organik,753.62
23/08/2020,Lokasi_1,Anorganik,810.7
23/05/2025,Lokasi_7,Anorganik,1487.09
29/11/2020,Lokasi_18,Organik,795.57
23/03/2025,Lokasi_15,Organik,1396.58
10/01/2021,Lokasi_13,B3,804.74
06/03/2023,Lokasi_16,Organik,596.11
19/04/2024,Lokasi_7,Organik,747.62
12/08/2023,Lokasi_16,B3,772.83
29/01/2025,Lokasi_13,Anorganik,1478.25
04/10/2023,Lokasi_14,Organik,1174.29
22/05/2022,Lokasi_17,Anorganik,1431.68
06/06/2023,Lokasi_12,Organik,1335
25/01/2025,Lokasi_20,Organik,1078.6
07/08/2023,Lokasi_13,Organik,1175.39
25/12/2021,Lokasi_20,Anorganik,1124.84
14/08/2025,Lokasi_15,Organik,1166.26
18/03/2020,Lokasi_4,Organik,764.77
11/05/2020,Lokasi_2,B3,908.13
23/08/2021,Lokasi_18,Organik,1092.62
07/11/2024,Lokasi_2,Anorganik,535.93
01/12/2022,Lokasi_15,Organik,982.83
06/11/2025,Lokasi_19,Organik,1359.73
06/02/2025,Lokasi_15,Anorganik,992.37
11/08/2023,Lokasi_20,Anorganik,1052.32
07/09/2021,Lokasi_10,Organik,701.91
03/03/2025,Lokasi_20,Organik,1294.34
12/11/2022,Lokasi_11,Anorganik,858.88
28/07/2021,Lokasi_10,B3,1456.59
30/12/2025,Lokasi_5,Organik,1493.71
19/09/2022,Lokasi_9,B3,1416
02/06/2023,Lokasi_20,Organik,584.88
17/05/2021,Lokasi_19,Organik,833.18
20/06/2025,Lokasi_13,Anorganik,1445.14
31/03/2022,Lokasi_18,Organik,1304.53
21/11/2025,Lokasi_17,Organik,1411.18
24/05/2025,Lokasi_6,Organik,1072.55
16/07/2020,Lokasi_10,Anorganik,980.4
27/07/2024,Lokasi_2,Organik,606.5
17/04/2023,Lokasi_6,Organik,1339.47
11/01/2024,Lokasi_13,Anorganik,1245.14
04/07/2024,Lokasi_18,Anorganik,558.88
19/08/2024,Lokasi_7,Anorganik,709.41
05/08/2023,Lokasi_2,Organik,1057.28
28/07/2025,Lokasi_14,Organik,1184.4
22/04/2021,Lokasi_5,Anorganik,637.67
08/06/2023,Lokasi_18,Anorganik,744.82
11/07/2022,Lokasi_11,Organik,693.11
23/02/2021,Lokasi_10,Anorganik,720
25/01/2023,Lokasi_11,Organik,1420.71
08/08/2022,Lokasi_2,Organik,1215.82
01/07/2023,Lokasi_15,Organik,1237.11
31/01/2025,Lokasi_7,Organik,1294
31/05/2021,Lokasi_9,Anorganik,856.57
16/07/2024,Lokasi_5,Anorganik,1267.18
08/02/2025,Lokasi_7,Organik,1478.41
15/02/2023,Lokasi_20,B3,1198.39
16/04/2025,Lokasi_2,Organik,916.75
25/03/2022,Lokasi_3,Anorganik,1216.36
15/03/2025,Lokasi_2,Organik,1400.79
24/08/2025,Lokasi_19,Organik,628.76
25/09/2025,Lokasi_4,Organik,765.29
09/05/2020,Lokasi_20,Organik,1419.3
04/04/2020,Lokasi_7,Anorganik,1446.23
09/05/2025,Lokasi_7,Organik,984.14
04/03/2022,Lokasi_17,Organik,874.55
08/01/2025,Lokasi_19,Organik,782.78
17/10/2025,Lokasi_16,Organik,998.75
10/08/2024,Lokasi_3,Organik,1434.53
11/01/2020,Lokasi_15,Organik,649.81
08/02/2025,Lokasi_14,B3,919.83
12/12/2021,Lokasi_15,Anorganik,1411.61
01/09/2025,Lokasi_14,Organik,849.12
25/03/2022,Lokasi_7,B3,1268.08
11/12/2020,Lokasi_3,Anorganik,889.26
28/12/2020,Lokasi_17,Organik,1304.93
28/12/2025,Lokasi_10,Anorganik,1481
11/09/2022,Lokasi_15,Anorganik,887.82
27/06/2024,Lokasi_6,B3,1345.1
07/04/2022,Lokasi_17,Organik,1488.42
21/12/2020,Lokasi_17,Organik,1483.83
09/09/2023,Lokasi_14,Anorganik,933.77
06/02/2025,Lokasi_18,Anorganik,985.76
06/05/2020,Lokasi_5,Organik,803.4
26/08/2021,Lokasi_8,Organik,814.02
12/04/2025,Lokasi_7,Anorganik,992.47
10/10/2022,Lokasi_4,B3,700.52
20/02/2020,Lokasi_18,Organik,1211.12
01/12/2023,Lokasi_5,Organik,1036.31
27/11/2024,Lokasi_16,Organik,1398.07
24/06/2024,Lokasi_14,Anorganik,1310.58
03/07/2024,Lokasi_19,Organik,822.47
20/04/2023,Lokasi_14,Organik,1005.8
28/01/2025,Lokasi_9,Anorganik,1250.51
20/07/2021,Lokasi_6,Organik,693.2
24/07/2022,Lokasi_17,Anorganik,531.6
18/04/2025,Lokasi_19,Organik,1352.3
25/08/2023,Lokasi_12,Anorganik,637.55
20/07/2020,Lokasi_4,B3,1389.41
26/04/2020,Lokasi_16,Organik,1413.61
25/07/2022,Lokasi_11,Anorganik,960.7
28/07/2021,Lokasi_4,B3,1306.78
20/06/2021,Lokasi_17,Organik,863.19
13/06/2024,Lokasi_8,Organik,1358.26
23/10/2025,Lokasi_14,Organik,1324.68
20/01/2021,Lokasi_2,Anorganik,578.52
19/04/2021,Lokasi_11,Anorganik,1082.6
21/02/2021,Lokasi_11,Anorganik,1140
27/07/2022,Lokasi_6,Organik,500.86
12/08/2022,Lokasi_14,Anorganik,1479.92
25/05/2022,Lokasi_10,Organik,906.57
01/02/2022,Lokasi_8,Anorganik,1017.34
17/04/2023,Lokasi_7,Organik,694.8
20/04/2023,Lokasi_8,Anorganik,1110.92
25/10/2021,Lokasi_8,Anorganik,1310.62
25/01/2020,Lokasi_2,Anorganik,1085.89
13/06/2025,Lokasi_16,Organik,1288.04
18/04/2023,Lokasi_9,Organik,1231.11
10/12/2021,Lokasi_13,Anorganik,737.66
22/02/2025,Lokasi_12,Organik,935.81
30/03/2023,Lokasi_17,Organik,648.63
11/10/2020,Lokasi_2,B3,541.94
03/03/2020,Lokasi_13,Organik,563.07
29/09/2022,Lokasi_1,Anorganik,1442.5
23/10/2021,Lokasi_19,Anorganik,1484.54
01/02/2024,Lokasi_11,Anorganik,594.98
24/08/2022,Lokasi_5,Organik,835.19
28/04/2022,Lokasi_1,Organik,614.42
12/01/2023,Lokasi_20,Organik,1334.23
19/11/2021,Lokasi_13,Anorganik,996.3
27/05/2020,Lokasi_8,Anorganik,1121.26
07/12/2020,Lokasi_6,B3,1039.91
22/12/2022,Lokasi_17,B3,1210.25
20/09/2024,Lokasi_12,Organik,819.13
15/10/2023,Lokasi_1,Anorganik,637.49
22/11/2020,Lokasi_3,B3,517.62
27/11/2024,Lokasi_14,Anorganik,945.69
25/10/2024,Lokasi_8,Organik,1407.83
16/09/2022,Lokasi_11,Anorganik,805.27
09/08/2022,Lokasi_14,Organik,695.96
23/12/2021,Lokasi_8,Organik,1426.04
10/09/2025,Lokasi_3,Organik,605.45
04/03/2021,Lokasi_7,Organik,551.8
09/02/2024,Lokasi_19,B3,1379.41
12/10/2020,Lokasi_4,Organik,1200.91
27/08/2025,Lokasi_16,Organik,922.07
07/02/2022,Lokasi_13,Anorganik,1252.34
26/10/2023,Lokasi_20,Anorganik,1241.44
12/07/2020,Lokasi_19,Organik,540.06
14/09/2022,Lokasi_5,Organik,1176.25
10/02/2023,Lokasi_5,Anorganik,1140.87
01/12/2025,Lokasi_20,Anorganik,1463.78
28/08/2024,Lokasi_4,Anorganik,1466.62
04/08/2022,Lokasi_2,Organik,877.8
10/04/2022,Lokasi_13,Anorganik,1089.84
04/04/2025,Lokasi_16,Anorganik,641.36
24/02/2020,Lokasi_2,Anorganik,566.46
10/03/2022,Lokasi_19,Anorganik,932.78
16/02/2022,Lokasi_17,Organik,1189.88
21/01/2024,Lokasi_5,B3,1067.76
16/03/2025,Lokasi_18,Anorganik,929.66
04/11/2025,Lokasi_18,Anorganik,1318.11
24/02/2020,Lokasi_8,Organik,1294.43
28/12/2024,Lokasi_15,Organik,1231.94
16/04/2023,Lokasi_13,Anorganik,577.03
12/04/2022,Lokasi_13,Anorganik,1296.47
08/11/2020,Lokasi_16,B3,1419.42
01/02/2025,Lokasi_20,Organik,559.44
30/06/2025,Lokasi_13,B3,901.67
29/06/2025,Lokasi_20,Anorganik,1488.36
25/11/2024,Lokasi_2,Organik,1099.24
23/11/2020,Lokasi_3,Organik,1013.58
11/07/2023,Lokasi_15,Organik,677.45
13/11/2025,Lokasi_19,B3,1065.49
16/01/2023,Lokasi_13,Anorganik,939.04
04/08/2023,Lokasi_5,Organik,627.44
27/03/2021,Lokasi_6,Anorganik,964.33
03/03/2024,Lokasi_14,Organik,664.4
13/06/2020,Lokasi_4,Organik,1230.66
30/06/2020,Lokasi_19,Organik,1473.65
28/06/2022,Lokasi_7,Anorganik,969.58
02/04/2022,Lokasi_4,Anorganik,1132.37
01/08/2022,Lokasi_2,Anorganik,930.98
24/06/2025,Lokasi_7,Anorganik,638.45
16/08/2025,Lokasi_3,Anorganik,1470.56
25/11/2020,Lokasi_15,B3,629.58
13/02/2022,Lokasi_1,Organik,611.63
26/05/2020,Lokasi_2,Organik,959.17
03/07/2022,Lokasi_10,Organik,1158.89
20/04/2024,Lokasi_16,Organik,854.92
01/08/2023,Lokasi_15,Organik,692.52
22/03/2020,Lokasi_15,Anorganik,1318.96
28/05/2021,Lokasi_14,Anorganik,863.1
04/04/2025,Lokasi_14,Organik,694.32
23/04/2025,Lokasi_6,Organik,865.08
15/01/2022,Lokasi_14,Organik,714.55
10/11/2023,Lokasi_17,Organik,1019.45
07/12/2021,Lokasi_18,Organik,1168.29
15/04/2021,Lokasi_20,Organik,1299.56
30/01/2021,Lokasi_19,B3,727.56
04/04/2024,Lokasi_17,Organik,666.95
15/03/2022,Lokasi_16,Anorganik,519.6
22/07/2022,Lokasi_8,Anorganik,728.09
03/07/2023,Lokasi_7,Organik,523.91
23/10/2024,Lokasi_20,Organik,845.47
23/06/2022,Lokasi_12,Organik,645.69
12/12/2022,Lokasi_9,Anorganik,1079.9
05/03/2025,Lokasi_14,Organik,883.73
03/03/2024,Lokasi_20,Anorganik,593.59
19/10/2023,Lokasi_1,B3,899.87
27/07/2023,Lokasi_10,Organik,709.35
15/08/2021,Lokasi_17,Anorganik,1180.18
07/10/2025,Lokasi_17,Anorganik,864.44
07/05/2020,Lokasi_17,Anorganik,647.03
05/01/2022,Lokasi_4,Anorganik,849.6
04/06/2021,Lokasi_17,Organik,724.38
24/08/2020,Lokasi_18,Anorganik,1295.78
28/07/2023,Lokasi_20,Organik,1483.37
16/11/2024,Lokasi_2,Anorganik,525.49
25/07/2023,Lokasi_8,Anorganik,1190.02
13/08/2025,Lokasi_13,Organik,763.96
17/03/2021,Lokasi_20,Organik,566.41
07/09/2025,Lokasi_15,Organik,514.35
15/03/2022,Lokasi_20,Anorganik,1381.01
15/03/2020,Lokasi_9,Anorganik,853.61
15/12/2025,Lokasi_3,Anorganik,1494.54
20/09/2025,Lokasi_3,Organik,942.38
11/10/2023,Lokasi_2,Anorganik,687.6
10/02/2020,Lokasi_1,Organik,1277.14
12/09/2025,Lokasi_14,Organik,1426.49
27/08/2024,Lokasi_17,Anorganik,1315.62
02/11/2023,Lokasi_13,B3,1245.2
10/08/2021,Lokasi_19,Anorganik,834.7
10/06/2024,Lokasi_15,Organik,564.49
07/12/2020,Lokasi_14,Organik,701.3
05/09/2025,Lokasi_2,Anorganik,946.81
07/10/2021,Lokasi_7,B3,1456.2
31/12/2021,Lokasi_17,Organik,1222.85
16/06/2020,Lokasi_18,Anorganik,1328.28
01/09/2021,Lokasi_6,Organik,777.29
07/11/2024,Lokasi_8,B3,1183.82
02/08/2025,Lokasi_2,Organik,1362.44
30/03/2021,Lokasi_1,Anorganik,979.41
04/09/2024,Lokasi_16,Organik,929.89
02/12/2021,Lokasi_7,Anorganik,1219.4
18/05/2024,Lokasi_11,Organik,1059.91
09/05/2020,Lokasi_15,Organik,1493.17
19/01/2025,Lokasi_13,Anorganik,925.1
18/10/2023,Lokasi_2,Organik,675.94
23/11/2021,Lokasi_14,B3,971.94
26/10/2023,Lokasi_6,Organik,735.2
04/03/2022,Lokasi_9,Organik,1061.25
29/01/2020,Lokasi_7,Anorganik,625.8
28/05/2020,Lokasi_18,B3,1449.98
12/08/2023,Lokasi_9,Anorganik,1359.82
20/08/2025,Lokasi_4,Organik,655.57
10/02/2023,Lokasi_9,Organik,672.39
05/07/2020,Lokasi_4,Organik,1012.44
04/06/2023,Lokasi_12,Anorganik,1272.88
26/08/2023,Lokasi_4,Organik,719.08
07/04/2020,Lokasi_20,Organik,560.97
24/02/2020,Lokasi_14,Anorganik,1045.53
27/01/2022,Lokasi_7,Organik,1191.6
09/02/2021,Lokasi_13,Anorganik,744.37
17/10/2025,Lokasi_8,Anorganik,1239.77
05/08/2023,Lokasi_5,Anorganik,1450.64
20/11/2024,Lokasi_12,Anorganik,637.07
20/01/2022,Lokasi_13,Organik,1011.03
28/10/2024,Lokasi_20,Organik,556.84
30/12/2020,Lokasi_14,Organik,706.66
19/07/2025,Lokasi_18,Anorganik,589.82
26/04/2021,Lokasi_20,Anorganik,904.01
02/06/2020,Lokasi_4,Organik,1320.83
04/03/2024,Lokasi_18,Anorganik,1077.13
21/10/2025,Lokasi_7,Organik,722.58
06/11/2022,Lokasi_15,B3,540.11
22/07/2024,Lokasi_6,Organik,1053.4
25/05/2023,Lokasi_16,Organik,632.8
01/03/2020,Lokasi_20,Organik,842.73
27/07/2022,Lokasi_8,B3,1010.19
27/06/2024,Lokasi_16,Organik,1403.73
20/09/2025,Lokasi_16,Organik,581.82
25/01/2020,Lokasi_3,Organik,1168.61
28/11/2022,Lokasi_17,Organik,514.08
10/05/2020,Lokasi_9,Organik,1129.91
06/06/2023,Lokasi_3,Organik,1051.53
17/04/2020,Lokasi_20,Organik,1311.87
20/06/2020,Lokasi_7,Organik,1031.66
29/12/2023,Lokasi_18,Organik,852.62
11/04/2020,Lokasi_12,Organik,742.75
24/06/2024,Lokasi_19,Anorganik,585.25
06/11/2022,Lokasi_16,Organik,1034.61
25/11/2020,Lokasi_17,Anorganik,1388.32
29/02/2024,Lokasi_20,Organik,1014.74
12/01/2020,Lokasi_15,Organik,1239.1
03/09/2023,Lokasi_1,Organik,798.43
03/08/2020,Lokasi_2,Anorganik,948.13
04/12/2020,Lokasi_8,Anorganik,824.6
04/12/2024,Lokasi_2,B3,609.27
16/10/2024,Lokasi_19,Anorganik,916.99
17/02/2024,Lokasi_9,Anorganik,1264.29
10/12/2021,Lokasi_9,Organik,894.97
08/05/2023,Lokasi_13,Organik,1150.18
17/01/2023,Lokasi_6,Organik,1258.62
15/07/2023,Lokasi_15,Organik,822.74
03/05/2021,Lokasi_19,Organik,1297.51
10/04/2024,Lokasi_15,B3,838.93
16/02/2020,Lokasi_18,Organik,756.11
16/02/2022,Lokasi_7,Anorganik,722.45
05/11/2022,Lokasi_11,Organik,699.9
11/12/2021,Lokasi_8,Organik,1237.12
04/02/2021,Lokasi_6,Organik,1387.51
22/12/2024,Lokasi_8,Anorganik,730.65
06/09/2020,Lokasi_2,Organik,585.24
25/01/2021,Lokasi_19,Organik,813.77
30/11/2020,Lokasi_16,Organik,1157.85
20/09/2021,Lokasi_7,Organik,868.52
16/05/2020,Lokasi_10,Organik,1049.18
01/03/2024,Lokasi_12,Anorganik,1244.3
06/04/2022,Lokasi_17,Organik,908.48
27/12/2021,Lokasi_7,Anorganik,1499.69
09/02/2024,Lokasi_8,Organik,797.95
16/09/2022,Lokasi_7,Organik,1478.25
23/07/2022,Lokasi_4,Organik,703.03
05/02/2021,Lokasi_3,Anorganik,610.93
06/01/2024,Lokasi_19,Anorganik,1250.83
06/09/2021,Lokasi_15,Organik,1202.31
20/07/2023,Lokasi_4,Anorganik,1311.17
28/03/2023,Lokasi_9,Anorganik,843.59
26/01/2023,Lokasi_13,Organik,1430.81
10/05/2020,Lokasi_18,Organik,619.48
09/04/2023,Lokasi_16,Organik,530.28
01/07/2020,Lokasi_1,B3,800.56
29/12/2020,Lokasi_4,Anorganik,1297.32
08/02/2020,Lokasi_18,Anorganik,1172.98
04/10/2023,Lokasi_8,Organik,936.21
09/07/2022,Lokasi_20,Organik,756.25
16/01/2020,Lokasi_16,Anorganik,559.27
07/05/2021,Lokasi_11,Organik,837.51
20/12/2023,Lokasi_20,Organik,960.02
05/02/2023,Lokasi_19,Organik,1187.02
06/11/2020,Lokasi_19,Anorganik,1145.97
08/01/2022,Lokasi_18,B3,1447.34
29/06/2021,Lokasi_19,Organik,600.4
07/09/2020,Lokasi_11,Anorganik,836.34
28/01/2022,Lokasi_3,Anorganik,981.58
09/12/2024,Lokasi_8,Anorganik,1170.7
21/07/2023,Lokasi_20,Organik,995.45
19/06/2024,Lokasi_19,Organik,1412.76
29/03/2025,Lokasi_10,Anorganik,1108.67
24/03/2022,Lokasi_16,Organik,539.67
29/01/2020,Lokasi_5,Organik,613.66
15/08/2022,Lokasi_20,Anorganik,1253.5
25/07/2025,Lokasi_9,Organik,1215.79
21/04/2021,Lokasi_8,Anorganik,653.5
13/11/2020,Lokasi_11,Anorganik,558.91
01/09/2020,Lokasi_16,Organik,1078.72
17/01/2022,Lokasi_7,Anorganik,1135.74
27/11/2021,Lokasi_15,Organik,635.3
28/09/2020,Lokasi_20,B3,973.62
06/11/2024,Lokasi_17,Anorganik,805.83
16/06/2023,Lokasi_6,Anorganik,1431.31
22/09/2020,Lokasi_15,Organik,719.2
09/07/2022,Lokasi_8,Anorganik,1233.26
05/12/2020,Lokasi_7,Anorganik,1018.13
23/01/2021,Lokasi_2,Organik,511.52
12/08/2025,Lokasi_13,B3,1017
11/03/2023,Lokasi_6,Anorganik,599.47
10/01/2021,Lokasi_5,B3,1159.06
26/07/2025,Lokasi_20,Organik,1065.52
25/05/2020,Lokasi_1,Organik,510.43
04/06/2025,Lokasi_18,Organik,704.69
19/10/2020,Lokasi_15,Anorganik,1276.23
07/03/2021,Lokasi_10,Anorganik,775.77
05/12/2021,Lokasi_3,Anorganik,999.28
21/06/2025,Lokasi_5,Anorganik,812
02/02/2021,Lokasi_13,B3,1421.53
21/08/2022,Lokasi_8,Organik,1036.58
03/08/2025,Lokasi_2,Organik,1196.17
02/01/2025,Lokasi_9,Organik,583.48
09/10/2025,Lokasi_17,B3,540.34
27/07/2022,Lokasi_18,B3,759.23
10/12/2021,Lokasi_13,Organik,809.13
17/03/2022,Lokasi_1,Anorganik,1187.68
03/01/2024,Lokasi_12,Anorganik,1069.13
18/08/2023,Lokasi_20,Anorganik,874.58
11/01/2020,Lokasi_20,Anorganik,1154.12
21/12/2022,Lokasi_5,Anorganik,663.57
11/02/2025,Lokasi_8,B3,563.49
10/02/2022,Lokasi_15,B3,1354.51
13/05/2024,Lokasi_3,Organik,1063.95
26/05/2024,Lokasi_6,Organik,1149.1
26/08/2023,Lokasi_13,Organik,807.24
03/06/2022,Lokasi_12,Anorganik,871.95
21/10/2023,Lokasi_19,B3,582.37
13/08/2020,Lokasi_18,Anorganik,1356.99
04/04/2022,Lokasi_1,Organik,1092.44
25/07/2022,Lokasi_7,Anorganik,583.63
26/03/2025,Lokasi_12,Organik,1304.53
01/12/2024,Lokasi_10,Organik,944.12
23/02/2020,Lokasi_12,Organik,1265.1
27/12/2021,Lokasi_11,Anorganik,512.62
24/03/2024,Lokasi_4,Organik,528.74
09/11/2022,Lokasi_19,Organik,670.78
28/03/2025,Lokasi_6,Anorganik,710.92
11/11/2024,Lokasi_9,Organik,1263.96
15/05/2024,Lokasi_20,Organik,1206.69
29/03/2025,Lokasi_10,Organik,1116.09
29/04/2022,Lokasi_5,Anorganik,1384.86
10/10/2025,Lokasi_13,Organik,747.15
03/01/2020,Lokasi_9,Anorganik,1404.4
08/06/2020,Lokasi_2,Anorganik,1409.47
19/02/2022,Lokasi_18,Anorganik,934.26
11/06/2022,Lokasi_1,Anorganik,594.39
23/07/2025,Lokasi_12,Organik,1226.56
02/08/2021,Lokasi_10,Anorganik,836.93
17/04/2025,Lokasi_2,Organik,1294.93
12/10/2023,Lokasi_9,Organik,663.69
14/07/2023,Lokasi_2,Organik,1039.52
28/06/2024,Lokasi_14,Anorganik,1008.07
09/08/2022,Lokasi_11,Organik,600.31
14/09/2022,Lokasi_11,Organik,863.33
03/05/2023,Lokasi_17,Anorganik,584.76
09/07/2022,Lokasi_4,Organik,964.74
17/09/2023,Lokasi_13,Anorganik,1342.9
18/06/2020,Lokasi_7,Anorganik,770.2
04/06/2021,Lokasi_16,B3,1264.86
26/01/2024,Lokasi_1,Anorganik,683.43
09/02/2020,Lokasi_13,Organik,1173.73
09/04/2024,Lokasi_1,Anorganik,1415.54
19/11/2023,Lokasi_11,B3,823.93
12/08/2022,Lokasi_6,Anorganik,1400.41
10/09/2022,Lokasi_20,Anorganik,1005.42
01/09/2022,Lokasi_3,Organik,816.81
07/02/2020,Lokasi_12,Organik,1396.51
28/06/2023,Lokasi_5,Organik,532.04
14/04/2023,Lokasi_9,Organik,528.02
13/06/2024,Lokasi_12,Anorganik,1099.83
02/07/2022,Lokasi_10,Organik,1296.75
29/03/2021,Lokasi_19,Organik,1251.55
06/02/2020,Lokasi_5,Organik,579.47
07/09/2024,Lokasi_5,Anorganik,1450.25
06/03/2022,Lokasi_9,Organik,1203.06
30/08/2022,Lokasi_20,B3,1449.11
15/08/2021,Lokasi_17,Organik,829.1
11/02/2023,Lokasi_10,Anorganik,1193.94
17/08/2023,Lokasi_1,Organik,1359.94
13/11/2020,Lokasi_16,Organik,880.46
02/12/2025,Lokasi_15,Anorganik,1464.86
08/09/2023,Lokasi_17,Organik,764.99
10/05/2024,Lokasi_20,Organik,815.61
04/03/2025,Lokasi_13,Anorganik,1420.33
18/09/2025,Lokasi_1,Anorganik,1469.66
19/06/2025,Lokasi_8,Anorganik,785.2
07/11/2024,Lokasi_5,Anorganik,636.39
05/08/2023,Lokasi_6,Anorganik,1259.06
09/07/2023,Lokasi_20,Anorganik,1429.67
03/08/2020,Lokasi_14,Anorganik,1100.71
09/11/2025,Lokasi_11,Organik,1134.52
31/08/2024,Lokasi_6,Organik,1262.94
28/12/2020,Lokasi_11,Organik,653.08
12/09/2024,Lokasi_13,Organik,1473.47
08/04/2023,Lokasi_12,Anorganik,864.33
21/12/2020,Lokasi_2,Organik,1128.24
09/07/2020,Lokasi_3,Anorganik,968.62
30/11/2021,Lokasi_4,Organik,968.18
16/08/2025,Lokasi_17,Anorganik,1202.74
20/12/2025,Lokasi_6,Anorganik,1494.66
10/07/2021,Lokasi_7,Anorganik,1159.06
05/04/2022,Lokasi_15,B3,1294.06
20/11/2022,Lokasi_11,Anorganik,527.62
01/03/2021,Lokasi_3,Anorganik,1310.43
23/04/2024,Lokasi_6,Anorganik,799.98
30/10/2025,Lokasi_2,Organik,626.7
11/08/2021,Lokasi_14,Organik,613.33
05/07/2025,Lokasi_9,Organik,1179.87
27/03/2024,Lokasi_18,Organik,1497.62
21/10/2020,Lokasi_19,Organik,1166.2
08/06/2025,Lokasi_12,Anorganik,762.35
01/06/2023,Lokasi_13,Anorganik,703.31
28/03/2024,Lokasi_12,Organik,1025.96
17/08/2024,Lokasi_12,Organik,565.04
10/02/2023,Lokasi_18,B3,899.33
10/06/2023,Lokasi_9,Organik,1166.23
26/08/2025,Lokasi_17,Organik,1467.66
25/12/2020,Lokasi_16,Organik,925.65
30/11/2021,Lokasi_17,Organik,700.22
23/03/2021,Lokasi_8,Anorganik,1317.36
05/11/2021,Lokasi_11,Anorganik,1244.2
04/10/2022,Lokasi_2,Organik,1359.7
11/09/2023,Lokasi_8,Anorganik,714.72
08/08/2021,Lokasi_12,Anorganik,904.83
10/06/2023,Lokasi_1,B3,1481.55
01/06/2023,Lokasi_13,Organik,658.04
20/09/2022,Lokasi_17,Organik,1171.45
06/12/2023,Lokasi_14,Organik,737.18
25/07/2021,Lokasi_14,Anorganik,1000.16
30/05/2023,Lokasi_16,Organik,1300.51
15/09/2025,Lokasi_17,Organik,988.59
15/09/2022,Lokasi_6,Organik,1305.48
04/10/2020,Lokasi_7,B3,926.33
04/05/2023,Lokasi_1,Anorganik,1499.35
02/03/2025,Lokasi_15,Anorganik,935.83
28/04/2021,Lokasi_20,Organik,649.38
19/06/2023,Lokasi_18,Organik,901.87
31/12/2021,Lokasi_13,Anorganik,1242.59
06/11/2022,Lokasi_2,Organik,1347.94
06/07/2022,Lokasi_19,B3,960.1
04/06/2022,Lokasi_15,B3,1094.48
22/01/2020,Lokasi_12,Organik,1344.89
18/04/2021,Lokasi_15,B3,1313.55
04/12/2021,Lokasi_18,B3,1157.72
17/11/2021,Lokasi_14,Organik,1315.03
11/10/2020,Lokasi_6,Anorganik,1075.91
16/12/2021,Lokasi_12,Anorganik,504.65
01/02/2022,Lokasi_20,Anorganik,541.27
04/06/2023,Lokasi_6,Organik,1479.81
05/08/2022,Lokasi_9,Organik,644.99
27/10/2022,Lokasi_4,Organik,904.52
29/01/2020,Lokasi_17,Anorganik,1433.81
25/06/2022,Lokasi_2,Anorganik,695.04
27/10/2025,Lokasi_16,Anorganik,1343.79
23/07/2021,Lokasi_14,Anorganik,1318.27
29/06/2025,Lokasi_8,Anorganik,1486.33
24/12/2023,Lokasi_14,Anorganik,781.68
07/01/2022,Lokasi_2,Anorganik,815.33
30/05/2021,Lokasi_16,Organik,1402.88
23/06/2025,Lokasi_4,Anorganik,734.08
08/02/2020,Lokasi_1,Organik,1047.9
05/06/2022,Lokasi_20,Organik,1207.34
03/01/2023,Lokasi_14,Anorganik,771.88
28/12/2024,Lokasi_8,Organik,1438.41
06/09/2024,Lokasi_3,Anorganik,1165.7
31/08/2022,Lokasi_5,Anorganik,547.14
11/04/2024,Lokasi_6,B3,635.74
15/09/2022,Lokasi_8,Organik,690.78
21/01/2020,Lokasi_6,Organik,744.96
18/05/2022,Lokasi_6,Organik,1230.68
24/03/2020,Lokasi_4,B3,588.94
09/08/2024,Lokasi_7,Anorganik,850.59
30/05/2025,Lokasi_19,Organik,1411.38
11/11/2023,Lokasi_7,Organik,1056.67
10/03/2024,Lokasi_3,Anorganik,765.5
23/07/2021,Lokasi_8,Organik,1457.06
22/07/2022,Lokasi_1,Anorganik,744.32
03/06/2025,Lokasi_1,Organik,1405.1
29/01/2025,Lokasi_14,Organik,1225.77
03/03/2022,Lokasi_6,Anorganik,1240.52
02/03/2022,Lokasi_10,Organik,1264.94
14/12/2024,Lokasi_14,Organik,1006.57
18/07/2023,Lokasi_4,B3,1314.58
26/05/2024,Lokasi_6,Anorganik,1336.19
19/12/2022,Lokasi_16,Anorganik,860.49
11/09/2022,Lokasi_1,Organik,900.34
07/08/2024,Lokasi_6,Anorganik,1388.76
03/06/2021,Lokasi_9,Organik,1024.73
13/08/2021,Lokasi_15,Organik,1366.94
16/11/2022,Lokasi_12,Anorganik,1126.77
05/09/2024,Lokasi_3,Anorganik,1093.57
28/07/2025,Lokasi_11,Organik,530.98
14/12/2020,Lokasi_15,Anorganik,777.89
17/08/2022,Lokasi_3,Organik,1002.06
17/05/2025,Lokasi_14,Anorganik,1087.32
23/11/2021,Lokasi_2,Anorganik,1130.43
08/04/2024,Lokasi_4,Organik,1216.22
12/01/2021,Lokasi_19,Organik,1156.23
10/06/2021,Lokasi_12,Organik,1348.58
13/06/2023,Lokasi_2,Anorganik,795.47
18/02/2025,Lokasi_17,Organik,1141.57
29/10/2024,Lokasi_3,B3,551.16
04/06/2021,Lokasi_10,Organik,980.19
28/08/2024,Lokasi_16,Organik,768.03
13/10/2022,Lokasi_9,Anorganik,880.89
10/10/2022,Lokasi_11,Organik,854.66
26/04/2020,Lokasi_15,Organik,560.43
29/09/2023,Lokasi_3,Organik,966.65
06/08/2021,Lokasi_16,Organik,1494.63
29/01/2021,Lokasi_12,B3,798.94
23/12/2022,Lokasi_5,Anorganik,1236.15
12/03/2020,Lokasi_7,Organik,1047.79
30/09/2020,Lokasi_9,Anorganik,825.23
06/07/2025,Lokasi_18,Organik,589.61
05/09/2023,Lokasi_8,Anorganik,715.86
03/12/2020,Lokasi_12,B3,1281.85
21/10/2023,Lokasi_20,Organik,779.02
29/08/2021,Lokasi_2,Anorganik,644.3
14/06/2020,Lokasi_10,Organik,831.3
16/04/2024,Lokasi_19,Organik,1084.04
20/08/2025,Lokasi_9,Anorganik,1203.46
17/08/2023,Lokasi_8,Anorganik,887.36
29/12/2021,Lokasi_1,Anorganik,998.15
05/08/2025,Lokasi_6,Anorganik,954.92
11/04/2020,Lokasi_12,Organik,509
16/11/2023,Lokasi_19,Organik,895.6
17/02/2022,Lokasi_17,Organik,1087.32
01/08/2020,Lokasi_2,Organik,1069.94
16/01/2023,Lokasi_11,B3,1249.77
25/04/2024,Lokasi_18,Organik,1170.38
22/08/2024,Lokasi_11,Organik,776.81
14/08/2021,Lokasi_18,Anorganik,755.64
26/08/2023,Lokasi_8,Anorganik,964.14
14/01/2023,Lokasi_15,Anorganik,1232.97
09/11/2025,Lokasi_9,Organik,593.83
14/12/2021,Lokasi_15,Anorganik,1448.33
24/07/2022,Lokasi_7,Anorganik,1043.15
05/05/2025,Lokasi_20,Organik,806.41
29/08/2020,Lokasi_13,Organik,1193.39
05/08/2025,Lokasi_13,Organik,544.73
02/01/2020,Lokasi_1,Organik,984.4
03/11/2024,Lokasi_20,Anorganik,985.97
03/05/2025,Lokasi_4,B3,661.98
03/12/2025,Lokasi_4,Anorganik,1337.39
06/07/2022,Lokasi_4,B3,1296.81
30/03/2020,Lokasi_13,Organik,652.73
05/09/2024,Lokasi_2,Organik,863.83
09/12/2025,Lokasi_15,Organik,600.43
22/05/2020,Lokasi_4,Organik,1348.61
15/04/2020,Lokasi_6,Organik,823.32
05/06/2022,Lokasi_3,B3,939.32
03/03/2021,Lokasi_7,B3,823.87
21/08/2023,Lokasi_6,Organik,810.03
10/03/2025,Lokasi_3,Organik,1247.3
17/06/2025,Lokasi_4,Anorganik,1247.57
12/11/2020,Lokasi_10,Organik,1017.79
09/06/2025,Lokasi_9,Organik,1157.62
26/09/2021,Lokasi_6,Organik,1011.66
09/04/2025,Lokasi_20,Organik,528.59
18/08/2025,Lokasi_11,Anorganik,566.01
10/12/2023,Lokasi_7,Anorganik,883.74
06/07/2021,Lokasi_18,Anorganik,1249.75
16/12/2021,Lokasi_4,Organik,1413.23
11/07/2023,Lokasi_5,Anorganik,529.71
09/09/2024,Lokasi_4,Organik,868.03
26/02/2025,Lokasi_4,Anorganik,723.78
12/01/2023,Lokasi_13,Anorganik,1315.21
03/09/2023,Lokasi_16,Anorganik,1345.97
20/04/2020,Lokasi_14,Anorganik,706.41
07/09/2020,Lokasi_11,Anorganik,1210.83
16/08/2025,Lokasi_2,Organik,1231.76
03/04/2021,Lokasi_14,Anorganik,677.06
12/01/2023,Lokasi_7,Anorganik,933.7
26/07/2020,Lokasi_11,B3,1120.34
18/06/2022,Lokasi_4,Anorganik,526.07
22/01/2020,Lokasi_7,Organik,904.59
13/02/2021,Lokasi_16,B3,654.96
13/06/2022,Lokasi_6,Organik,1041.9
29/05/2021,Lokasi_6,Organik,1342.92
19/03/2022,Lokasi_2,Anorganik,1024.75
23/05/2022,Lokasi_8,Organik,535.98
14/01/2020,Lokasi_7,Organik,529.66
28/08/2022,Lokasi_14,Anorganik,1105.5
04/11/2025,Lokasi_9,Anorganik,827.98
09/04/2024,Lokasi_15,Organik,1072.67
17/08/2023,Lokasi_18,Anorganik,663.64
20/06/2023,Lokasi_12,Organik,1276.86
09/12/2025,Lokasi_19,Organik,1360.72
19/01/2022,Lokasi_13,Anorganik,1389.23
15/11/2021,Lokasi_7,Anorganik,804.07
11/04/2025,Lokasi_10,Anorganik,1160.74
25/11/2021,Lokasi_10,Organik,779.04
02/11/2020,Lokasi_2,Anorganik,1262.76
12/06/2025,Lokasi_14,Organik,620.53
23/10/2021,Lokasi_13,Organik,1262.76
02/07/2021,Lokasi_6,Organik,939.73
07/11/2020,Lokasi_9,Anorganik,1355.55
18/12/2022,Lokasi_13,Organik,1238.93
03/10/2024,Lokasi_9,Anorganik,876.52
24/01/2022,Lokasi_13,Anorganik,1403.54
04/02/2020,Lokasi_5,Anorganik,783.34
20/03/2021,Lokasi_14,Organik,1466.99
10/11/2025,Lokasi_5,B3,1267.2
05/06/2025,Lokasi_9,Anorganik,1490.67
15/05/2023,Lokasi_8,Organik,553.9
18/12/2020,Lokasi_7,Anorganik,774.04
21/06/2022,Lokasi_8,Organik,1241.26
17/09/2023,Lokasi_3,Anorganik,1422.25
14/10/2024,Lokasi_15,Organik,528.77
07/06/2020,Lokasi_8,Organik,500.01
31/05/2025,Lokasi_1,Organik,756.24
14/08/2022,Lokasi_7,Anorganik,1352.78
02/09/2025,Lokasi_19,Organik,1267.15
07/02/2021,Lokasi_2,Organik,840.28
30/05/2021,Lokasi_14,Anorganik,502.01
19/10/2023,Lokasi_18,Anorganik,1054.71
13/08/2022,Lokasi_15,Organik,737.96
08/09/2024,Lokasi_14,Organik,1245.61
30/08/2021,Lokasi_19,Anorganik,946.35
27/06/2023,Lokasi_19,Organik,1178.6
15/03/2024,Lokasi_17,Organik,1352.31
12/12/2023,Lokasi_19,B3,1035.76
02/12/2024,Lokasi_16,B3,835.96
21/10/2020,Lokasi_20,Organik,1269.54
24/01/2022,Lokasi_19,Anorganik,765.19
26/10/2023,Lokasi_1,Organik,1391.52
04/07/2020,Lokasi_19,Organik,571.43
23/06/2023,Lokasi_7,B3,1335.47
28/09/2021,Lokasi_11,Anorganik,591.56
15/07/2023,Lokasi_5,Organik,556.14
13/06/2021,Lokasi_17,Organik,863.26
30/08/2025,Lokasi_11,Anorganik,1456.55
04/03/2022,Lokasi_8,Organik,1483.49
17/11/2025,Lokasi_10,Anorganik,702.07
22/04/2021,Lokasi_12,Organik,648.64
10/06/2024,Lokasi_10,Organik,852.95
28/07/2022,Lokasi_13,B3,837.09
09/06/2021,Lokasi_18,B3,1259.59
02/01/2020,Lokasi_10,Anorganik,944
09/01/2021,Lokasi_19,Anorganik,1279.88
06/07/2021,Lokasi_20,Organik,1248.71
05/03/2024,Lokasi_17,Organik,1078.31
25/01/2025,Lokasi_20,Organik,1333.51
15/01/2021,Lokasi_16,Anorganik,695.65
04/07/2024,Lokasi_5,Organik,661.81
14/01/2020,Lokasi_3,Organik,1250.65
18/05/2021,Lokasi_15,Anorganik,744.8
01/07/2025,Lokasi_2,Anorganik,502.79
09/05/2020,Lokasi_13,Organik,1411.96
17/04/2022,Lokasi_8,Organik,1122.94
02/08/2025,Lokasi_17,B3,944.94
28/01/2020,Lokasi_4,Organik,1225.74
14/10/2025,Lokasi_19,Anorganik,833.33
06/06/2023,Lokasi_9,Organik,1453.67
17/09/2020,Lokasi_15,Anorganik,568.62
08/08/2025,Lokasi_9,Organik,1140.95
12/01/2024,Lokasi_9,Anorganik,1277.29
18/12/2023,Lokasi_14,Organik,969.13
04/04/2021,Lokasi_16,Organik,1254.97
27/10/2020,Lokasi_17,Anorganik,1426.91
21/09/2021,Lokasi_13,Anorganik,1243.99
26/09/2020,Lokasi_9,Organik,809.37
16/06/2025,Lokasi_15,B3,1061.85
16/06/2024,Lokasi_7,Organik,1411.6
06/12/2024,Lokasi_1,Organik,949.1
11/05/2022,Lokasi_1,Anorganik,1181.7
04/07/2023,Lokasi_5,Anorganik,965.51
20/12/2025,Lokasi_9,Organik,621.34
04/12/2024,Lokasi_12,Organik,558.6
02/09/2024,Lokasi_6,Organik,1452.27
29/07/2021,Lokasi_13,Organik,1112.54
26/06/2025,Lokasi_8,Organik,603.81
31/07/2023,Lokasi_15,Anorganik,1357.44
10/05/2025,Lokasi_6,Anorganik,1022.69
13/07/2025,Lokasi_6,Anorganik,1271.93
13/07/2024,Lokasi_4,Anorganik,626.76
28/04/2024,Lokasi_11,B3,1406.91
21/01/2025,Lokasi_18,Organik,1090.54
22/10/2023,Lokasi_3,Organik,1238.26
08/10/2024,Lokasi_3,B3,531.38
09/04/2025,Lokasi_12,B3,815.3
11/09/2021,Lokasi_6,Organik,767.45
28/06/2023,Lokasi_6,Organik,1449.59
14/08/2022,Lokasi_8,Anorganik,685.34
23/04/2025,Lokasi_15,Organik,1207.05
26/08/2022,Lokasi_18,Anorganik,542.75
09/08/2023,Lokasi_20,Organik,697.68
09/11/2022,Lokasi_16,Anorganik,838.6
08/10/2020,Lokasi_6,B3,1294.51
06/12/2025,Lokasi_17,Anorganik,1289.98
24/11/2022,Lokasi_9,Organik,1452.6
16/07/2020,Lokasi_19,Organik,1416.77
18/12/2022,Lokasi_18,Organik,581.51
30/03/2023,Lokasi_5,Organik,1329.87
05/10/2022,Lokasi_6,Organik,951.17
14/05/2023,Lokasi_12,Organik,1365.89
01/11/2022,Lokasi_11,Anorganik,589.29
04/05/2021,Lokasi_16,Anorganik,1322.77
02/10/2020,Lokasi_20,Anorganik,659.64
24/05/2023,Lokasi_17,B3,833.84
28/06/2023,Lokasi_20,Organik,528.85
05/05/2020,Lokasi_9,Anorganik,623.73
04/08/2020,Lokasi_1,Organik,945.73
23/04/2023,Lokasi_3,Organik,1318.34
31/05/2023,Lokasi_9,Anorganik,1273.67
07/07/2022,Lokasi_19,Organik,735.3
10/08/2023,Lokasi_13,Anorganik,651.69
19/07/2024,Lokasi_14,Organik,889.26
03/11/2020,Lokasi_20,Organik,1383.27
21/09/2023,Lokasi_19,Anorganik,591.43
23/05/2025,Lokasi_7,B3,1042.91
10/06/2022,Lokasi_4,Anorganik,588.81
09/01/2021,Lokasi_12,Anorganik,970.21
26/07/2025,Lokasi_14,Organik,626.79
26/09/2023,Lokasi_2,Anorganik,580.34
08/05/2020,Lokasi_1,Anorganik,690.85
11/10/2022,Lokasi_18,Anorganik,755.26
04/12/2024,Lokasi_20,Organik,776.27
13/10/2023,Lokasi_8,Anorganik,1145.27
31/05/2021,Lokasi_3,Organik,554.98
27/02/2024,Lokasi_6,Anorganik,580.81
26/03/2020,Lokasi_13,Anorganik,688.71
13/04/2023,Lokasi_9,Organik,1372.06
16/02/2023,Lokasi_9,Anorganik,1128.6
16/06/2025,Lokasi_20,Organik,1230.37
01/12/2025,Lokasi_9,Organik,870.36
29/10/2020,Lokasi_15,B3,713.22
10/08/2021,Lokasi_13,Anorganik,537.96
13/09/2022,Lokasi_16,Organik,988.54
06/02/2025,Lokasi_2,Anorganik,1074.28
10/12/2020,Lokasi_14,Organik,1397
24/03/2022,Lokasi_6,B3,1382.09
10/06/2025,Lokasi_2,B3,924.69
03/08/2023,Lokasi_8,Anorganik,923.58
22/06/2025,Lokasi_4,Anorganik,661.12
04/08/2024,Lokasi_14,Organik,757.45
20/08/2023,Lokasi_11,Anorganik,1425.66
28/12/2022,Lokasi_14,Organik,641.04
06/10/2022,Lokasi_12,Anorganik,1468.7
04/12/2021,Lokasi_16,Organik,1004.74
28/07/2021,Lokasi_6,B3,956.61
27/05/2024,Lokasi_20,Anorganik,674.64
17/01/2023,Lokasi_1,Organik,1161.54
18/11/2021,Lokasi_12,Anorganik,959.85
03/05/2021,Lokasi_7,Anorganik,870.66
09/09/2023,Lokasi_8,Anorganik,764.52
08/05/2021,Lokasi_9,Anorganik,566.49
25/07/2024,Lokasi_2,Anorganik,1019.33
25/06/2024,Lokasi_17,Organik,812.91
19/01/2020,Lokasi_20,Organik,1207.87
27/09/2022,Lokasi_13,Anorganik,1223.52
30/04/2022,Lokasi_5,Organik,832.11
20/10/2023,Lokasi_10,Organik,1169.12
16/09/2023,Lokasi_12,Organik,758.68
29/09/2023,Lokasi_17,Organik,1227.17
01/04/2022,Lokasi_6,Anorganik,516.08
30/03/2021,Lokasi_3,Organik,651.61
12/06/2024,Lokasi_15,Organik,745.01
11/12/2021,Lokasi_7,Anorganik,1272.94
30/12/2025,Lokasi_6,Organik,566.38
05/07/2022,Lokasi_4,Anorganik,688.06
05/02/2024,Lokasi_19,Organik,858.62
11/12/2023,Lokasi_5,Anorganik,509.17
31/10/2020,Lokasi_3,Organik,1262.12
05/01/2022,Lokasi_9,Organik,1060.11
17/05/2025,Lokasi_6,Anorganik,1400.68
19/11/2025,Lokasi_13,Anorganik,531.03
02/07/2025,Lokasi_20,B3,771.39
19/08/2022,Lokasi_4,Organik,1231.25
23/10/2022,Lokasi_2,Organik,1175.15
02/11/2025,Lokasi_4,Organik,743.06
13/01/2024,Lokasi_8,Organik,1095.69
01/05/2025,Lokasi_13,Anorganik,1293.76
23/03/2023,Lokasi_10,Organik,533.38
26/10/2021,Lokasi_18,Anorganik,1217.63
12/01/2020,Lokasi_9,Anorganik,752.1
02/03/2023,Lokasi_1,Organik,1447.85
30/10/2020,Lokasi_13,B3,1038.22
29/10/2024,Lokasi_18,Anorganik,533.39
12/02/2020,Lokasi_15,Organik,903.43
01/08/2022,Lokasi_2,Organik,1466.31
11/09/2023,Lokasi_11,Anorganik,1230.37
09/06/2022,Lokasi_14,B3,800.48
01/10/2022,Lokasi_15,Organik,1075.27
21/01/2020,Lokasi_14,Organik,1099.1
10/02/2021,Lokasi_16,Organik,523.35
11/10/2022,Lokasi_15,Anorganik,678.83
01/12/2020,Lokasi_19,Organik,1051.78
12/01/2025,Lokasi_9,Organik,902.75
21/02/2023,Lokasi_5,Organik,690.04
01/01/2025,Lokasi_5,Anorganik,1272.67
15/12/2021,Lokasi_11,Organik,988.99
20/02/2020,Lokasi_20,Organik,809.97
19/11/2020,Lokasi_4,Organik,661.68
27/02/2022,Lokasi_20,Anorganik,1111.16
20/05/2020,Lokasi_18,Organik,1166.26
14/04/2021,Lokasi_3,Organik,1169.6
25/02/2022,Lokasi_4,Organik,720.29
30/12/2024,Lokasi_14,Anorganik,1095.34
19/09/2023,Lokasi_7,Organik,1405.41
31/03/2025,Lokasi_8,Organik,853.19
21/08/2022,Lokasi_16,Anorganik,710.77
07/01/2021,Lokasi_20,Anorganik,1272.15
19/08/2024,Lokasi_15,Anorganik,676.88
25/03/2023,Lokasi_7,Anorganik,753.75
29/07/2024,Lokasi_17,Organik,600.64
15/04/2020,Lokasi_12,Anorganik,767.87
14/12/2023,Lokasi_18,Anorganik,910.34
08/08/2024,Lokasi_14,Organik,564.16
02/01/2020,Lokasi_15,Organik,1371.71
07/11/2025,Lokasi_15,Anorganik,1013.67
15/12/2020,Lokasi_5,Organik,1088.1
10/07/2023,Lokasi_16,Anorganik,871.29
28/11/2022,Lokasi_5,Anorganik,1169.84
20/03/2021,Lokasi_2,Organik,931.78
09/08/2022,Lokasi_20,Organik,1261.31
05/02/2020,Lokasi_9,Organik,1321.4
12/01/2023,Lokasi_9,Organik,1171.85
15/01/2024,Lokasi_4,B3,991.34
03/12/2024,Lokasi_15,B3,1282.27
19/01/2025,Lokasi_11,Organik,994.29
09/11/2023,Lokasi_1,Organik,611.51
10/04/2023,Lokasi_18,Organik,616.34
31/10/2023,Lokasi_1,Anorganik,1448.58
04/09/2024,Lokasi_8,Anorganik,713.56
17/10/2023,Lokasi_16,Anorganik,1315.92
28/12/2025,Lokasi_18,B3,746.71
24/07/2023,Lokasi_9,Organik,930.78
28/05/2023,Lokasi_12,Organik,1154.95
04/06/2021,Lokasi_19,Anorganik,658.87
11/12/2024,Lokasi_18,Organik,1237.25
10/01/2020,Lokasi_5,Anorganik,1189.91
10/09/2022,Lokasi_2,Organik,1043.08
14/07/2024,Lokasi_7,Organik,1065.89
18/07/2024,Lokasi_10,Organik,605.77
20/12/2021,Lokasi_15,Anorganik,935.95
08/12/2022,Lokasi_7,Anorganik,586.57
08/05/2022,Lokasi_5,Anorganik,807.86
09/08/2023,Lokasi_15,Anorganik,1400.31
22/05/2024,Lokasi_20,Organik,1074.53
19/02/2020,Lokasi_20,Anorganik,1242.7
25/05/2020,Lokasi_15,Organik,1073.89
03/07/2022,Lokasi_10,Organik,694.24
02/01/2024,Lokasi_14,Organik,1094.81
03/08/2021,Lokasi_10,Anorganik,1255.39
03/05/2024,Lokasi_17,B3,638.41
27/04/2021,Lokasi_14,Organik,1316.91
03/06/2023,Lokasi_2,Organik,1055.39
03/11/2021,Lokasi_16,Anorganik,504.28
22/09/2021,Lokasi_13,Organik,1019.78
23/10/2021,Lokasi_9,Anorganik,895.67
14/09/2022,Lokasi_7,Organik,796.45
26/03/2024,Lokasi_16,Organik,1271.26
11/10/2021,Lokasi_10,Anorganik,1399.5
26/08/2022,Lokasi_9,Anorganik,1262.65
05/01/2023,Lokasi_7,B3,1346.77
16/03/2021,Lokasi_16,Anorganik,1408.78
09/07/2022,Lokasi_9,Organik,1412.63
08/02/2022,Lokasi_17,Organik,614.64
05/09/2023,Lokasi_20,Anorganik,956.39
31/12/2024,Lokasi_7,Anorganik,500.29
19/09/2020,Lokasi_11,Anorganik,1006.46
26/04/2024,Lokasi_8,Organik,1424.24
25/09/2022,Lokasi_7,Organik,699.1
30/11/2021,Lokasi_19,Organik,1139.79
22/05/2024,Lokasi_20,Organik,1144.38
26/05/2023,Lokasi_12,Organik,660.35
30/01/2023,Lokasi_7,Anorganik,738.53
05/04/2023,Lokasi_8,Organik,962.02
02/10/2022,Lokasi_7,Anorganik,688.21
05/02/2020,Lokasi_6,Anorganik,1084.99
13/01/2022,Lokasi_9,Organik,984.54
30/10/2024,Lokasi_13,Organik,1019.2
18/12/2020,Lokasi_7,Anorganik,634.47
06/04/2025,Lokasi_8,Organik,1017.25
13/03/2020,Lokasi_17,Organik,549.48
08/10/2023,Lokasi_17,Organik,1381.54
29/03/2025,Lokasi_16,Anorganik,843.25
29/12/2022,Lokasi_2,Anorganik,1356.34
08/12/2021,Lokasi_8,Organik,1201.66
09/12/2024,Lokasi_17,Organik,1266.17
13/08/2022,Lokasi_13,Organik,814.54
08/06/2020,Lokasi_18,Organik,727.74
01/10/2024,Lokasi_10,B3,906.74
04/05/2024,Lokasi_2,Organik,524.23
07/03/2020,Lokasi_2,Organik,1418.76
27/02/2020,Lokasi_14,Organik,887.01
07/12/2020,Lokasi_16,Organik,1488.56
27/02/2023,Lokasi_7,Anorganik,1261.45
10/04/2023,Lokasi_12,Organik,580.52
17/05/2023,Lokasi_14,Organik,1160.19
03/02/2024,Lokasi_4,Anorganik,770.84
26/12/2024,Lokasi_4,Organik,743.72
25/04/2020,Lokasi_18,Anorganik,756.56
23/10/2021,Lokasi_3,Anorganik,1416.08
05/01/2024,Lokasi_1,B3,999.98
11/02/2025,Lokasi_17,Anorganik,1169.47
13/10/2022,Lokasi_7,Organik,780.95
06/11/2020,Lokasi_16,Anorganik,1022.95
26/07/2020,Lokasi_5,Organik,850.1
24/09/2021,Lokasi_19,Anorganik,821.14
03/10/2025,Lokasi_7,Organik,746.97
18/10/2021,Lokasi_14,Organik,909.01
24/11/2023,Lokasi_2,Anorganik,1160.03
15/04/2025,Lokasi_3,Anorganik,722.04
06/08/2024,Lokasi_17,Organik,1465.44
24/08/2020,Lokasi_16,Anorganik,624.61
13/12/2020,Lokasi_8,Anorganik,980.21
21/09/2021,Lokasi_18,Anorganik,585.03
20/03/2024,Lokasi_15,Organik,522.67
26/06/2025,Lokasi_7,Organik,1422.68
25/06/2023,Lokasi_9,Organik,1310.38
29/12/2020,Lokasi_6,Organik,1194.16
12/10/2020,Lokasi_18,Anorganik,1365.19
28/05/2020,Lokasi_18,Organik,1302.85
12/01/2023,Lokasi_14,Anorganik,1147.24
31/03/2021,Lokasi_14,B3,1347.34
01/11/2024,Lokasi_14,Anorganik,890.8
10/03/2022,Lokasi_4,B3,1052.75
30/03/2023,Lokasi_4,Organik,1276.31
09/10/2022,Lokasi_15,Anorganik,584.8
03/03/2024,Lokasi_15,B3,1358.65
25/04/2021,Lokasi_18,Anorganik,656.83
13/08/2024,Lokasi_14,Organik,1364.54
01/12/2025,Lokasi_1,Organik,811.33
20/05/2024,Lokasi_10,Anorganik,826.78
06/12/2020,Lokasi_20,Anorganik,573.95
03/07/2025,Lokasi_10,Organik,1385.9
09/02/2025,Lokasi_10,Organik,674.51
14/04/2022,Lokasi_2,Organik,1130.05
18/04/2023,Lokasi_8,Organik,1143.97
21/09/2024,Lokasi_1,Anorganik,781.15
16/08/2024,Lokasi_1,Organik,1485.66
06/11/2020,Lokasi_4,B3,564.17
18/09/2020,Lokasi_7,Anorganik,1107.87
13/12/2023,Lokasi_9,Anorganik,979.54
09/02/2021,Lokasi_16,Organik,745.48
30/12/2025,Lokasi_5,Organik,663.55
07/12/2020,Lokasi_2,Anorganik,1237.08
01/09/2023,Lokasi_11,Organik,1416.31
31/08/2020,Lokasi_18,B3,607.55
04/05/2021,Lokasi_19,Anorganik,693.98
12/01/2020,Lokasi_13,Organik,1486.27
14/07/2021,Lokasi_11,Anorganik,515.02
11/02/2020,Lokasi_20,Anorganik,1008.25
16/08/2021,Lokasi_19,Organik,1016.11
23/12/2023,Lokasi_17,Organik,763.16
31/12/2024,Lokasi_5,Organik,1163.03
20/08/2024,Lokasi_13,B3,1444.94
13/05/2020,Lokasi_20,Anorganik,950.21
05/08/2022,Lokasi_1,Organik,1249.42
13/03/2020,Lokasi_10,Organik,1146.07
02/02/2021,Lokasi_8,Anorganik,972.94
29/11/2023,Lokasi_8,Organik,549.81
09/05/2020,Lokasi_19,Organik,1241.75
16/12/2024,Lokasi_6,Organik,863.25
24/06/2025,Lokasi_12,Organik,724.49
22/09/2020,Lokasi_7,Organik,1448.27
09/04/2024,Lokasi_16,B3,1273.5
08/06/2025,Lokasi_9,Anorganik,1462.27
03/03/2022,Lokasi_10,Organik,756.22
05/08/2023,Lokasi_10,Organik,1335.79
12/06/2020,Lokasi_10,Anorganik,1107.72
04/04/2020,Lokasi_20,Organik,1481.5
10/12/2024,Lokasi_16,Anorganik,1446.32
07/02/2023,Lokasi_1,Organik,1472.97
01/04/2022,Lokasi_17,Organik,1451.77
25/08/2020,Lokasi_14,Anorganik,507.66
14/05/2025,Lokasi_19,Anorganik,1241.09
14/11/2022,Lokasi_17,Organik,771.93
03/08/2024,Lokasi_14,Anorganik,1205.03
21/08/2022,Lokasi_8,Organik,1480.61
20/06/2021,Lokasi_9,Anorganik,539.36
22/05/2024,Lokasi_8,Anorganik,1066.99
02/06/2025,Lokasi_13,Anorganik,1234.95
07/05/2020,Lokasi_17,Anorganik,753.36
01/04/2020,Lokasi_19,Organik,725.12
26/06/2021,Lokasi_7,Organik,560.35
25/04/2022,Lokasi_17,Organik,593.92
08/08/2024,Lokasi_1,Organik,1156.75
25/01/2025,Lokasi_5,Organik,1005.21
24/01/2021,Lokasi_6,Anorganik,530.07
27/02/2025,Lokasi_2,Anorganik,1469.66
12/02/2020,Lokasi_16,Anorganik,1156.05
10/09/2020,Lokasi_5,Organik,1015.47
19/12/2022,Lokasi_5,Organik,772.72
20/03/2024,Lokasi_12,Organik,1158.1
07/05/2025,Lokasi_3,Organik,864.17
03/10/2021,Lokasi_16,Anorganik,1202.49
20/11/2021,Lokasi_6,Organik,1182.57
30/06/2023,Lokasi_15,Organik,592.74
04/05/2025,Lokasi_15,Anorganik,1409.26
15/12/2022,Lokasi_16,Organik,986.97
26/01/2024,Lokasi_20,Organik,892.94
01/04/2021,Lokasi_13,Organik,1455.46
09/09/2022,Lokasi_12,B3,938.21
31/10/2025,Lokasi_10,Organik,1221.22
27/01/2023,Lokasi_14,Organik,1155.14
28/05/2020,Lokasi_2,Organik,665.14
14/09/2023,Lokasi_3,Anorganik,1491.14
25/03/2023,Lokasi_9,Anorganik,963.6
08/07/2020,Lokasi_11,Anorganik,894.78
01/06/2022,Lokasi_11,Anorganik,1419.61
03/02/2021,Lokasi_10,B3,1029.24
31/08/2021,Lokasi_14,Organik,1205.08
30/11/2024,Lokasi_9,Organik,1346.25
26/06/2024,Lokasi_20,Organik,735.49
24/04/2024,Lokasi_10,Organik,669.47
18/11/2025,Lokasi_9,Anorganik,568.51
14/10/2023,Lokasi_5,Organik,1397.13
04/11/2023,Lokasi_8,Anorganik,700.37
30/03/2022,Lokasi_11,B3,807.75
30/03/2022,Lokasi_1,Organik,785.81
23/02/2021,Lokasi_10,Anorganik,804.59
03/05/2020,Lokasi_1,Anorganik,1168.06
25/02/2021,Lokasi_7,Organik,1454.11
17/02/2024,Lokasi_14,Anorganik,829.45
16/05/2024,Lokasi_5,Organik,907.65
06/02/2022,Lokasi_17,Organik,1271.15
06/08/2025,Lokasi_6,Organik,932.34
09/11/2025,Lokasi_16,Organik,1426.04
29/03/2024,Lokasi_11,Organik,1003.22
30/10/2024,Lokasi_10,Anorganik,847.73
06/08/2025,Lokasi_15,Organik,1471.57
24/05/2021,Lokasi_7,Organik,925.78
21/04/2023,Lokasi_2,Anorganik,731.17
20/01/2021,Lokasi_12,Anorganik,677.7
16/05/2024,Lokasi_19,Anorganik,1495.18
11/01/2022,Lokasi_12,Organik,1252.99
26/03/2025,Lokasi_16,Anorganik,908.66
17/12/2023,Lokasi_6,Organik,1326.36
19/06/2022,Lokasi_3,Anorganik,1046.81
13/10/2025,Lokasi_2,Organik,817.39
02/07/2025,Lokasi_20,Organik,1243.39
29/08/2020,Lokasi_5,Anorganik,1245.89
13/07/2025,Lokasi_11,Anorganik,1000.17
21/06/2020,Lokasi_3,Anorganik,545.16
02/11/2021,Lokasi_3,Organik,577.02
12/06/2020,Lokasi_5,Organik,1288.75
09/04/2021,Lokasi_11,Anorganik,1323.48
11/05/2021,Lokasi_3,Organik,1178.29
30/11/2021,Lokasi_13,Anorganik,1339.07
03/12/2021,Lokasi_8,Organik,1219.49
24/04/2025,Lokasi_20,Anorganik,1396.93
26/11/2024,Lokasi_10,Organik,650.4
01/07/2020,Lokasi_2,Organik,887.74
20/09/2021,Lokasi_4,Organik,964.11
27/09/2024,Lokasi_18,Anorganik,797.66
29/06/2021,Lokasi_19,Anorganik,1225.37
06/05/2024,Lokasi_4,Organik,1412.44
15/09/2021,Lokasi_20,Organik,912.48
16/08/2021,Lokasi_9,Anorganik,1441.54
13/01/2022,Lokasi_16,Organik,1016.77
03/11/2024,Lokasi_6,Organik,1022.52
30/12/2023,Lokasi_4,Anorganik,1100.22
02/05/2025,Lokasi_9,Organik,768.33
30/08/2025,Lokasi_13,B3,883.36
14/04/2020,Lokasi_9,Anorganik,1053.24
17/01/2020,Lokasi_6,Organik,1441.98
27/01/2021,Lokasi_19,Organik,1142.69
28/02/2021,Lokasi_14,B3,833.12
16/12/2025,Lokasi_15,Anorganik,510.47
25/07/2021,Lokasi_3,B3,1481.67
07/09/2025,Lokasi_5,Anorganik,992.98
25/01/2023,Lokasi_18,Organik,1438.5
29/08/2020,Lokasi_14,Anorganik,1049.35
27/02/2022,Lokasi_16,Anorganik,1105.46
15/12/2021,Lokasi_14,Organik,1211.91
28/01/2022,Lokasi_9,Organik,820.98
14/02/2022,Lokasi_15,Anorganik,1198.98
19/03/2020,Lokasi_7,Anorganik,1026.79
05/05/2022,Lokasi_14,Anorganik,1172.48
10/12/2023,Lokasi_6,Anorganik,1335.83
04/11/2025,Lokasi_15,Anorganik,684.23
18/11/2025,Lokasi_20,Anorganik,1113.55
28/10/2022,Lokasi_8,Anorganik,552.11
24/04/2022,Lokasi_2,Organik,602.12
27/03/2020,Lokasi_8,Organik,1174.59
21/09/2025,Lokasi_1,Anorganik,570.94
11/02/2021,Lokasi_17,Anorganik,1095.36
26/07/2024,Lokasi_19,Organik,720.01
27/05/2020,Lokasi_5,Anorganik,804.08
19/08/2020,Lokasi_20,Organik,629.64
04/05/2025,Lokasi_16,B3,748.67
31/12/2020,Lokasi_7,Organik,1321.29
01/08/2024,Lokasi_7,Organik,1138.88
11/03/2021,Lokasi_18,Organik,1449.76
02/02/2021,Lokasi_18,Anorganik,548.74
19/05/2023,Lokasi_2,Organik,1292.41
15/11/2023,Lokasi_15,Organik,1199.08
16/07/2021,Lokasi_14,Organik,760.89
08/07/2023,Lokasi_18,Organik,1229.17
11/02/2022,Lokasi_9,Anorganik,1216.55
30/07/2025,Lokasi_14,Anorganik,959.35
05/09/2023,Lokasi_5,Anorganik,1188.64
25/12/2025,Lokasi_11,Organik,944.58
22/04/2024,Lokasi_8,Anorganik,835.55
18/09/2022,Lokasi_5,Anorganik,966.49
31/05/2023,Lokasi_11,Organik,1395.13
25/12/2020,Lokasi_5,Anorganik,884.58
09/07/2022,Lokasi_17,Organik,903.69
20/08/2022,Lokasi_4,Anorganik,1108.4
01/01/2025,Lokasi_15,Organik,1253
01/06/2024,Lokasi_19,Anorganik,1234.62
28/06/2024,Lokasi_2,Organik,519.8
04/08/2020,Lokasi_17,Organik,1187.42
12/01/2021,Lokasi_12,Organik,950.55
28/04/2020,Lokasi_17,Organik,1024.09
08/07/2020,Lokasi_10,Organik,1061.66
04/01/2021,Lokasi_18,Anorganik,1231.72
06/12/2024,Lokasi_19,Organik,1331.33
13/10/2021,Lokasi_18,Anorganik,1146.26
25/02/2025,Lokasi_13,Anorganik,1063.91
20/02/2024,Lokasi_14,Anorganik,873.77
08/02/2022,Lokasi_16,Anorganik,637.88
19/02/2022,Lokasi_18,B3,1458.58
12/09/2024,Lokasi_18,Anorganik,961.84
04/08/2023,Lokasi_16,Anorganik,1066.21
03/06/2023,Lokasi_17,Organik,1251.07
06/06/2021,Lokasi_7,Anorganik,568.41
05/06/2021,Lokasi_12,Organik,1355.01
21/02/2022,Lokasi_2,B3,1297.03
24/07/2022,Lokasi_10,Anorganik,1274.43
15/08/2024,Lokasi_5,Anorganik,521.98
02/05/2021,Lokasi_3,Anorganik,1026.52
24/01/2025,Lokasi_19,Organik,554.27
25/04/2022,Lokasi_13,Anorganik,1050.87
11/12/2025,Lokasi_12,Organik,1218.45
26/06/2025,Lokasi_3,Organik,621.85
14/10/2024,Lokasi_6,Organik,1194.88
16/11/2021,Lokasi_14,Anorganik,949.53
30/11/2025,Lokasi_4,Anorganik,1311.55
09/12/2025,Lokasi_13,Organik,1033.59
16/04/2024,Lokasi_19,Organik,836.12
30/05/2023,Lokasi_18,Anorganik,831.99
08/02/2020,Lokasi_3,Organik,1397.49
18/02/2022,Lokasi_20,Organik,952.87
10/06/2023,Lokasi_6,Anorganik,905.75
11/04/2025,Lokasi_16,B3,539.87
28/10/2020,Lokasi_20,Organik,864.32
08/10/2021,Lokasi_3,Organik,1349.63
24/10/2021,Lokasi_12,Organik,1260.99
25/10/2024,Lokasi_19,Organik,720.91
12/09/2020,Lokasi_19,Organik,913.06
20/08/2021,Lokasi_4,Organik,696.58
23/10/2021,Lokasi_1,Organik,1454.22
22/08/2020,Lokasi_2,Anorganik,1098.12
30/09/2023,Lokasi_13,Anorganik,1254.35
08/02/2022,Lokasi_13,Anorganik,1213.81
31/07/2020,Lokasi_2,Organik,1373.69
07/04/2021,Lokasi_19,Organik,1449.33
09/10/2020,Lokasi_16,Organik,532.45
26/01/2024,Lokasi_12,Organik,1475.3
01/12/2023,Lokasi_1,Anorganik,1370.54
28/03/2020,Lokasi_9,Anorganik,882.95
03/12/2022,Lokasi_17,Anorganik,1337.07
05/04/2021,Lokasi_10,Anorganik,1236.56
20/09/2024,Lokasi_18,Organik,1293.11
08/10/2023,Lokasi_19,Organik,720.69
29/05/2021,Lokasi_7,Anorganik,1148.56
03/12/2021,Lokasi_19,Organik,525.93
11/07/2024,Lokasi_15,Organik,1348.23
28/08/2025,Lokasi_9,Anorganik,1451.04
23/01/2020,Lokasi_10,Organik,1162.12
19/11/2022,Lokasi_20,Anorganik,1012.67
04/01/2025,Lokasi_20,Organik,1225.73
25/11/2025,Lokasi_4,Anorganik,826.36
28/07/2023,Lokasi_6,Organik,1126.39
08/02/2023,Lokasi_4,Organik,1218.97
23/12/2025,Lokasi_5,B3,642.68
27/12/2020,Lokasi_9,Organik,640.07
16/12/2025,Lokasi_12,Anorganik,1216.14
14/03/2025,Lokasi_8,Organik,931.78
08/07/2023,Lokasi_5,Organik,1389.2
29/05/2021,Lokasi_11,Organik,811.94
24/03/2021,Lokasi_11,B3,542.43
07/04/2025,Lokasi_13,Organik,1149.88
15/02/2024,Lokasi_14,Organik,1184.24
01/06/2023,Lokasi_8,Anorganik,1053.59
29/01/2025,Lokasi_18,Anorganik,1183.33
23/05/2022,Lokasi_19,B3,1023.75
29/11/2023,Lokasi_12,B3,1192.63
20/10/2024,Lokasi_12,Anorganik,543.94
11/07/2022,Lokasi_18,Organik,868.4
29/11/2025,Lokasi_10,Organik,710.82
02/11/2022,Lokasi_7,Organik,599.33
17/11/2023,Lokasi_18,Organik,734.09
09/11/2020,Lokasi_12,Anorganik,691.31
20/06/2025,Lokasi_14,Organik,1473.13
03/11/2022,Lokasi_15,Anorganik,786.55
14/07/2024,Lokasi_16,Organik,730.96
13/11/2024,Lokasi_2,Organik,1334.87
11/10/2022,Lokasi_18,Organik,919.12
29/12/2022,Lokasi_12,Organik,921.47
29/01/2023,Lokasi_16,Organik,943.59
28/11/2021,Lokasi_13,Organik,916.53
19/12/2025,Lokasi_20,Organik,826.57
05/11/2023,Lokasi_17,Anorganik,786.34
01/03/2023,Lokasi_18,B3,1381.96
09/11/2022,Lokasi_3,Anorganik,661.71
13/04/2025,Lokasi_10,Organik,681.06
10/10/2022,Lokasi_1,Anorganik,1071.72
14/08/2020,Lokasi_6,Organik,843.66
02/01/2025,Lokasi_3,Anorganik,921.53
01/02/2024,Lokasi_19,B3,1306.55
01/04/2022,Lokasi_4,Anorganik,1403.63
16/07/2025,Lokasi_20,Anorganik,1290.55
20/05/2022,Lokasi_3,Organik,734.93
16/09/2025,Lokasi_8,Anorganik,1479.97
30/11/2024,Lokasi_8,Organik,863.18
06/07/2020,Lokasi_7,Organik,669.07
16/12/2022,Lokasi_2,Organik,999.5
29/07/2022,Lokasi_6,Anorganik,1225.29
09/06/2021,Lokasi_16,Anorganik,583.27
01/12/2020,Lokasi_10,Anorganik,1134.29
14/12/2022,Lokasi_4,Anorganik,1358.08
10/06/2020,Lokasi_13,Anorganik,761.78
16/08/2021,Lokasi_10,Organik,1193.12
22/04/2025,Lokasi_14,Organik,899.91
29/02/2020,Lokasi_9,Anorganik,914.14
16/03/2025,Lokasi_11,Anorganik,780.81
09/02/2021,Lokasi_18,Organik,1124.39
25/10/2021,Lokasi_11,Anorganik,861
06/02/2023,Lokasi_17,Organik,1330.9
04/01/2023,Lokasi_2,Anorganik,1462.91
25/06/2021,Lokasi_3,Organik,1435.09
30/08/2023,Lokasi_11,Organik,663.13
24/09/2022,Lokasi_18,B3,514.19
14/02/2023,Lokasi_3,Anorganik,938.47
17/05/2022,Lokasi_15,Anorganik,1228.88
28/08/2025,Lokasi_11,Organik,1477.46
07/03/2021,Lokasi_11,B3,1283.42
09/01/2022,Lokasi_20,Organik,1080.55
05/10/2023,Lokasi_11,Organik,526.35
01/07/2020,Lokasi_19,Anorganik,1325.54
30/11/2025,Lokasi_1,Anorganik,677.15
21/04/2023,Lokasi_5,Anorganik,555.61
15/03/2023,Lokasi_10,Organik,1350.36
10/04/2022,Lokasi_10,Anorganik,1066.25
09/07/2024,Lokasi_14,Anorganik,628.55
10/02/2023,Lokasi_2,Organik,886.54
20/04/2021,Lokasi_4,B3,585.54
19/08/2023,Lokasi_2,Organik,1138.01
28/08/2022,Lokasi_18,Organik,782.43
16/10/2022,Lokasi_13,B3,1366.09
15/02/2023,Lokasi_19,Anorganik,857.8
10/01/2025,Lokasi_5,Anorganik,994.63
09/06/2020,Lokasi_20,Organik,563.52
16/07/2020,Lokasi_2,Organik,775.59
07/07/2023,Lokasi_11,Organik,1176.77
21/10/2021,Lokasi_18,Anorganik,1236.26
10/11/2024,Lokasi_6,Organik,742.82
06/12/2022,Lokasi_10,Organik,1003.82
03/07/2025,Lokasi_17,Anorganik,1317.53
02/02/2021,Lokasi_11,Organik,879.91
29/09/2024,Lokasi_19,Anorganik,633.77
01/05/2024,Lokasi_17,B3,931.87
26/10/2025,Lokasi_4,B3,1100.63
11/12/2025,Lokasi_14,Organik,507.4
15/03/2020,Lokasi_20,B3,848.57
24/12/2025,Lokasi_4,Anorganik,1107.44
24/08/2021,Lokasi_14,Organik,1451.91
16/04/2022,Lokasi_4,Organik,908.55
08/03/2024,Lokasi_6,Organik,662.97
14/05/2021,Lokasi_9,Anorganik,1034.22
15/05/2024,Lokasi_12,Organik,785.75
17/05/2020,Lokasi_8,Anorganik,714.78
28/09/2025,Lokasi_4,Anorganik,1090.4
29/11/2024,Lokasi_5,Organik,1415.88
30/08/2022,Lokasi_6,Organik,1335.22
30/06/2024,Lokasi_5,Organik,682.29
28/02/2025,Lokasi_19,Organik,1265.88
21/07/2025,Lokasi_8,Anorganik,729.87
15/03/2025,Lokasi_9,Organik,790.7
20/12/2023,Lokasi_15,Anorganik,1420.05
30/06/2021,Lokasi_4,Organik,1411.05
10/07/2022,Lokasi_9,Organik,668.63
03/08/2021,Lokasi_7,B3,564.19
04/10/2023,Lokasi_8,Organik,793.12
10/05/2025,Lokasi_15,Organik,1081.78
26/06/2025,Lokasi_19,Organik,1376.89
27/09/2025,Lokasi_15,Anorganik,618.84
04/12/2021,Lokasi_5,Anorganik,914.96
13/06/2024,Lokasi_19,Organik,771.75
29/09/2021,Lokasi_7,Anorganik,514.93
06/10/2022,Lokasi_6,Organik,1288.45
02/10/2021,Lokasi_19,Anorganik,1313.28
04/02/2025,Lokasi_17,Anorganik,721.23
20/04/2023,Lokasi_10,Organik,651.24
16/11/2021,Lokasi_19,Organik,644.56
25/01/2025,Lokasi_11,Organik,963.95
06/07/2020,Lokasi_15,Anorganik,746.5
07/06/2024,Lokasi_10,Anorganik,1011.36
14/08/2024,Lokasi_11,Organik,884.85
11/09/2022,Lokasi_3,Organik,710.89
01/07/2021,Lokasi_3,B3,1251.19
02/12/2023,Lokasi_18,Anorganik,650.36
25/05/2022,Lokasi_11,B3,1298.9
09/09/2021,Lokasi_20,Organik,1061.45
27/09/2023,Lokasi_18,Organik,1332.04
28/05/2023,Lokasi_15,Anorganik,504.76
21/06/2022,Lokasi_7,Organik,1249.19
11/06/2020,Lokasi_10,Organik,551.52
28/05/2025,Lokasi_20,Organik,1450.1
26/09/2020,Lokasi_10,Organik,1202.74
23/09/2021,Lokasi_13,Organik,820.17
24/06/2022,Lokasi_15,B3,819.85
07/07/2025,Lokasi_18,Organik,1361.49
29/06/2024,Lokasi_4,Organik,1402.84
23/07/2020,Lokasi_20,Organik,1391.57
04/08/2021,Lokasi_17,Organik,1308.74
28/04/2024,Lokasi_3,Anorganik,1319.03
20/04/2022,Lokasi_2,Anorganik,1072.77
10/01/2025,Lokasi_4,Organik,528.23
05/06/2023,Lokasi_1,Anorganik,586.77
15/09/2024,Lokasi_15,Organik,1149.55
30/06/2024,Lokasi_1,Organik,901.17
24/05/2022,Lokasi_6,Organik,1067.31
04/01/2024,Lokasi_7,B3,731.08
20/11/2021,Lokasi_19,Organik,1149.42
03/07/2025,Lokasi_12,Anorganik,742.83
23/11/2023,Lokasi_1,Anorganik,960.81
24/06/2025,Lokasi_7,B3,978.72
02/11/2021,Lokasi_19,B3,677.67
17/03/2023,Lokasi_13,Organik,1376.21
04/02/2024,Lokasi_12,Anorganik,1025.82
01/08/2022,Lokasi_12,Anorganik,1366.78
20/12/2023,Lokasi_13,Organik,762.54
14/06/2022,Lokasi_14,Organik,672.34
29/12/2025,Lokasi_12,Organik,518.02
29/08/2023,Lokasi_20,Organik,593.86
13/06/2020,Lokasi_12,Organik,647.47
30/08/2025,Lokasi_6,Anorganik,578.86
10/01/2023,Lokasi_10,Anorganik,1396.88
19/10/2024,Lokasi_20,Organik,1411.44
22/04/2025,Lokasi_9,Organik,1437.36
05/01/2021,Lokasi_2,Anorganik,1459.86
23/02/2025,Lokasi_7,Anorganik,991.84
02/05/2022,Lokasi_9,Organik,1030.02
18/01/2021,Lokasi_12,Anorganik,630.83
15/04/2025,Lokasi_5,Organik,637.05
28/02/2021,Lokasi_1,Organik,1272.76
20/09/2021,Lokasi_15,Anorganik,1355.73
13/06/2022,Lokasi_8,Organik,1284.71
20/08/2021,Lokasi_1,Anorganik,1334.58
15/08/2021,Lokasi_18,Anorganik,776.57
14/08/2024,Lokasi_13,Anorganik,966.07
26/07/2021,Lokasi_1,Organik,959.2
06/09/2025,Lokasi_5,Organik,1495.28
21/09/2025,Lokasi_18,Anorganik,1449.18
31/08/2024,Lokasi_16,Organik,1098.49
25/06/2020,Lokasi_10,Anorganik,637.97
12/06/2021,Lokasi_4,Organik,758.6
21/06/2024,Lokasi_1,Organik,863.76
23/08/2022,Lokasi_8,Organik,1373.21
26/02/2024,Lokasi_5,Anorganik,670.63
16/07/2020,Lokasi_2,Anorganik,719.75
02/05/2022,Lokasi_17,Organik,849.38
17/03/2024,Lokasi_7,Anorganik,1426.91
31/08/2025,Lokasi_17,Organik,1003.81
16/12/2022,Lokasi_6,Anorganik,1146.84
07/04/2020,Lokasi_15,Organik,887.22
18/03/2025,Lokasi_5,Organik,688.52
10/03/2021,Lokasi_15,Organik,722.8
28/09/2021,Lokasi_18,Organik,1302.67
10/08/2021,Lokasi_18,Organik,1393.48
09/12/2020,Lokasi_6,Anorganik,993.08
10/08/2023,Lokasi_2,Organik,856.99
02/06/2025,Lokasi_17,Anorganik,1307.84
24/07/2021,Lokasi_4,Organik,1173.09
02/09/2021,Lokasi_12,Organik,540.87
23/09/2024,Lokasi_19,Anorganik,850.74
28/01/2025,Lokasi_2,Organik,1182.17
17/08/2022,Lokasi_2,Anorganik,1073.68
10/09/2025,Lokasi_14,Organik,1478.07
15/06/2021,Lokasi_15,Organik,1366.12
23/03/2023,Lokasi_20,Anorganik,559.74
27/12/2022,Lokasi_2,Anorganik,1225.77
16/03/2025,Lokasi_4,Organik,836.33
02/06/2022,Lokasi_19,Anorganik,1182.08
05/08/2024,Lokasi_9,Anorganik,1117.22
27/10/2025,Lokasi_7,Organik,1003.05
15/10/2024,Lokasi_13,Organik,1352.95
20/02/2022,Lokasi_12,Anorganik,1208.69
06/10/2025,Lokasi_3,Anorganik,1389.56
30/05/2022,Lokasi_13,Organik,781.6
22/03/2021,Lokasi_15,Anorganik,848.13
14/10/2025,Lokasi_14,Organik,1121.95
18/11/2024,Lokasi_9,Organik,1466.46
01/07/2023,Lokasi_13,Anorganik,871.58
14/06/2025,Lokasi_4,Organik,532.29
03/12/2022,Lokasi_8,Organik,945.89
26/04/2024,Lokasi_3,Organik,1043.93
08/10/2022,Lokasi_2,Organik,1300.99
12/02/2022,Lokasi_19,Organik,1228.6
19/12/2024,Lokasi_8,Organik,1464.66
16/04/2023,Lokasi_17,Anorganik,1282.68
21/12/2023,Lokasi_13,Anorganik,798.63
02/11/2020,Lokasi_7,Anorganik,1141.38
17/02/2022,Lokasi_9,B3,1172.24
08/01/2020,Lokasi_12,B3,1498.02
20/04/2021,Lokasi_14,Anorganik,638.74
13/08/2023,Lokasi_14,Organik,691.33
29/04/2021,Lokasi_15,Anorganik,655.51
23/06/2022,Lokasi_3,B3,1089.06
12/07/2021,Lokasi_15,Anorganik,635.3
21/05/2025,Lokasi_19,Organik,1156.01
01/02/2023,Lokasi_20,Anorganik,1303.77
18/05/2023,Lokasi_14,Anorganik,932.79
12/04/2021,Lokasi_8,Anorganik,1060.69
27/04/2022,Lokasi_5,Organik,1412.72
15/09/2020,Lokasi_19,Organik,1069.57
09/10/2020,Lokasi_4,Anorganik,708.61
07/07/2024,Lokasi_14,Anorganik,843.19
13/03/2025,Lokasi_16,Organik,1029.85
09/02/2020,Lokasi_20,Organik,654.9
11/10/2022,Lokasi_6,Organik,1112.52
04/09/2021,Lokasi_6,Organik,1499.25
30/03/2025,Lokasi_3,Anorganik,1152.53
18/11/2021,Lokasi_15,Organik,872.41
04/09/2021,Lokasi_3,Organik,831.75
16/11/2024,Lokasi_11,Anorganik,1431.6
15/12/2024,Lokasi_3,Organik,1371.51
27/03/2024,Lokasi_10,Anorganik,972.36
14/04/2025,Lokasi_18,Anorganik,853.41
26/02/2023,Lokasi_1,Anorganik,1210.46
28/07/2021,Lokasi_16,Anorganik,814.5
25/03/2025,Lokasi_16,Anorganik,619.4
09/10/2022,Lokasi_10,Organik,810.15
31/10/2021,Lokasi_1,Organik,934.3
25/09/2020,Lokasi_4,Organik,755.41
07/07/2023,Lokasi_3,Anorganik,716.81
12/07/2022,Lokasi_5,Anorganik,506.14
30/01/2023,Lokasi_12,B3,1130.84
09/03/2024,Lokasi_12,Organik,1114.45
24/10/2024,Lokasi_13,Organik,688.03
13/05/2024,Lokasi_12,Organik,1443.65
03/09/2020,Lokasi_16,Organik,909.57
09/04/2024,Lokasi_13,Anorganik,525.48
18/12/2025,Lokasi_5,Organik,719.77
23/04/2025,Lokasi_4,Anorganik,1192.07
18/07/2022,Lokasi_15,Anorganik,701.62
14/08/2020,Lokasi_12,Organik,553.91
21/09/2020,Lokasi_19,Organik,1117.71
27/10/2023,Lokasi_19,Organik,1018.35
28/12/2023,Lokasi_11,Anorganik,1261.27
07/10/2021,Lokasi_6,Organik,1272.63
19/11/2023,Lokasi_9,Organik,1459.94
13/01/2024,Lokasi_1,Anorganik,557.02
19/10/2023,Lokasi_12,Organik,538.99
14/03/2025,Lokasi_14,Organik,1487.2
03/06/2023,Lokasi_6,Organik,1144.85
08/09/2022,Lokasi_1,B3,1215.37
28/02/2023,Lokasi_2,Organik,596.48
10/08/2021,Lokasi_11,Organik,569.81
20/04/2021,Lokasi_3,Organik,660.25
26/12/2024,Lokasi_10,Organik,927.2
12/09/2022,Lokasi_6,Organik,610.18
26/05/2023,Lokasi_6,Anorganik,946.33
08/07/2020,Lokasi_20,Organik,1061.54
11/12/2023,Lokasi_2,Anorganik,500.33
07/09/2022,Lokasi_10,Organik,614.25
25/08/2024,Lokasi_6,Organik,875.2
11/09/2024,Lokasi_17,Organik,553.33
10/02/2020,Lokasi_14,Organik,633.53
31/07/2022,Lokasi_5,Organik,731.8
03/12/2020,Lokasi_17,Organik,929.6
30/08/2023,Lokasi_2,Organik,1214.84
03/01/2023,Lokasi_9,Anorganik,632.69
14/06/2022,Lokasi_12,Anorganik,1237.96
01/08/2024,Lokasi_19,Organik,1355.06
19/07/2022,Lokasi_7,Organik,1151.48
15/10/2020,Lokasi_9,Anorganik,543.73
24/12/2021,Lokasi_16,Anorganik,940.65
07/05/2025,Lokasi_20,Anorganik,1160.07
25/12/2022,Lokasi_11,Anorganik,1478.51
27/04/2021,Lokasi_12,Anorganik,1451.81
24/07/2022,Lokasi_15,Anorganik,895.7
04/06/2020,Lokasi_18,Anorganik,1115.93
06/12/2022,Lokasi_19,Organik,1390.82
12/05/2025,Lokasi_16,Anorganik,1331.05
10/08/2024,Lokasi_15,B3,979.42
03/05/2020,Lokasi_5,Organik,761.24
10/08/2025,Lokasi_11,Anorganik,637.1
25/08/2022,Lokasi_15,Anorganik,987.98
04/05/2022,Lokasi_18,Organik,1222.85
01/10/2021,Lokasi_13,Anorganik,1469.77
21/05/2024,Lokasi_4,B3,1361.81
17/03/2021,Lokasi_17,Organik,704.24
28/04/2025,Lokasi_4,Organik,1219.78
12/01/2025,Lokasi_16,B3,789.1
03/01/2025,Lokasi_15,Organik,1183.47
30/12/2025,Lokasi_14,B3,1165.81
16/06/2021,Lokasi_12,B3,772.43
29/08/2023,Lokasi_3,B3,734.39
06/08/2022,Lokasi_10,Organik,603.94
12/07/2025,Lokasi_8,Anorganik,550.54
04/04/2021,Lokasi_6,Anorganik,1358.45
04/07/2021,Lokasi_14,Anorganik,549.85
27/01/2021,Lokasi_17,B3,588.74
22/11/2024,Lokasi_19,Anorganik,738.85
24/04/2022,Lokasi_16,Anorganik,1387.66
12/02/2023,Lokasi_15,Organik,832.94
07/10/2021,Lokasi_15,Anorganik,691.8
06/01/2024,Lokasi_1,Organik,1215.56
09/10/2023,Lokasi_12,B3,819.07
21/05/2020,Lokasi_10,Organik,833.37
15/05/2021,Lokasi_14,Organik,1238.98
19/04/2022,Lokasi_10,Organik,751.65
09/08/2024,Lokasi_10,Organik,1396.76
14/04/2024,Lokasi_20,Anorganik,1061.42
08/08/2025,Lokasi_11,Organik,1037.83
10/03/2024,Lokasi_16,Anorganik,764.75
18/08/2021,Lokasi_9,Organik,1335.09
19/03/2025,Lokasi_15,Organik,1072.75
07/10/2020,Lokasi_14,Anorganik,655.52
27/02/2021,Lokasi_19,Organik,706.3
26/09/2020,Lokasi_9,Organik,968.26
02/06/2020,Lokasi_4,Anorganik,1279.64
16/10/2024,Lokasi_7,Anorganik,1439.3
23/10/2021,Lokasi_8,Organik,1163.5
21/05/2025,Lokasi_8,Organik,1006.14
23/03/2020,Lokasi_19,Organik,750.73
20/12/2023,Lokasi_15,Organik,1172.87
22/07/2023,Lokasi_16,Organik,1482.24
06/09/2022,Lokasi_9,Organik,976.22
17/07/2024,Lokasi_12,Anorganik,662.14
30/10/2023,Lokasi_16,B3,603.34
24/09/2021,Lokasi_4,Organik,769.26
11/03/2024,Lokasi_5,Organik,1069.44
25/02/2022,Lokasi_8,Organik,1446.81
01/02/2021,Lokasi_1,Anorganik,799.17
17/02/2023,Lokasi_6,Organik,805.39
22/07/2022,Lokasi_15,Anorganik,981.18
31/12/2023,Lokasi_4,Anorganik,1418.54
26/01/2025,Lokasi_11,Organik,919.06
12/10/2020,Lokasi_5,Anorganik,723.23
21/09/2020,Lokasi_18,Anorganik,663.13
06/11/2025,Lokasi_15,Organik,957.02
04/08/2024,Lokasi_18,B3,1300.68
11/05/2023,Lokasi_20,Organik,791.35
31/03/2022,Lokasi_13,Organik,1012.52
28/10/2024,Lokasi_5,B3,1103.01
10/02/2020,Lokasi_1,Organik,950.47
27/09/2024,Lokasi_18,B3,691.69
08/03/2020,Lokasi_14,Anorganik,1421.75
14/09/2022,Lokasi_5,Organik,1065.45
04/12/2024,Lokasi_6,Anorganik,1229.13
09/06/2024,Lokasi_16,Organik,1136.04
13/07/2024,Lokasi_12,Organik,1498.05
02/07/2023,Lokasi_20,Organik,956.31
25/11/2021,Lokasi_18,Organik,924.97
21/12/2022,Lokasi_2,Organik,860.14
20/08/2024,Lokasi_13,Organik,861.63
24/11/2022,Lokasi_17,Anorganik,775.77
17/02/2022,Lokasi_17,Organik,1480.63
08/05/2021,Lokasi_16,Anorganik,1370.78
04/05/2024,Lokasi_18,Organik,816.67
01/02/2024,Lokasi_8,Anorganik,805.23
25/11/2024,Lokasi_3,Anorganik,603.53
22/10/2021,Lokasi_17,Anorganik,1377.03
10/09/2023,Lokasi_18,Organik,871.77
20/08/2023,Lokasi_6,Organik,1072.62
23/07/2023,Lokasi_8,Anorganik,1400.38
09/06/2025,Lokasi_13,Organik,908.1
06/08/2025,Lokasi_8,B3,1306.87
12/04/2025,Lokasi_19,Organik,930.29
09/09/2023,Lokasi_6,Organik,1200.94
24/11/2022,Lokasi_15,Organik,931.18
03/09/2022,Lokasi_10,Anorganik,892.76
26/04/2021,Lokasi_17,Anorganik,1490.71
28/12/2021,Lokasi_1,Organik,1112.35
28/10/2022,Lokasi_7,Anorganik,867.39
08/12/2020,Lokasi_13,B3,757.82
18/12/2023,Lokasi_3,Anorganik,539.77
10/06/2021,Lokasi_19,Anorganik,1206.57
11/03/2025,Lokasi_15,Anorganik,872.16
20/10/2021,Lokasi_5,Organik,1321.25
04/09/2025,Lokasi_11,Organik,863.87
30/03/2022,Lokasi_18,Anorganik,873.33
09/02/2021,Lokasi_3,Organik,1279.18
22/04/2024,Lokasi_6,B3,989.47
16/12/2024,Lokasi_3,Organik,1384.89
19/05/2021,Lokasi_5,Anorganik,1090.14
27/06/2020,Lokasi_9,Anorganik,740.64
11/05/2020,Lokasi_19,Organik,1068.27
20/01/2025,Lokasi_13,Organik,504
18/01/2024,Lokasi_6,B3,812.4
10/02/2022,Lokasi_11,Organik,707.95
30/11/2023,Lokasi_14,Anorganik,1154.19
24/10/2025,Lokasi_6,Organik,636.04
01/08/2021,Lokasi_6,Organik,790.1
24/02/2024,Lokasi_17,Anorganik,831.31
12/07/2020,Lokasi_11,B3,503.29
30/06/2025,Lokasi_15,Organik,546.77
31/03/2023,Lokasi_9,Organik,811.13
16/10/2023,Lokasi_17,Anorganik,722.36
27/11/2024,Lokasi_7,Anorganik,616.91
15/01/2023,Lokasi_7,Organik,654.16
20/04/2025,Lokasi_1,Organik,1335.54
18/02/2022,Lokasi_8,Anorganik,1183.32
18/09/2020,Lokasi_5,Anorganik,984.12
30/12/2021,Lokasi_19,Organik,1408.87
09/10/2020,Lokasi_8,Organik,529.55
30/01/2024,Lokasi_17,Anorganik,844.93
27/12/2020,Lokasi_19,Organik,1323.38
16/03/2021,Lokasi_12,Anorganik,1128.29
10/11/2025,Lokasi_15,Organik,1481.69
02/07/2024,Lokasi_4,Organik,1444.51
16/05/2022,Lokasi_12,Anorganik,669.94
18/12/2023,Lokasi_13,Organik,1471.99
21/05/2020,Lokasi_14,Anorganik,1445.53
07/08/2023,Lokasi_5,Anorganik,873.61
26/12/2023,Lokasi_16,Organik,1482.88
18/02/2025,Lokasi_7,Organik,535.84
21/01/2025,Lokasi_15,Organik,1160.75
08/09/2024,Lokasi_13,Anorganik,766.15
01/12/2021,Lokasi_16,Organik,629.46
24/09/2022,Lokasi_12,Anorganik,1077.53
27/09/2025,Lokasi_7,Anorganik,806.35
18/08/2023,Lokasi_16,Organik,1166.83
30/05/2022,Lokasi_13,Organik,1039.98
28/04/2023,Lokasi_3,B3,892.59
05/03/2023,Lokasi_15,Organik,681.82
08/07/2021,Lokasi_3,Anorganik,1101.25
07/02/2021,Lokasi_7,B3,1329.23
10/06/2022,Lokasi_18,Anorganik,1100
24/08/2021,Lokasi_14,Anorganik,1110.52
04/01/2025,Lokasi_18,Organik,1011.84
06/12/2020,Lokasi_19,B3,888.24
22/05/2025,Lokasi_14,Organik,957.46
04/12/2021,Lokasi_20,Organik,1489.54
13/11/2020,Lokasi_6,Organik,1249.67
18/10/2023,Lokasi_8,Organik,930.56
05/12/2024,Lokasi_7,Organik,957.3
29/09/2023,Lokasi_20,Anorganik,999.63
21/04/2024,Lokasi_18,Anorganik,1159.31
27/03/2022,Lokasi_18,Anorganik,965.96
06/07/2021,Lokasi_15,Organik,1186.18
05/05/2022,Lokasi_20,Organik,829.19
17/12/2024,Lokasi_19,Organik,910.64
01/07/2020,Lokasi_2,Anorganik,1364.05
23/04/2024,Lokasi_8,Anorganik,828.91
31/01/2021,Lokasi_11,Organik,1464.44
23/09/2024,Lokasi_18,Anorganik,672.5
26/02/2024,Lokasi_13,Organik,741.68
25/06/2022,Lokasi_9,Anorganik,963.68
18/09/2023,Lokasi_9,Organik,1297.41
14/12/2025,Lokasi_17,Organik,1231.58
01/01/2020,Lokasi_7,Organik,674.47
19/01/2020,Lokasi_9,Organik,736.69
06/08/2021,Lokasi_1,Organik,1075.26
31/03/2021,Lokasi_2,Organik,795.16
29/07/2025,Lokasi_4,B3,922.33
06/02/2023,Lokasi_14,Organik,986.59
06/05/2025,Lokasi_4,Anorganik,1094.25
20/11/2025,Lokasi_2,Organik,751.05
14/09/2022,Lokasi_8,Organik,663.14
03/06/2021,Lokasi_18,Organik,898.56
08/05/2022,Lokasi_19,Anorganik,582.03
22/06/2020,Lokasi_14,Anorganik,1026.77
28/09/2023,Lokasi_20,B3,1339.61
27/12/2021,Lokasi_10,B3,618.98
06/09/2024,Lokasi_17,Organik,612.73
18/02/2025,Lokasi_8,Anorganik,580.22
08/08/2024,Lokasi_14,Anorganik,1347.86
09/09/2023,Lokasi_8,Anorganik,580.7
16/09/2022,Lokasi_5,Organik,1483.46
23/02/2021,Lokasi_16,Anorganik,858.33
16/08/2021,Lokasi_8,Organik,828.76
09/11/2024,Lokasi_10,Anorganik,591.63
24/07/2022,Lokasi_8,Organik,1085.64
12/01/2023,Lokasi_9,Organik,1085.88
10/02/2023,Lokasi_18,Organik,993.81
27/11/2020,Lokasi_3,Organik,811.02
19/09/2025,Lokasi_17,Organik,868.58
28/11/2024,Lokasi_20,Organik,820.5
16/08/2022,Lokasi_15,Organik,926.15
14/04/2020,Lokasi_17,Anorganik,841.79
20/07/2020,Lokasi_8,Anorganik,1175.52
16/01/2025,Lokasi_2,Organik,795.79
09/02/2025,Lokasi_17,Organik,850.84
19/06/2025,Lokasi_18,B3,935.46
13/07/2023,Lokasi_5,Organik,503.96
28/06/2022,Lokasi_9,Anorganik,992.08
28/07/2020,Lokasi_9,Organik,755.82
16/07/2021,Lokasi_2,Organik,556.15
12/04/2024,Lokasi_2,Organik,1411.02
09/02/2022,Lokasi_19,Organik,822.42
20/09/2021,Lokasi_3,Organik,926.09
16/06/2024,Lokasi_17,Anorganik,1327.34
28/08/2024,Lokasi_14,Organik,666.79
21/01/2021,Lokasi_14,Organik,1350.31
19/04/2025,Lokasi_14,Organik,741.64
09/01/2023,Lokasi_6,Organik,1089.04
24/09/2020,Lokasi_3,Organik,1185.68
30/01/2025,Lokasi_1,Organik,1405.01
21/06/2025,Lokasi_16,Organik,1107.64
12/10/2023,Lokasi_4,Organik,953.23
21/05/2023,Lokasi_1,Anorganik,1072.27
27/07/2021,Lokasi_17,Organik,702.08
18/02/2020,Lokasi_18,Organik,1189.07
24/02/2023,Lokasi_8,Anorganik,686.88
10/08/2020,Lokasi_2,Organik,1057.25
02/12/2023,Lokasi_18,Anorganik,1147.6
08/03/2024,Lokasi_16,Anorganik,1398.58
24/12/2024,Lokasi_10,Organik,950.19
01/01/2024,Lokasi_8,Anorganik,1275.33
04/02/2023,Lokasi_12,Organik,667.53
08/08/2024,Lokasi_16,Organik,656.2
09/01/2021,Lokasi_12,Anorganik,1024.8
21/10/2025,Lokasi_11,B3,1096.34
14/07/2025,Lokasi_20,Anorganik,1132.34
19/11/2022,Lokasi_19,Organik,1245.67
04/03/2025,Lokasi_1,Organik,794.93
28/12/2024,Lokasi_3,Organik,1122.61
14/01/2024,Lokasi_12,B3,688.14
25/03/2023,Lokasi_9,Organik,719
30/11/2022,Lokasi_5,B3,567.31
01/09/2025,Lokasi_1,Anorganik,1247
25/12/2020,Lokasi_10,Organik,1006.99
03/08/2025,Lokasi_17,Organik,738.19
15/02/2023,Lokasi_4,B3,1056.24
23/06/2024,Lokasi_15,B3,854.24
04/11/2023,Lokasi_19,Organik,1337.21
27/04/2025,Lokasi_8,Organik,1028.15
09/11/2021,Lokasi_15,Anorganik,529.81
07/01/2020,Lokasi_7,Anorganik,1485.1
10/05/2024,Lokasi_15,Anorganik,574.3
12/04/2022,Lokasi_8,Anorganik,1195.96
15/12/2024,Lokasi_10,Anorganik,937.26
02/07/2022,Lokasi_18,Anorganik,749.32
04/07/2025,Lokasi_4,Anorganik,1176.46
13/12/2023,Lokasi_15,B3,625.9
21/12/2023,Lokasi_11,Anorganik,1358.25
11/02/2024,Lokasi_3,Anorganik,750.61
05/05/2020,Lokasi_15,Organik,861.45
27/03/2022,Lokasi_3,Organik,1132.64
03/01/2025,Lokasi_15,Anorganik,501.03
29/07/2021,Lokasi_6,Anorganik,972.75
16/11/2023,Lokasi_1,Anorganik,1394.25
18/07/2022,Lokasi_14,Anorganik,1180.42
03/01/2024,Lokasi_16,Anorganik,887.9
12/04/2022,Lokasi_1,Organik,1160.42
20/11/2022,Lokasi_17,Organik,1436.57
06/07/2024,Lokasi_8,Organik,687.81
15/03/2025,Lokasi_18,Organik,1031.81
28/12/2023,Lokasi_16,Anorganik,734.74
31/10/2023,Lokasi_6,Organik,1354.22
18/03/2021,Lokasi_10,Organik,1221.05
23/10/2025,Lokasi_10,Organik,1301.08
10/07/2021,Lokasi_5,B3,1443.01
24/03/2023,Lokasi_12,Anorganik,732.31
30/07/2025,Lokasi_20,B3,548.72
28/12/2020,Lokasi_17,B3,790.9
11/06/2023,Lokasi_14,Anorganik,899.14
15/01/2025,Lokasi_14,Anorganik,1125.16
24/01/2025,Lokasi_3,Anorganik,1297.7
12/12/2025,Lokasi_12,Organik,849.8
29/06/2022,Lokasi_20,Anorganik,973.5
01/09/2020,Lokasi_18,Anorganik,1285.47
25/06/2021,Lokasi_12,B3,725.33
09/12/2025,Lokasi_2,Anorganik,717.13
12/12/2025,Lokasi_2,Anorganik,1089.23
21/04/2024,Lokasi_17,Organik,936.06
03/05/2020,Lokasi_10,Organik,1448.9
27/09/2024,Lokasi_18,Anorganik,857.03
24/02/2022,Lokasi_19,Anorganik,1259.56
05/08/2025,Lokasi_1,Organik,1083.09
07/03/2022,Lokasi_4,Organik,554.58
17/03/2020,Lokasi_4,B3,584.39
28/02/2020,Lokasi_2,Anorganik,703.16
03/03/2024,Lokasi_19,Organik,643.15
20/04/2025,Lokasi_12,Organik,829.37
26/11/2025,Lokasi_10,B3,1078.99
25/07/2023,Lokasi_13,Organik,1102.36
08/03/2020,Lokasi_20,Organik,1087.77
16/04/2025,Lokasi_15,Anorganik,617.61
30/12/2020,Lokasi_3,Anorganik,1100.23
31/03/2022,Lokasi_20,Organik,909.75
03/11/2023,Lokasi_13,Anorganik,1403.05
04/08/2022,Lokasi_8,Organik,1411.98
26/04/2024,Lokasi_7,Anorganik,1268.17
09/10/2023,Lokasi_8,Organik,1203.11
10/12/2023,Lokasi_18,Anorganik,614.95
31/01/2022,Lokasi_9,Organik,584.69
06/12/2020,Lokasi_6,Organik,1340.83
17/01/2021,Lokasi_4,Anorganik,927.02
30/09/2022,Lokasi_15,Anorganik,951.36
05/04/2024,Lokasi_5,Organik,1347.79
26/10/2020,Lokasi_5,Anorganik,1121.43
18/05/2020,Lokasi_7,Anorganik,679.41
24/12/2020,Lokasi_9,Anorganik,711.01
15/04/2022,Lokasi_7,Organik,506.38
02/03/2024,Lokasi_9,Anorganik,1210.67
15/06/2024,Lokasi_20,B3,985.61
05/06/2025,Lokasi_10,Organik,1449.96
27/07/2023,Lokasi_4,Organik,1214.01
27/06/2022,Lokasi_6,Anorganik,603.15
08/02/2023,Lokasi_14,B3,661.54
26/12/2025,Lokasi_9,Organik,1001.72
22/09/2022,Lokasi_1,Organik,1424.87
21/11/2025,Lokasi_17,Organik,747.25
22/05/2023,Lokasi_13,Anorganik,1325.58
19/11/2024,Lokasi_7,Organik,812.27
13/06/2020,Lokasi_9,Organik,769.9
25/09/2022,Lokasi_11,B3,1401.39
31/07/2023,Lokasi_3,Anorganik,547.24
18/10/2021,Lokasi_12,B3,1160.74
24/03/2025,Lokasi_3,Anorganik,543.17
08/08/2025,Lokasi_15,Anorganik,1300.76
12/10/2025,Lokasi_10,Organik,1329.4
14/02/2023,Lokasi_1,Organik,1393.36
04/03/2025,Lokasi_14,Organik,686.09
23/09/2020,Lokasi_20,Organik,624.5
19/01/2025,Lokasi_6,Anorganik,1003.54
04/09/2024,Lokasi_2,Organik,771.63
19/02/2024,Lokasi_8,Anorganik,1106.3
20/04/2021,Lokasi_1,Organik,1013.75
03/09/2022,Lokasi_4,Anorganik,644.85
22/04/2023,Lokasi_4,Anorganik,1239.27
09/11/2022,Lokasi_5,B3,1303.78
14/05/2025,Lokasi_20,Anorganik,1463.04
11/07/2021,Lokasi_9,Organik,895.54
14/10/2022,Lokasi_13,Anorganik,837.73
24/05/2024,Lokasi_18,Anorganik,692.26
01/06/2022,Lokasi_17,Organik,680.87
27/10/2021,Lokasi_1,Organik,821.05
06/11/2024,Lokasi_15,Organik,1481.82
13/05/2022,Lokasi_2,Organik,592.26
04/08/2021,Lokasi_16,Organik,759.37
25/11/2021,Lokasi_20,Organik,585.98
05/06/2023,Lokasi_5,Organik,773.63
29/05/2024,Lokasi_19,Organik,592.4
24/05/2023,Lokasi_5,Organik,1008.31
02/02/2021,Lokasi_2,Organik,938.36
30/04/2025,Lokasi_7,Organik,674.05
15/12/2021,Lokasi_3,Anorganik,674.81
04/12/2021,Lokasi_17,Anorganik,1126.11
10/09/2024,Lokasi_3,Anorganik,887.12
26/05/2025,Lokasi_13,Anorganik,556.19
22/03/2020,Lokasi_7,Anorganik,1420.19
26/08/2021,Lokasi_3,Organik,904.95
24/05/2025,Lokasi_15,Anorganik,1091.05
06/09/2024,Lokasi_18,Organik,1385.41
08/08/2025,Lokasi_10,Organik,902.16
21/06/2022,Lokasi_7,Anorganik,1320.66
30/12/2020,Lokasi_9,Anorganik,1414.75
11/06/2020,Lokasi_5,Anorganik,674.07
06/02/2025,Lokasi_20,Organik,1392.49
25/04/2020,Lokasi_8,Organik,619.83
30/05/2022,Lokasi_14,Organik,775.13
19/04/2022,Lokasi_4,Anorganik,1308.21
08/09/2023,Lokasi_20,Organik,1400.68
02/11/2022,Lokasi_14,Organik,1184.14
31/07/2022,Lokasi_12,Anorganik,604.83
20/09/2024,Lokasi_2,Organik,1022.99
11/02/2023,Lokasi_13,Organik,1072.63
22/01/2020,Lokasi_1,Anorganik,781.86
15/10/2024,Lokasi_20,Organik,1491.3
13/11/2021,Lokasi_7,Anorganik,835.63
07/01/2025,Lokasi_9,Anorganik,710.25
05/05/2020,Lokasi_17,Anorganik,610.14
03/10/2020,Lokasi_13,Anorganik,878.5
22/06/2025,Lokasi_10,Anorganik,1192.62
12/05/2023,Lokasi_16,Organik,731.42
26/11/2021,Lokasi_6,B3,1269.54
02/08/2023,Lokasi_16,Organik,635.4
26/02/2020,Lokasi_11,Organik,940.47
19/01/2020,Lokasi_20,B3,1202.37
22/04/2020,Lokasi_3,Anorganik,635.31
25/06/2021,Lokasi_9,Anorganik,1097.84
01/08/2021,Lokasi_15,Organik,1298.95
24/12/2022,Lokasi_13,Organik,1095.55
25/01/2020,Lokasi_10,Anorganik,1011.46
21/04/2024,Lokasi_20,Organik,1338.3
10/08/2025,Lokasi_13,Anorganik,1485.42
21/04/2024,Lokasi_17,Organik,681.31
20/05/2020,Lokasi_7,Organik,1191.35
02/11/2024,Lokasi_6,Organik,580.66
09/10/2021,Lokasi_13,B3,542.84
19/07/2020,Lokasi_17,Organik,780.82
13/09/2020,Lokasi_15,Anorganik,1470.92
30/06/2021,Lokasi_4,Organik,1052.2
12/03/2022,Lokasi_15,Anorganik,768.27
30/07/2022,Lokasi_14,B3,632.59
17/02/2021,Lokasi_11,Organik,1420.18
07/07/2025,Lokasi_4,Organik,862.37
13/10/2023,Lokasi_3,Organik,806.7
03/01/2023,Lokasi_2,Organik,1357.96
28/06/2022,Lokasi_20,Anorganik,1104.4
06/07/2020,Lokasi_10,Organik,668.64
08/07/2025,Lokasi_13,Organik,921.51
06/08/2023,Lokasi_20,B3,1428.23
23/09/2025,Lokasi_18,Anorganik,1401.2
31/10/2025,Lokasi_16,Organik,570.11
20/02/2023,Lokasi_11,Organik,768.61
23/12/2020,Lokasi_10,Organik,654.54
31/03/2024,Lokasi_9,Anorganik,1033.81
25/12/2022,Lokasi_12,Organik,1249.98
07/08/2024,Lokasi_19,Organik,795.54
10/06/2020,Lokasi_1,Organik,1258
25/03/2021,Lokasi_18,Anorganik,1168.72
06/02/2024,Lokasi_14,Organik,1228.22
02/11/2022,Lokasi_1,B3,1448.24
28/11/2025,Lokasi_17,Organik,924.61
04/05/2025,Lokasi_11,Organik,842.57
06/08/2023,Lokasi_20,Organik,1183.85
23/05/2023,Lokasi_15,Organik,1307.56
31/08/2022,Lokasi_4,B3,691.45
23/09/2021,Lokasi_15,Organik,1346.8
09/05/2024,Lokasi_14,Anorganik,557.85
16/11/2022,Lokasi_1,Anorganik,506.39
07/05/2024,Lokasi_9,Anorganik,658.43
20/08/2024,Lokasi_7,Organik,1478.67
12/03/2021,Lokasi_11,Organik,1023.57
05/04/2024,Lokasi_2,Organik,546.57
12/12/2022,Lokasi_2,B3,1497.18
28/07/2023,Lokasi_6,Anorganik,1244.91
09/09/2025,Lokasi_19,Organik,1338.01
01/07/2020,Lokasi_20,Organik,712.94
09/01/2024,Lokasi_14,Anorganik,605.45
19/01/2024,Lokasi_3,Organik,1015.08
08/05/2024,Lokasi_7,Anorganik,1272.18
06/05/2024,Lokasi_7,Anorganik,1137.78
21/10/2021,Lokasi_4,Anorganik,1131.06
08/06/2020,Lokasi_5,Organik,1257.1
08/10/2022,Lokasi_17,Organik,727.02
22/02/2020,Lokasi_4,Organik,1161.52
11/11/2022,Lokasi_13,Organik,892.11
19/11/2022,Lokasi_16,Anorganik,569.75
13/05/2023,Lokasi_16,Anorganik,702.14
03/02/2024,Lokasi_2,Anorganik,1294
29/01/2024,Lokasi_18,Anorganik,1395.93
01/11/2022,Lokasi_1,B3,782.82
04/05/2025,Lokasi_18,Organik,690.36
29/04/2022,Lokasi_8,Anorganik,526.72
19/12/2020,Lokasi_11,Anorganik,1447.7
03/01/2023,Lokasi_15,Organik,1183.85
05/10/2024,Lokasi_16,Organik,1457.03
04/01/2024,Lokasi_17,Organik,1363.85
17/09/2022,Lokasi_17,Anorganik,840.47
18/06/2023,Lokasi_12,Organik,612.68
27/02/2025,Lokasi_10,Anorganik,999.06
14/12/2024,Lokasi_20,Organik,526.81
16/01/2023,Lokasi_6,Anorganik,649.92
28/03/2022,Lokasi_8,Anorganik,733.43
04/12/2024,Lokasi_13,Organik,1165.65
14/05/2025,Lokasi_2,Anorganik,1009.88
07/06/2022,Lokasi_19,Organik,802.42
29/01/2025,Lokasi_10,Anorganik,1064.77
26/03/2023,Lokasi_4,Anorganik,625.2
29/10/2021,Lokasi_12,Organik,1255.71
24/09/2021,Lokasi_18,Anorganik,1212.04
30/06/2024,Lokasi_7,Anorganik,716.5
16/05/2020,Lokasi_20,Anorganik,1106.39
30/04/2025,Lokasi_4,Organik,1003.3
24/08/2024,Lokasi_7,Organik,560.82
03/03/2021,Lokasi_10,B3,778.15
15/01/2024,Lokasi_15,Organik,1499.48
29/03/2022,Lokasi_12,Organik,599.54
28/12/2025,Lokasi_1,Organik,1006.41
11/01/2023,Lokasi_20,Organik,1349.33
16/07/2020,Lokasi_18,Organik,800.65
18/06/2025,Lokasi_16,Organik,760.71
15/04/2021,Lokasi_5,Organik,1390.79
02/05/2025,Lokasi_19,Organik,804.83
17/07/2022,Lokasi_4,Anorganik,1151.49
03/07/2025,Lokasi_6,Organik,1240.31
24/06/2022,Lokasi_17,Organik,1288.62
23/01/2020,Lokasi_7,Organik,1494.76
22/08/2020,Lokasi_7,B3,1303.19
29/01/2023,Lokasi_9,Organik,1157.01
17/07/2022,Lokasi_13,Anorganik,1395.46
06/06/2021,Lokasi_20,Organik,1405.74
13/12/2024,Lokasi_14,Organik,1473.17
06/03/2021,Lokasi_16,Organik,1276.47
03/03/2022,Lokasi_9,Organik,694.93
17/06/2024,Lokasi_15,Anorganik,1209.81
02/10/2024,Lokasi_5,Anorganik,575.13
16/06/2021,Lokasi_18,Anorganik,817.96
12/10/2024,Lokasi_20,Anorganik,615.81
02/08/2024,Lokasi_8,Organik,1449.94
09/08/2023,Lokasi_15,Anorganik,838.75
01/07/2022,Lokasi_9,Anorganik,1213.22
29/01/2023,Lokasi_19,Organik,1071.32
05/03/2024,Lokasi_6,Organik,607.51
20/08/2023,Lokasi_4,Anorganik,1061.34
20/10/2022,Lokasi_11,Organik,1161.02
25/04/2024,Lokasi_10,Anorganik,1381.52
10/10/2023,Lokasi_3,Organik,570.09
28/02/2024,Lokasi_1,Organik,795.63
08/08/2024,Lokasi_12,B3,1192.34
20/06/2025,Lokasi_15,Anorganik,534.33
14/08/2020,Lokasi_15,Anorganik,703.55
13/06/2023,Lokasi_14,Organik,718.67
22/05/2022,Lokasi_7,Anorganik,1169.33
10/06/2022,Lokasi_17,Organik,785.96
18/01/2024,Lokasi_19,Anorganik,1099.6
02/11/2022,Lokasi_7,Organik,1465.35
31/01/2021,Lokasi_3,Organik,1293.24
28/01/2023,Lokasi_3,B3,832.9
09/09/2025,Lokasi_18,Organik,972.4
10/10/2021,Lokasi_20,Anorganik,700.67
24/11/2020,Lokasi_14,Organik,515.72
22/01/2024,Lokasi_3,Organik,789.72
09/08/2022,Lokasi_7,B3,869.41
28/06/2025,Lokasi_7,B3,1064.37
09/07/2025,Lokasi_5,B3,1444.07
21/02/2025,Lokasi_3,Organik,1447.85
11/04/2023,Lokasi_18,Organik,570.1
07/11/2024,Lokasi_15,Organik,1114.65
10/06/2020,Lokasi_20,B3,542.35
17/10/2024,Lokasi_14,Organik,1148.08
14/02/2022,Lokasi_4,Organik,617.7
01/01/2025,Lokasi_8,B3,1446.4
17/11/2022,Lokasi_13,Organik,1364.34
28/07/2022,Lokasi_8,Anorganik,522.33
23/06/2021,Lokasi_15,Anorganik,1282.13
01/04/2022,Lokasi_17,Anorganik,1135.9
01/01/2024,Lokasi_5,Organik,995.37
24/12/2022,Lokasi_20,Organik,1102.63
21/12/2020,Lokasi_4,Organik,1178.25
22/08/2020,Lokasi_11,Organik,1384.46
28/03/2024,Lokasi_18,B3,1267.36
27/09/2025,Lokasi_10,Anorganik,1075.38
27/04/2020,Lokasi_17,Organik,1324.62
02/10/2025,Lokasi_15,Anorganik,1486.92
31/07/2024,Lokasi_6,Organik,800.18
03/12/2022,Lokasi_16,Organik,618.42
01/10/2025,Lokasi_15,Organik,1231.45
11/07/2021,Lokasi_8,Organik,1478.6
20/12/2024,Lokasi_9,Anorganik,616.71
28/06/2025,Lokasi_11,Anorganik,931.71
01/02/2021,Lokasi_2,Anorganik,562.27
05/11/2021,Lokasi_13,Organik,1276.53
21/01/2021,Lokasi_4,Organik,1448.71
28/11/2025,Lokasi_9,Organik,998.99
26/08/2025,Lokasi_5,Organik,909.52
02/06/2022,Lokasi_19,B3,1407.72
24/06/2021,Lokasi_3,Organik,633.39
19/06/2020,Lokasi_3,Anorganik,1391.58
09/01/2022,Lokasi_6,Organik,892.13
02/11/2023,Lokasi_10,Organik,1059.41
28/04/2020,Lokasi_5,Organik,1028.29
21/11/2025,Lokasi_3,Organik,1115.98
18/06/2025,Lokasi_7,Organik,1442.12
01/09/2024,Lokasi_18,Organik,1451.13
18/09/2024,Lokasi_8,B3,1331.15
24/08/2024,Lokasi_1,B3,691.54
15/12/2023,Lokasi_4,Organik,833.52
25/10/2024,Lokasi_7,Organik,987.82
04/03/2024,Lokasi_14,Anorganik,1405.46
26/10/2021,Lokasi_13,Organik,1020.86
02/02/2020,Lokasi_10,Anorganik,1477.44
03/10/2025,Lokasi_18,Organik,1483.84
21/08/2025,Lokasi_1,Anorganik,1098.58
31/03/2024,Lokasi_4,Anorganik,1377.5
20/12/2021,Lokasi_16,Anorganik,1499.22
28/04/2021,Lokasi_16,Organik,1349.72
30/08/2022,Lokasi_18,Organik,1156.91
02/11/2020,Lokasi_8,Anorganik,1345.13
01/04/2021,Lokasi_10,Organik,582.66
26/11/2020,Lokasi_16,Organik,1134.82
12/08/2020,Lokasi_11,Organik,716.52
19/01/2024,Lokasi_6,Organik,616.06
18/12/2022,Lokasi_1,Organik,1392.87
05/10/2021,Lokasi_12,B3,1139.64
07/09/2021,Lokasi_6,Organik,743.55
13/07/2020,Lokasi_13,Organik,886.78
03/05/2021,Lokasi_17,Organik,1473.28
03/06/2023,Lokasi_1,Anorganik,1362.18
07/01/2023,Lokasi_8,Anorganik,515.58
21/02/2023,Lokasi_8,Organik,1479.8
26/05/2023,Lokasi_11,Anorganik,868.53
30/05/2021,Lokasi_14,Organik,1195.42
13/06/2024,Lokasi_10,Anorganik,1212.68
01/02/2023,Lokasi_15,Organik,1411.68
27/01/2021,Lokasi_7,B3,1385.06
22/09/2021,Lokasi_7,Anorganik,781.73
21/01/2025,Lokasi_10,Anorganik,1143.54
06/09/2022,Lokasi_4,Anorganik,893.71
09/03/2021,Lokasi_18,Organik,1025.54
04/10/2020,Lokasi_10,Organik,1054.68
20/08/2020,Lokasi_19,Organik,896.34
01/04/2024,Lokasi_14,Anorganik,963.89
13/05/2024,Lokasi_13,Organik,708.34
18/01/2023,Lokasi_15,Anorganik,1107.65
26/01/2020,Lokasi_16,Organik,1258.96
18/11/2023,Lokasi_2,Anorganik,929.74
05/04/2021,Lokasi_4,Organik,1477.68
27/12/2022,Lokasi_18,Anorganik,557.23
03/10/2022,Lokasi_17,Anorganik,1089.16
17/06/2025,Lokasi_10,Anorganik,1083.6
05/05/2021,Lokasi_9,Organik,536.3
08/12/2022,Lokasi_15,Organik,724.57
03/08/2020,Lokasi_12,Organik,1405.54
19/09/2024,Lokasi_9,Anorganik,1044.51
11/05/2024,Lokasi_14,Anorganik,936.39
07/06/2020,Lokasi_13,Anorganik,915.5
16/11/2021,Lokasi_6,Anorganik,1388.16
11/11/2024,Lokasi_19,Anorganik,867.03
14/08/2025,Lokasi_4,Anorganik,1359.17
17/01/2025,Lokasi_20,Organik,809.19
08/05/2024,Lokasi_17,Organik,1031.5
23/08/2024,Lokasi_19,Organik,643.82
30/04/2025,Lokasi_3,Anorganik,1325.03
24/08/2025,Lokasi_14,Organik,1235.97
19/02/2023,Lokasi_17,Organik,1030.09
30/04/2024,Lokasi_13,Anorganik,525.9
16/04/2025,Lokasi_9,Organik,981.26
23/10/2024,Lokasi_1,B3,725.2
12/08/2025,Lokasi_17,Organik,913.37
16/09/2022,Lokasi_16,Organik,1356.43
21/03/2024,Lokasi_18,Organik,1269.6
21/01/2023,Lokasi_2,Organik,741.95
07/05/2021,Lokasi_14,Anorganik,1484.95
11/09/2021,Lokasi_17,Organik,1403.21
28/09/2025,Lokasi_3,Organik,1028.67
26/03/2024,Lokasi_2,Organik,1030.15
12/05/2022,Lokasi_8,Anorganik,1401.27
18/08/2024,Lokasi_2,Anorganik,1136.14
24/05/2024,Lokasi_2,Organik,1036.69
02/08/2021,Lokasi_9,Organik,1249.15
05/03/2025,Lokasi_20,Anorganik,735.1
29/06/2023,Lokasi_6,Organik,1378.38
29/01/2025,Lokasi_12,Anorganik,1031.42
17/09/2023,Lokasi_9,Organik,1103.5
08/03/2023,Lokasi_7,Organik,589.94
22/12/2020,Lokasi_12,Anorganik,809.51
12/06/2024,Lokasi_5,Organik,926.74
29/06/2025,Lokasi_16,Anorganik,913.91
19/05/2022,Lokasi_5,Organik,1278.28
04/06/2022,Lokasi_12,Anorganik,782.32
24/06/2025,Lokasi_20,Organik,682.11
14/11/2023,Lokasi_9,Anorganik,1082.62
07/07/2023,Lokasi_7,Organik,1115.01
11/09/2021,Lokasi_19,Organik,621.58
01/06/2022,Lokasi_20,Anorganik,502.47
07/03/2022,Lokasi_11,Anorganik,1417.65
12/12/2025,Lokasi_12,Anorganik,579.64
20/07/2023,Lokasi_3,Anorganik,1397.87
10/09/2021,Lokasi_17,Organik,899.21
08/01/2025,Lokasi_7,Organik,1153.06
01/09/2020,Lokasi_10,Anorganik,685.61
18/07/2022,Lokasi_15,Organik,1323.92
24/06/2023,Lokasi_2,B3,680.19
03/06/2021,Lokasi_13,Organik,886.51
08/01/2020,Lokasi_4,Anorganik,738.03
12/07/2025,Lokasi_18,Anorganik,1337.51
09/05/2021,Lokasi_1,Organik,1358.34
17/06/2024,Lokasi_2,Anorganik,872.03
28/11/2022,Lokasi_2,Anorganik,807.38
05/07/2020,Lokasi_4,Anorganik,1273.57
20/02/2025,Lokasi_3,Anorganik,1378.51
10/11/2025,Lokasi_17,Organik,1124.02
26/03/2020,Lokasi_14,Organik,1427.4
16/05/2020,Lokasi_2,Anorganik,883.04
22/10/2025,Lokasi_16,Organik,651.89
24/06/2024,Lokasi_11,Organik,679.64
17/10/2024,Lokasi_13,Organik,1169.83
22/11/2024,Lokasi_1,B3,907.53
21/05/2022,Lokasi_2,B3,656.31
01/08/2022,Lokasi_2,Organik,792.23
14/06/2024,Lokasi_5,Organik,1030.61
14/12/2020,Lokasi_4,Anorganik,621.45
03/08/2024,Lokasi_12,Organik,503.44
11/04/2023,Lokasi_3,Organik,1417.3
10/01/2020,Lokasi_20,Organik,804.86
01/01/2024,Lokasi_10,Anorganik,721.5
28/10/2021,Lokasi_20,Anorganik,1198.48
02/03/2024,Lokasi_18,Anorganik,1353.4
16/12/2025,Lokasi_10,Organik,1132.28
23/08/2021,Lokasi_1,B3,754.48
22/11/2020,Lokasi_6,Anorganik,1361.64
06/09/2022,Lokasi_11,B3,1010.43
20/09/2021,Lokasi_2,Anorganik,881.19
17/06/2024,Lokasi_7,B3,1104.73
30/09/2020,Lokasi_20,Organik,1200.61
15/11/2021,Lokasi_18,Anorganik,1093.83
25/04/2020,Lokasi_19,Anorganik,1420.25
10/05/2022,Lokasi_4,Anorganik,1128.02
26/06/2025,Lokasi_13,B3,1378.58
23/11/2021,Lokasi_18,Organik,1086.96
10/01/2023,Lokasi_20,Organik,829.68
01/12/2025,Lokasi_13,Anorganik,1032.3
27/11/2024,Lokasi_19,B3,586.34
02/06/2020,Lokasi_17,Anorganik,730.17
15/03/2025,Lokasi_1,Anorganik,1266.23
28/11/2023,Lokasi_6,Anorganik,1161.48
13/07/2023,Lokasi_19,Organik,666.52
10/11/2020,Lokasi_20,Anorganik,938.02
30/11/2022,Lokasi_1,Organik,641.99
14/04/2020,Lokasi_8,Anorganik,1355.82
08/04/2025,Lokasi_17,Organik,609.17
28/03/2025,Lokasi_15,Organik,1154.23
01/05/2023,Lokasi_18,Anorganik,1107
25/11/2023,Lokasi_7,Anorganik,972.78
07/11/2024,Lokasi_16,Organik,778.23
14/05/2025,Lokasi_7,Anorganik,903.96
22/05/2024,Lokasi_17,Anorganik,1306.39
09/12/2021,Lokasi_4,Organik,1261.55
12/10/2021,Lokasi_12,Anorganik,1238.81
04/08/2022,Lokasi_13,Organik,1249.82
22/10/2021,Lokasi_4,Anorganik,643.89
16/11/2025,Lokasi_1,Anorganik,599.1
06/02/2023,Lokasi_1,Organik,1361.5
30/11/2021,Lokasi_7,Anorganik,1337.17
31/07/2025,Lokasi_9,Anorganik,1181.32
05/07/2021,Lokasi_1,Organik,1105.91
08/02/2021,Lokasi_16,Anorganik,866.87
06/04/2021,Lokasi_18,Organik,724.08
19/12/2025,Lokasi_15,B3,1167.66
23/05/2022,Lokasi_6,Organik,1413.03
24/03/2020,Lokasi_2,Anorganik,937
23/11/2023,Lokasi_9,Organik,803.21
08/08/2020,Lokasi_4,Anorganik,770.74
23/10/2023,Lokasi_13,Anorganik,523.71
21/04/2020,Lokasi_11,Organik,1020.32
06/09/2021,Lokasi_13,Anorganik,1488.24
30/04/2024,Lokasi_11,Anorganik,1315.24
19/04/2021,Lokasi_19,Anorganik,1397.47
28/03/2025,Lokasi_8,B3,1121.16
27/09/2020,Lokasi_7,Anorganik,981.45
04/04/2025,Lokasi_16,Anorganik,1490.46
22/10/2023,Lokasi_3,Organik,947.16
09/02/2020,Lokasi_17,Organik,1416.83
05/06/2025,Lokasi_18,Organik,1261.84
20/09/2022,Lokasi_15,B3,830.98
05/07/2025,Lokasi_17,Anorganik,1003.06
16/10/2020,Lokasi_11,Anorganik,884.33
05/10/2020,Lokasi_5,Anorganik,636.22
03/08/2021,Lokasi_16,Organik,856.77
12/05/2022,Lokasi_15,Anorganik,1388.97
10/09/2020,Lokasi_10,Organik,1252.64
29/06/2020,Lokasi_14,B3,777.58
11/11/2021,Lokasi_2,Anorganik,867.91
04/04/2022,Lokasi_16,B3,1116.43
30/11/2021,Lokasi_19,Anorganik,916.14
11/09/2023,Lokasi_8,Organik,1003.04
12/10/2023,Lokasi_15,Organik,1198.17
31/07/2024,Lokasi_10,Organik,967.25
26/06/2024,Lokasi_5,Organik,690.97
11/05/2025,Lokasi_20,Organik,1020.57
30/07/2020,Lokasi_16,B3,856.12
18/03/2024,Lokasi_12,Organik,790.73
18/01/2021,Lokasi_13,Anorganik,828.11
10/09/2024,Lokasi_9,B3,939
07/12/2020,Lokasi_17,B3,1386.61
12/01/2025,Lokasi_20,Organik,1234.06
10/06/2025,Lokasi_12,Organik,1167.88
23/04/2022,Lokasi_5,Organik,971.26
14/03/2024,Lokasi_12,Organik,501.83
23/02/2021,Lokasi_1,Anorganik,840.55
11/06/2025,Lokasi_20,Organik,1313.19
16/04/2025,Lokasi_16,B3,888.17
23/01/2025,Lokasi_12,Anorganik,1063.82
01/11/2020,Lokasi_9,Organik,704.74
18/05/2022,Lokasi_13,Organik,1415.86
09/02/2023,Lokasi_17,Anorganik,1423.17
05/12/2023,Lokasi_17,Anorganik,646.07
24/07/2020,Lokasi_4,Organik,1224.16
10/05/2021,Lokasi_14,Anorganik,575.24
24/03/2025,Lokasi_19,Anorganik,1098.55
11/11/2022,Lokasi_7,Organik,678.65
31/07/2020,Lokasi_3,Organik,645.71
05/11/2020,Lokasi_1,Anorganik,504.12
14/06/2025,Lokasi_12,Organik,1440.86
28/09/2020,Lokasi_15,Organik,1329.25
27/12/2024,Lokasi_11,Anorganik,577.48
10/09/2025,Lokasi_10,Organik,1099.38
18/03/2021,Lokasi_2,Organik,732.9
10/09/2020,Lokasi_4,Anorganik,764.02
04/06/2021,Lokasi_17,Organik,1374.17
03/09/2022,Lokasi_17,Organik,614.33
10/01/2020,Lokasi_8,Anorganik,1101.49
02/05/2024,Lokasi_14,Anorganik,901.26
08/02/2023,Lokasi_4,Organik,690.8
01/06/2020,Lokasi_6,Anorganik,951.92
16/07/2024,Lokasi_19,Anorganik,1440.49
30/01/2025,Lokasi_4,Anorganik,1281.61
29/04/2023,Lokasi_3,Organik,632.11
18/10/2024,Lokasi_20,Anorganik,1349.43
09/01/2023,Lokasi_6,Organik,1437.44
13/06/2022,Lokasi_7,Organik,776.96
16/01/2023,Lokasi_14,Organik,833.42
13/04/2020,Lokasi_12,Organik,626.31
29/03/2025,Lokasi_16,Organik,844.94
03/10/2022,Lokasi_20,Organik,1173.14
10/02/2021,Lokasi_8,Organik,772.16
02/11/2023,Lokasi_2,Anorganik,506.83
15/06/2020,Lokasi_13,Organik,838.54
23/05/2021,Lokasi_8,Organik,953.17
19/07/2024,Lokasi_20,Organik,1066.36
01/02/2022,Lokasi_16,Anorganik,1183.83
11/11/2021,Lokasi_4,Anorganik,561.78
21/10/2025,Lokasi_16,Organik,969.75
10/03/2023,Lokasi_20,Anorganik,766.36
04/08/2021,Lokasi_6,B3,1447.97
18/09/2020,Lokasi_4,Organik,859.9
25/09/2023,Lokasi_16,Anorganik,600.12
24/08/2023,Lokasi_13,Anorganik,541.49
18/03/2024,Lokasi_5,Anorganik,765.41
14/07/2021,Lokasi_15,Anorganik,678.88
04/01/2023,Lokasi_8,Organik,1149.8
18/03/2025,Lokasi_7,Organik,1346.97
23/06/2020,Lokasi_14,B3,812.56
26/11/2025,Lokasi_7,Organik,1077.79
10/07/2020,Lokasi_7,Organik,1230.31
05/03/2020,Lokasi_18,B3,898.49
06/02/2024,Lokasi_10,B3,566.33
16/04/2024,Lokasi_18,Organik,729.18
25/02/2023,Lokasi_14,Organik,1383.07
21/04/2025,Lokasi_10,Organik,1324.48
03/01/2021,Lokasi_7,Anorganik,586.53
30/04/2022,Lokasi_7,Organik,723.95
12/02/2020,Lokasi_7,Organik,1269.17
22/03/2025,Lokasi_5,Organik,985.9
18/03/2020,Lokasi_1,Organik,1259.97
29/12/2024,Lokasi_14,Organik,711.09
17/07/2023,Lokasi_18,Organik,1452.7
04/11/2021,Lokasi_13,Anorganik,1283.61
01/12/2021,Lokasi_8,Anorganik,697.45
28/01/2022,Lokasi_8,Anorganik,1058.45
07/04/2025,Lokasi_10,Anorganik,613.1
20/06/2022,Lokasi_17,Organik,861.43
19/09/2022,Lokasi_6,Anorganik,1159.62
06/04/2023,Lokasi_15,Anorganik,830.13
16/01/2024,Lokasi_15,Organik,1156.76
24/01/2021,Lokasi_16,Organik,744.78
26/09/2022,Lokasi_8,Anorganik,1221.21
08/06/2021,Lokasi_19,Organik,859.59
29/01/2025,Lokasi_20,Anorganik,1290.48
15/02/2024,Lokasi_15,Anorganik,636.69
20/10/2021,Lokasi_3,Organik,861.98
09/06/2022,Lokasi_6,B3,963.93
21/01/2024,Lokasi_8,Organik,923.85
27/03/2021,Lokasi_16,Organik,933.09
17/03/2024,Lokasi_15,Organik,944.8
01/06/2022,Lokasi_13,Organik,1488.8
08/11/2020,Lokasi_20,Anorganik,693.16
19/04/2022,Lokasi_15,Organik,1268.66
09/01/2021,Lokasi_18,B3,1051.79
26/03/2021,Lokasi_13,Organik,913.63
17/08/2021,Lokasi_8,Organik,1133.53
18/05/2023,Lokasi_14,Organik,1353.53
14/05/2021,Lokasi_11,Anorganik,966.64
08/04/2021,Lokasi_6,Organik,1364.8
22/04/2020,Lokasi_1,Organik,593.8
01/11/2022,Lokasi_2,Organik,1153.08
08/04/2025,Lokasi_13,B3,833.18
19/05/2020,Lokasi_1,Organik,886.72
25/11/2023,Lokasi_4,B3,1071.02
31/05/2021,Lokasi_2,Anorganik,979.92
01/05/2025,Lokasi_20,Organik,881.78
05/12/2025,Lokasi_16,Anorganik,808.32
06/06/2022,Lokasi_3,Anorganik,1118.32
03/09/2023,Lokasi_17,Organik,1005.58
19/02/2020,Lokasi_5,Organik,823.31
19/01/2020,Lokasi_8,B3,704.96
26/12/2021,Lokasi_12,Organik,1274.47
13/01/2024,Lokasi_12,B3,1299.71
27/03/2021,Lokasi_1,Anorganik,713.79
10/03/2023,Lokasi_1,Organik,761.65
12/01/2023,Lokasi_15,Organik,739.14
02/08/2020,Lokasi_17,Organik,1384.57
29/03/2024,Lokasi_2,Anorganik,1274.13
07/05/2020,Lokasi_17,Organik,574.57
19/01/2025,Lokasi_20,Organik,1332.67
29/01/2022,Lokasi_9,Organik,536.85
20/12/2024,Lokasi_12,Organik,753.2
26/12/2020,Lokasi_4,Anorganik,1418.99
22/07/2021,Lokasi_13,Anorganik,1364.33
16/11/2023,Lokasi_4,Anorganik,1281.43
16/05/2024,Lokasi_7,B3,957.55
19/08/2024,Lokasi_14,Organik,821.41
20/07/2020,Lokasi_9,Organik,1381.55
26/08/2025,Lokasi_1,Organik,1157.07
01/06/2021,Lokasi_1,B3,795.51
10/09/2023,Lokasi_20,Anorganik,963.2
06/12/2023,Lokasi_4,Anorganik,1381.5
03/09/2023,Lokasi_1,Organik,1403.46
11/11/2021,Lokasi_10,Organik,1159.3
11/06/2025,Lokasi_2,Organik,1232.56
31/01/2024,Lokasi_15,Anorganik,539.3
28/02/2021,Lokasi_3,Anorganik,1104.6
22/05/2025,Lokasi_9,Organik,1188.99
08/09/2024,Lokasi_17,Organik,520.38
16/02/2022,Lokasi_13,Organik,1343.86
15/11/2025,Lokasi_3,Organik,1428.29
31/12/2024,Lokasi_4,Organik,737.94
26/07/2020,Lokasi_4,Anorganik,1345.8
17/03/2024,Lokasi_11,Organik,1165.51
17/07/2024,Lokasi_7,Organik,1080.7
22/01/2020,Lokasi_11,Anorganik,1343.13
02/06/2020,Lokasi_11,Anorganik,785.61
16/05/2025,Lokasi_10,Anorganik,1290.86
06/08/2020,Lokasi_5,B3,814.52
30/10/2021,Lokasi_13,Organik,1287.46
27/02/2024,Lokasi_12,Organik,951.05
29/08/2025,Lokasi_10,Organik,616.95
07/08/2022,Lokasi_7,B3,881.52
06/02/2021,Lokasi_19,Organik,733.49
18/08/2021,Lokasi_19,Anorganik,600.53
08/12/2023,Lokasi_19,Organik,610.29
03/03/2023,Lokasi_12,Organik,1280.07
08/10/2024,Lokasi_20,Organik,1381.4
30/07/2023,Lokasi_15,Anorganik,1427.13
13/03/2020,Lokasi_5,B3,1353.95
25/04/2021,Lokasi_14,B3,1330.22
13/07/2021,Lokasi_12,B3,568.84
14/01/2022,Lokasi_11,Anorganik,1290.12
06/01/2024,Lokasi_5,Anorganik,1283.28
09/04/2020,Lokasi_16,Organik,631.29
18/12/2022,Lokasi_18,Organik,1162.01
16/02/2021,Lokasi_12,Organik,952.51
24/12/2022,Lokasi_5,Organik,1400.01
23/03/2023,Lokasi_16,B3,1195.41
01/07/2025,Lokasi_12,Organik,1450.99
31/03/2022,Lokasi_2,Anorganik,604.92
23/10/2021,Lokasi_6,Anorganik,540.61
13/07/2021,Lokasi_4,Anorganik,1473.58
25/06/2023,Lokasi_13,Anorganik,580.19
18/12/2024,Lokasi_10,Anorganik,886.2
01/09/2021,Lokasi_17,Organik,1149.97
25/01/2020,Lokasi_14,Anorganik,1380.06
21/07/2025,Lokasi_15,Organik,754.58
10/10/2020,Lokasi_8,Organik,529.06
12/01/2024,Lokasi_18,Anorganik,1021.29
27/10/2020,Lokasi_3,Anorganik,971.11
27/12/2022,Lokasi_17,Anorganik,806.89
27/10/2022,Lokasi_7,Anorganik,1373.9
27/03/2022,Lokasi_13,Organik,1249.32
23/03/2020,Lokasi_16,Organik,1358.12
04/04/2025,Lokasi_5,Organik,661.81
24/09/2025,Lokasi_4,Anorganik,1192.41
09/09/2021,Lokasi_10,Organik,1475.1
24/06/2020,Lokasi_13,Organik,1111.91
04/04/2023,Lokasi_10,Anorganik,671.36
21/04/2022,Lokasi_14,Anorganik,1495.78
04/01/2021,Lokasi_12,Organik,1028.32
23/12/2024,Lokasi_1,Anorganik,1340.06
02/10/2025,Lokasi_20,Organik,649.36
20/11/2021,Lokasi_20,Anorganik,1166.1
14/11/2024,Lokasi_7,Anorganik,1412.62
26/09/2023,Lokasi_9,Organik,1032.02
03/12/2023,Lokasi_8,Organik,788.66
01/01/2021,Lokasi_13,Organik,627.42
05/10/2021,Lokasi_14,Anorganik,795.94
13/03/2020,Lokasi_12,B3,854.88
25/06/2023,Lokasi_8,Organik,1209.96
09/05/2022,Lokasi_18,Anorganik,678.62
12/02/2020,Lokasi_16,Anorganik,606.1
30/11/2022,Lokasi_11,Organik,886.94
25/02/2024,Lokasi_16,Organik,958.65
17/09/2025,Lokasi_14,Anorganik,1128.39
03/01/2021,Lokasi_3,B3,1207.53
30/05/2020,Lokasi_2,Organik,1389.28
08/02/2023,Lokasi_3,Organik,788.95
12/02/2024,Lokasi_4,Organik,1028.61
30/12/2023,Lokasi_5,Organik,866.04
06/12/2022,Lokasi_10,Anorganik,501.42
20/10/2022,Lokasi_20,Organik,1079.43
17/05/2024,Lokasi_2,B3,1315.8
02/08/2025,Lokasi_12,Organik,536.44
21/10/2023,Lokasi_5,Anorganik,503.49
09/03/2020,Lokasi_5,Anorganik,1227.82
01/08/2022,Lokasi_1,B3,1183.86
12/03/2022,Lokasi_4,Anorganik,905.85
01/03/2020,Lokasi_12,Organik,1161.6
03/08/2022,Lokasi_12,Organik,1453.39
30/08/2023,Lokasi_16,Organik,747.86
30/03/2023,Lokasi_17,Organik,745.93
26/11/2020,Lokasi_10,Anorganik,686.23
31/03/2024,Lokasi_17,Organik,1223.99
03/12/2020,Lokasi_17,Anorganik,853.19
17/06/2024,Lokasi_18,Organik,1488.69
20/08/2023,Lokasi_2,Anorganik,1214.65
06/03/2024,Lokasi_4,Anorganik,867.38
31/07/2024,Lokasi_19,Organik,649.19
23/09/2023,Lokasi_11,Organik,1092.02
22/04/2024,Lokasi_17,Anorganik,794.9
01/10/2020,Lokasi_12,Organik,1405.51
02/04/2023,Lokasi_2,Organik,941.4
16/06/2025,Lokasi_6,Organik,792.65
19/05/2022,Lokasi_9,B3,1088.55
11/10/2022,Lokasi_5,Organik,636.97
26/03/2025,Lokasi_20,Anorganik,1061.55
25/08/2021,Lokasi_9,Organik,556.11
04/12/2024,Lokasi_8,Anorganik,1106.89
21/11/2021,Lokasi_20,Anorganik,1030.16
08/05/2021,Lokasi_8,B3,1020.77
04/05/2021,Lokasi_6,Organik,1184.16
24/01/2021,Lokasi_3,Organik,544.46
21/10/2020,Lokasi_5,Anorganik,959.73
24/10/2023,Lokasi_9,Anorganik,944.04
13/09/2024,Lokasi_7,Anorganik,959.78
10/10/2021,Lokasi_4,Anorganik,1479.89
16/02/2025,Lokasi_7,Organik,639.28
21/07/2021,Lokasi_5,Organik,1190.43
20/03/2021,Lokasi_11,Organik,902
28/12/2020,Lokasi_15,Organik,1011.73
10/12/2025,Lokasi_2,Organik,1262.39
26/04/2023,Lokasi_13,Organik,657.38
11/01/2022,Lokasi_16,Organik,1263.59
03/08/2025,Lokasi_7,Organik,570.33
10/11/2021,Lokasi_8,Organik,983.31
30/06/2024,Lokasi_6,Organik,1242.07
21/04/2024,Lokasi_7,Organik,692.55
20/09/2023,Lokasi_18,Anorganik,1270.92
09/11/2025,Lokasi_20,Organik,666.81
03/03/2020,Lokasi_7,B3,1299.24
08/03/2023,Lokasi_3,Organik,968.94
13/05/2023,Lokasi_5,Organik,1184.64
12/09/2020,Lokasi_1,Anorganik,1417.41
14/05/2020,Lokasi_15,Organik,908.42
24/05/2022,Lokasi_3,Organik,732.96
01/04/2022,Lokasi_8,Organik,1367.16
05/11/2025,Lokasi_9,Organik,661.62
02/04/2022,Lokasi_15,Anorganik,1131.48
31/08/2022,Lokasi_10,Anorganik,1423.25
12/11/2024,Lokasi_2,Organik,1174.4
30/04/2020,Lokasi_20,Organik,695.68
25/06/2024,Lokasi_5,B3,652.28
26/09/2023,Lokasi_19,Organik,752.31
04/10/2022,Lokasi_13,Organik,891.41
13/07/2022,Lokasi_11,Organik,659.16
06/10/2021,Lokasi_1,Organik,1297.81
25/07/2025,Lokasi_15,Organik,857.04
30/08/2025,Lokasi_18,Organik,1436.09
29/08/2020,Lokasi_16,Organik,1342.49
07/06/2024,Lokasi_9,Anorganik,1408.82
13/03/2022,Lokasi_1,Organik,794.49
21/08/2022,Lokasi_11,Anorganik,1073.73
09/03/2020,Lokasi_9,Anorganik,821.45
26/02/2023,Lokasi_11,Organik,756.95
14/07/2020,Lokasi_13,B3,1107.09
27/12/2025,Lokasi_2,Organik,1318
15/01/2022,Lokasi_14,Anorganik,593.6
15/08/2024,Lokasi_6,Organik,775.77
03/10/2020,Lokasi_8,B3,705.13
01/03/2020,Lokasi_18,Organik,1298.35
28/03/2025,Lokasi_16,Organik,1433.37
30/09/2025,Lokasi_12,Organik,579.94
07/11/2024,Lokasi_11,Anorganik,879.21
27/08/2023,Lokasi_6,B3,1414.51
11/01/2025,Lokasi_3,Organik,844.64
20/07/2021,Lokasi_14,Organik,1212.66
20/04/2024,Lokasi_2,Organik,600.67
13/09/2021,Lokasi_11,B3,944.39
18/07/2025,Lokasi_3,Anorganik,1003.3
15/04/2023,Lokasi_18,Anorganik,1257.66
09/11/2020,Lokasi_1,Anorganik,788.82
14/11/2025,Lokasi_1,Organik,764.19
21/05/2023,Lokasi_12,Organik,802.97
16/05/2020,Lokasi_15,Organik,1055.7
26/10/2022,Lokasi_5,Organik,1376
26/11/2025,Lokasi_6,Anorganik,1330.94
23/10/2021,Lokasi_16,Anorganik,557.95
27/03/2020,Lokasi_12,Anorganik,1378.96
24/10/2025,Lokasi_12,Organik,595.11
01/08/2023,Lokasi_3,Organik,915.35
27/08/2024,Lokasi_2,Organik,1265.4
09/05/2021,Lokasi_7,Anorganik,581.51
05/07/2024,Lokasi_2,Anorganik,540.4
26/04/2025,Lokasi_7,Organik,830
04/12/2022,Lokasi_11,Anorganik,1229.93
25/11/2023,Lokasi_11,Anorganik,1021.76
19/08/2021,Lokasi_14,Anorganik,917
25/03/2021,Lokasi_3,Organik,1313.07
29/04/2021,Lokasi_14,Anorganik,1266.71
07/10/2021,Lokasi_11,Anorganik,1286.04
17/06/2024,Lokasi_4,Organik,959.73
23/10/2021,Lokasi_17,Anorganik,519.45
27/01/2022,Lokasi_16,Anorganik,672.14
15/10/2020,Lokasi_3,Organik,1241.3
21/12/2021,Lokasi_10,Organik,1253.17
29/09/2021,Lokasi_15,Anorganik,1472.3
13/05/2021,Lokasi_8,Anorganik,690.19
25/09/2021,Lokasi_18,Anorganik,622.93
31/07/2024,Lokasi_3,Organik,638.79
23/07/2025,Lokasi_7,Organik,684.79
24/04/2020,Lokasi_10,Anorganik,1028.47
04/11/2021,Lokasi_20,Organik,1475.21
02/10/2024,Lokasi_9,Anorganik,1089.43
11/06/2023,Lokasi_14,Organik,1022.69
26/05/2020,Lokasi_14,Anorganik,1173.36
05/12/2025,Lokasi_11,B3,573.93
15/02/2021,Lokasi_1,Organik,1315.35
14/08/2024,Lokasi_4,Anorganik,1146.88
12/03/2024,Lokasi_6,Organik,671.19
16/05/2020,Lokasi_5,Anorganik,1130.72
19/01/2020,Lokasi_3,Anorganik,1096.21
13/05/2025,Lokasi_2,B3,564.85
28/09/2022,Lokasi_3,Anorganik,766.93
24/03/2021,Lokasi_9,B3,890.94
02/05/2025,Lokasi_19,Organik,744.89
03/08/2022,Lokasi_19,B3,743.16
09/10/2023,Lokasi_17,Organik,1072.95
02/03/2024,Lokasi_18,Anorganik,970.86
20/05/2020,Lokasi_11,Organik,1167.29
04/04/2025,Lokasi_12,Anorganik,1456.41
02/04/2020,Lokasi_3,Organik,1160.56
26/08/2020,Lokasi_18,Organik,1082.1
23/07/2020,Lokasi_6,Organik,1347.56
27/12/2023,Lokasi_7,Organik,1132.07
01/09/2020,Lokasi_1,Organik,665.56
11/04/2022,Lokasi_6,Organik,814.75
21/10/2020,Lokasi_18,Organik,1233.36
05/05/2022,Lokasi_13,Organik,1238.38
26/08/2025,Lokasi_19,Organik,1487.01
11/03/2020,Lokasi_7,Organik,1126.97
16/07/2023,Lokasi_19,Organik,1399.55
10/09/2023,Lokasi_9,B3,554.58
31/10/2020,Lokasi_3,Anorganik,1066.22
27/10/2022,Lokasi_12,Anorganik,1419.85
30/08/2023,Lokasi_20,Organik,787.24
27/03/2022,Lokasi_18,Anorganik,654.88
31/01/2023,Lokasi_8,Organik,850.51
31/03/2022,Lokasi_9,Organik,1292.24
11/07/2020,Lokasi_13,Anorganik,584.7
11/11/2024,Lokasi_8,B3,1100.34
12/06/2021,Lokasi_10,B3,635.63
07/09/2020,Lokasi_17,Anorganik,935.53
23/11/2024,Lokasi_7,Organik,1465.98
19/07/2025,Lokasi_17,Anorganik,695.14
04/11/2023,Lokasi_18,Organik,534.02
13/03/2023,Lokasi_2,Organik,927.2
03/09/2025,Lokasi_3,Organik,1077.7
01/01/2023,Lokasi_19,Anorganik,797.52
21/01/2025,Lokasi_1,Organik,1041.77
19/05/2021,Lokasi_10,Organik,1453.4
09/06/2024,Lokasi_14,Anorganik,811.77
19/10/2023,Lokasi_13,Organik,809.43
07/05/2023,Lokasi_9,B3,982.77
18/12/2021,Lokasi_6,Organik,1015.32
04/12/2020,Lokasi_6,Organik,501.37
20/10/2021,Lokasi_19,Organik,1115.88
19/08/2022,Lokasi_10,Organik,1497.36
04/03/2021,Lokasi_3,Anorganik,792.01
17/06/2022,Lokasi_18,Organik,1130.81
18/05/2020,Lokasi_19,Organik,504.62
25/06/2021,Lokasi_5,Organik,1104.33
05/10/2025,Lokasi_11,Anorganik,947.07
09/06/2023,Lokasi_10,Anorganik,1030.29
18/01/2021,Lokasi_17,Organik,1043.9
12/07/2020,Lokasi_4,Anorganik,676.95
10/03/2025,Lokasi_18,Organik,1269.97
01/01/2022,Lokasi_18,Anorganik,1055.47
03/12/2025,Lokasi_1,Organik,770.19
15/11/2021,Lokasi_14,B3,1437.38
22/03/2020,Lokasi_8,Organik,512.77
15/06/2021,Lokasi_2,Anorganik,1225.94
06/06/2025,Lokasi_19,Anorganik,881.24
08/08/2020,Lokasi_15,B3,1022.54
26/09/2021,Lokasi_2,Organik,791.51
04/11/2024,Lokasi_4,Anorganik,821.25
17/02/2025,Lokasi_1,Organik,515.17
03/01/2020,Lokasi_19,Anorganik,1229.85
13/09/2024,Lokasi_10,Organik,1210.8
24/07/2020,Lokasi_1,Anorganik,1154.36
29/01/2025,Lokasi_20,B3,1377.95
09/02/2020,Lokasi_15,Organik,1401.27
07/10/2025,Lokasi_4,Anorganik,1056.44
05/10/2021,Lokasi_7,Organik,1184.82
10/03/2024,Lokasi_7,Anorganik,511
22/03/2025,Lokasi_18,Anorganik,1346.34
13/11/2025,Lokasi_13,Organik,1316.41
16/06/2022,Lokasi_10,Organik,520.25
21/12/2022,Lokasi_8,Anorganik,1042.83
03/07/2023,Lokasi_10,Organik,1406.66
01/11/2021,Lokasi_14,Organik,681.39
14/02/2024,Lokasi_14,Organik,852.64
19/12/2021,Lokasi_20,Anorganik,831.05
07/12/2022,Lokasi_11,Anorganik,855.94
09/05/2025,Lokasi_6,Anorganik,541.89
05/03/2023,Lokasi_1,Anorganik,779.02
06/09/2020,Lokasi_19,Organik,794.86
07/03/2025,Lokasi_7,B3,1365.87
27/01/2025,Lokasi_18,Anorganik,852.12
12/02/2024,Lokasi_3,Organik,947.22
19/05/2023,Lokasi_20,Anorganik,880.74
13/02/2020,Lokasi_11,Anorganik,620.67
05/08/2021,Lokasi_5,Organik,1490.36
12/07/2023,Lokasi_19,Organik,1325.83
07/08/2020,Lokasi_2,Organik,1040.92
09/04/2025,Lokasi_4,Organik,976.36
17/09/2022,Lokasi_10,Anorganik,1149.25
17/12/2024,Lokasi_2,Organik,826.43
07/05/2022,Lokasi_8,Organik,550.28
14/03/2022,Lokasi_1,Organik,904.32
04/05/2021,Lokasi_6,B3,1483.98
15/11/2024,Lokasi_11,Anorganik,682.35
02/02/2024,Lokasi_10,Organik,1027.71
01/09/2024,Lokasi_13,Anorganik,508.52
23/02/2020,Lokasi_1,Organik,622.03
07/09/2021,Lokasi_2,Organik,1087.19
18/12/2022,Lokasi_3,Anorganik,797.41
22/01/2025,Lokasi_9,B3,1405.68
12/08/2022,Lokasi_5,Anorganik,906.17
17/06/2024,Lokasi_10,Anorganik,708.03
11/10/2021,Lokasi_10,Organik,1045.59
29/01/2021,Lokasi_12,Anorganik,1294.97
21/09/2023,Lokasi_18,Anorganik,519.42
05/01/2021,Lokasi_1,Organik,1005.52
07/05/2022,Lokasi_3,Organik,1273.43
01/03/2022,Lokasi_5,B3,603.59
19/10/2021,Lokasi_17,Organik,1402.8
24/10/2023,Lokasi_8,Organik,764.52
18/01/2021,Lokasi_17,B3,670.6
10/10/2025,Lokasi_9,Organik,1089.26
26/08/2020,Lokasi_6,Anorganik,675.03
13/07/2020,Lokasi_17,Organik,1179.7
09/10/2025,Lokasi_8,Anorganik,990.1
26/02/2023,Lokasi_7,Anorganik,609.96
08/07/2025,Lokasi_7,Organik,1412.49
04/06/2020,Lokasi_15,B3,1173.21
11/07/2022,Lokasi_7,Organik,1045.99
28/05/2024,Lokasi_8,Anorganik,874.34
01/09/2022,Lokasi_9,Organik,634.86
15/05/2023,Lokasi_15,Anorganik,1207.52
19/12/2024,Lokasi_2,Anorganik,1313.66
17/04/2022,Lokasi_7,Organik,625.82
30/06/2025,Lokasi_15,Anorganik,994.57
25/09/2023,Lokasi_18,Anorganik,984.85
22/07/2020,Lokasi_18,Organik,849.91
09/06/2020,Lokasi_10,Organik,1289.34
26/01/2021,Lokasi_18,Anorganik,599.53
07/02/2022,Lokasi_1,Organik,705.02
29/12/2022,Lokasi_7,Anorganik,501.6
08/02/2021,Lokasi_3,B3,872.99
30/08/2021,Lokasi_14,Anorganik,791.18
02/06/2024,Lokasi_12,B3,1366.99
20/03/2024,Lokasi_14,Organik,1245.81
11/01/2025,Lokasi_4,Organik,584.47
20/11/2021,Lokasi_13,Anorganik,1240.96
25/05/2023,Lokasi_16,Organik,1175.4
04/10/2025,Lokasi_16,Anorganik,781.72
31/12/2020,Lokasi_5,Anorganik,515.46
18/09/2024,Lokasi_20,Anorganik,615.16
30/03/2021,Lokasi_6,Organik,749.94
13/04/2020,Lokasi_6,Anorganik,1316.62
17/03/2020,Lokasi_18,B3,965.31
17/08/2020,Lokasi_6,Anorganik,1418.4
21/04/2025,Lokasi_7,Organik,1289.15
20/04/2023,Lokasi_16,Anorganik,787.11
11/06/2022,Lokasi_9,Anorganik,1345.36
22/04/2024,Lokasi_13,Anorganik,616.72
05/09/2025,Lokasi_12,B3,536.12
02/08/2024,Lokasi_19,Anorganik,1108.54
25/10/2020,Lokasi_1,Organik,841.74
14/08/2022,Lokasi_8,Anorganik,829.43
19/01/2023,Lokasi_4,Organik,1187.21
14/01/2024,Lokasi_19,Anorganik,1350.1
30/12/2020,Lokasi_5,Anorganik,822.18
25/08/2024,Lokasi_17,Organik,825.01
16/12/2020,Lokasi_3,Anorganik,1033.85
19/03/2025,Lokasi_19,Organik,1153.18
08/10/2022,Lokasi_1,Anorganik,702.91
13/05/2021,Lokasi_1,Organik,1412.68
07/08/2022,Lokasi_20,Organik,1154.42
17/06/2025,Lokasi_9,Anorganik,1125.16
08/08/2025,Lokasi_5,Organik,1404.2
22/05/2021,Lokasi_7,Anorganik,1407.27
20/08/2023,Lokasi_6,Organik,635.55
14/06/2020,Lokasi_17,Organik,645.08
08/07/2022,Lokasi_17,B3,1261.95
23/04/2020,Lokasi_13,Anorganik,1456.88
18/09/2022,Lokasi_12,Organik,1166.51
05/05/2025,Lokasi_4,Anorganik,911.32
12/06/2023,Lokasi_8,Organik,1183.47
29/05/2021,Lokasi_5,Organik,728.81
16/05/2023,Lokasi_5,Anorganik,1497.97
09/12/2021,Lokasi_13,Organik,931.09
25/12/2025,Lokasi_11,Organik,1431.69
04/12/2020,Lokasi_8,Organik,930.8
08/03/2020,Lokasi_8,Anorganik,1428.14
15/05/2024,Lokasi_1,Anorganik,835.69
13/04/2024,Lokasi_13,Anorganik,1260.54
17/01/2021,Lokasi_5,Anorganik,1451
19/01/2020,Lokasi_8,Anorganik,1145.98
22/10/2025,Lokasi_17,Organik,1177.57
26/07/2021,Lokasi_13,Organik,602.89
23/07/2023,Lokasi_9,Anorganik,974.22
27/04/2025,Lokasi_2,Organik,1386.76
12/10/2021,Lokasi_19,B3,740.91
03/07/2024,Lokasi_20,Anorganik,1288.36
20/09/2022,Lokasi_17,Anorganik,1175.71
31/08/2023,Lokasi_7,Organik,722.99
19/06/2022,Lokasi_3,Anorganik,782.79
11/08/2024,Lokasi_19,Organik,927.56
04/05/2024,Lokasi_19,Anorganik,625.13
07/04/2025,Lokasi_9,Anorganik,1413.37
16/11/2024,Lokasi_10,Anorganik,1239.36
10/02/2023,Lokasi_14,Anorganik,864.96
28/04/2025,Lokasi_18,Anorganik,799.67
03/11/2022,Lokasi_15,Anorganik,1189.58
04/10/2024,Lokasi_1,Anorganik,924.22
14/10/2020,Lokasi_6,Organik,729.34
09/05/2024,Lokasi_15,Anorganik,930.15
11/10/2024,Lokasi_6,Organik,1371.3
03/01/2023,Lokasi_18,Anorganik,568.61
28/07/2022,Lokasi_1,Anorganik,868.36
19/12/2023,Lokasi_3,Anorganik,1462.34
24/07/2021,Lokasi_17,Organik,514.83
27/09/2022,Lokasi_16,Organik,1390.64
20/04/2023,Lokasi_8,Anorganik,874.83
06/07/2022,Lokasi_17,Anorganik,689.52
17/02/2025,Lokasi_8,B3,514.98
12/04/2022,Lokasi_17,Organik,570.52
05/08/2024,Lokasi_9,Anorganik,671.84
07/09/2021,Lokasi_12,Organik,525.41
09/02/2021,Lokasi_19,Organik,835.85
15/10/2024,Lokasi_4,Anorganik,544.89
02/04/2020,Lokasi_11,Organik,1192.22
15/10/2021,Lokasi_4,Organik,1318.91
09/03/2021,Lokasi_14,Organik,1387.46
09/02/2023,Lokasi_14,Organik,1049.13
09/01/2021,Lokasi_6,Organik,1446.51
02/12/2022,Lokasi_17,Anorganik,505.65
25/07/2020,Lokasi_2,Anorganik,634.02
18/02/2022,Lokasi_8,Organik,793.17
12/08/2023,Lokasi_4,Anorganik,1289.02
15/02/2023,Lokasi_10,Organik,1385.39
15/06/2021,Lokasi_7,Anorganik,1118.13
30/03/2020,Lokasi_4,Anorganik,883.24
22/01/2023,Lokasi_16,Organik,1165.85
13/01/2020,Lokasi_14,B3,680.9
31/01/2025,Lokasi_16,Organik,957.87
15/03/2022,Lokasi_9,Organik,1007.54
02/08/2022,Lokasi_4,Organik,604.87
31/01/2025,Lokasi_6,Organik,533.87
29/05/2024,Lokasi_1,Anorganik,1250.11
13/05/2025,Lokasi_7,Organik,1034.71
18/11/2022,Lokasi_1,Organik,832.24
22/10/2020,Lokasi_19,Anorganik,937.23
14/07/2022,Lokasi_8,Anorganik,1457.7
01/10/2021,Lokasi_3,Organik,884.91
19/09/2021,Lokasi_1,Anorganik,603.48
13/03/2023,Lokasi_1,Anorganik,963.6
30/07/2022,Lokasi_7,Anorganik,1148.05
09/04/2022,Lokasi_13,Anorganik,512.11
05/11/2024,Lokasi_1,Organik,832.34
02/09/2022,Lokasi_16,Organik,893.51
12/08/2022,Lokasi_14,Organik,963.71
16/06/2023,Lokasi_4,Organik,801.68
09/08/2022,Lokasi_12,Organik,1166.92
01/08/2022,Lokasi_12,Organik,1444.71
19/04/2023,Lokasi_17,Anorganik,1414
05/11/2025,Lokasi_15,Organik,1164.39
14/03/2024,Lokasi_10,Organik,1006.88
01/01/2023,Lokasi_3,B3,1325.82
27/06/2020,Lokasi_20,Organik,1335.94
02/01/2025,Lokasi_20,Anorganik,1329.57
11/06/2023,Lokasi_12,Anorganik,657.85
09/04/2021,Lokasi_1,Organik,525.43
09/11/2024,Lokasi_1,Anorganik,1483.19
15/05/2023,Lokasi_10,Anorganik,1459.65
03/06/2022,Lokasi_18,Anorganik,1064.38
25/08/2023,Lokasi_15,Anorganik,1493.06
12/07/2024,Lokasi_2,Organik,1270.55
02/08/2022,Lokasi_17,Organik,1017.38
13/07/2022,Lokasi_8,B3,889.33
22/04/2025,Lokasi_9,Anorganik,1092.86
08/05/2021,Lokasi_20,Anorganik,1015.8
26/03/2024,Lokasi_11,Organik,1493.8
23/05/2025,Lokasi_6,Anorganik,990.46
30/12/2022,Lokasi_14,B3,1335.92
30/12/2024,Lokasi_1,Anorganik,1313.62
01/02/2022,Lokasi_7,B3,571.41
19/02/2020,Lokasi_9,Organik,587.01
24/06/2022,Lokasi_11,Organik,1159.81
17/07/2021,Lokasi_16,Organik,759.11
21/02/2022,Lokasi_19,B3,1157.53
02/08/2025,Lokasi_2,Organik,644.63
05/01/2025,Lokasi_15,Organik,897.07
06/08/2021,Lokasi_3,Organik,602.47
12/08/2023,Lokasi_4,Organik,782.09
23/08/2020,Lokasi_20,Organik,588.3
04/10/2025,Lokasi_7,Anorganik,1470.58
26/04/2025,Lokasi_12,Anorganik,895.06
25/12/2020,Lokasi_4,Anorganik,1401.19
14/04/2025,Lokasi_10,Anorganik,1471.17
19/04/2020,Lokasi_6,Organik,1409.56
10/07/2020,Lokasi_14,Anorganik,954.96
22/06/2022,Lokasi_3,Organik,1278.9
21/01/2023,Lokasi_17,Organik,653.7
11/05/2022,Lokasi_11,Organik,594.83
19/12/2022,Lokasi_10,Organik,1376.9
11/10/2021,Lokasi_10,Anorganik,531.12
08/02/2020,Lokasi_10,B3,1472.33
28/09/2021,Lokasi_3,Anorganik,1172.13
02/11/2022,Lokasi_15,Organik,919.61
05/02/2020,Lokasi_17,Anorganik,641.38
18/11/2025,Lokasi_18,Anorganik,1223.23
23/09/2023,Lokasi_19,Organik,1063.11
06/06/2025,Lokasi_19,Organik,1211.13
14/06/2020,Lokasi_12,Anorganik,917.92
22/02/2025,Lokasi_5,Organik,566.26
31/01/2020,Lokasi_16,Organik,814.97
11/01/2020,Lokasi_15,Anorganik,815.02
04/07/2025,Lokasi_15,Organik,508.68
13/11/2025,Lokasi_6,Organik,509.58
30/04/2021,Lokasi_12,Organik,830.76
13/07/2023,Lokasi_2,Organik,1227.62
18/12/2023,Lokasi_20,Organik,1124.04
27/04/2025,Lokasi_9,Organik,739.02
17/05/2025,Lokasi_4,Anorganik,1102.76
25/01/2025,Lokasi_5,Organik,1147.38
09/01/2024,Lokasi_8,B3,1022.57
28/09/2023,Lokasi_10,Anorganik,1021.35
17/09/2022,Lokasi_7,Anorganik,869.75
04/04/2022,Lokasi_14,Organik,623.39
02/01/2024,Lokasi_5,Anorganik,885.48
23/11/2025,Lokasi_16,Organik,845.33
13/08/2020,Lokasi_15,Anorganik,1091.97
15/02/2022,Lokasi_5,Organik,1356.26
17/01/2023,Lokasi_3,Anorganik,875.38
18/11/2021,Lokasi_10,Anorganik,1209.74
13/06/2021,Lokasi_5,Organik,1311.83
29/08/2022,Lokasi_15,Organik,711.75
24/07/2022,Lokasi_18,Anorganik,1401.65
23/11/2023,Lokasi_8,Anorganik,570.44
23/11/2025,Lokasi_2,Anorganik,1401.72
18/07/2023,Lokasi_8,Anorganik,663.63
21/06/2025,Lokasi_8,Organik,837.17
06/03/2024,Lokasi_4,Organik,1105.24
09/11/2021,Lokasi_19,Anorganik,1405.68
09/02/2020,Lokasi_18,Anorganik,755.7
10/01/2023,Lokasi_1,Organik,1263.57
24/04/2022,Lokasi_20,Anorganik,1210.44
09/10/2024,Lokasi_15,Organik,659.71
22/03/2021,Lokasi_18,Organik,979.46
19/05/2023,Lokasi_12,Anorganik,981.51
12/09/2023,Lokasi_1,Anorganik,804.61
14/08/2020,Lokasi_7,Anorganik,1279.92
17/02/2020,Lokasi_19,Organik,1425.93
02/01/2024,Lokasi_1,Organik,1216.57
04/01/2025,Lokasi_7,Organik,1472.95
05/07/2020,Lokasi_2,B3,550.47
16/04/2025,Lokasi_7,Organik,537.22
28/04/2022,Lokasi_19,Organik,1393.86
25/07/2025,Lokasi_13,Anorganik,1397.8
06/06/2023,Lokasi_5,Anorganik,607.12
14/11/2023,Lokasi_19,Anorganik,857.45
05/09/2022,Lokasi_1,Organik,1335.39
31/05/2024,Lokasi_1,Anorganik,628.54
13/10/2022,Lokasi_18,Organik,767.43
24/02/2025,Lokasi_1,Organik,1181
26/09/2020,Lokasi_5,Anorganik,1481.9
18/06/2024,Lokasi_9,Organik,1297.14
05/11/2020,Lokasi_12,Anorganik,1277.32
05/08/2025,Lokasi_9,Organik,842.66
23/04/2024,Lokasi_18,Organik,1161.34
31/12/2022,Lokasi_11,Organik,613.09
22/08/2024,Lokasi_1,Anorganik,1492.27
16/12/2023,Lokasi_19,Anorganik,980.58
07/12/2025,Lokasi_10,Organik,1138.81
07/08/2020,Lokasi_2,Anorganik,1376.17
22/02/2020,Lokasi_7,B3,500.96
23/10/2024,Lokasi_20,Anorganik,1475.98
14/01/2024,Lokasi_2,B3,859.16
24/07/2024,Lokasi_19,B3,839.59
14/06/2023,Lokasi_6,Anorganik,645.06
20/12/2021,Lokasi_10,Anorganik,1358.18
09/02/2021,Lokasi_9,Organik,1370.84
12/03/2020,Lokasi_8,Anorganik,519.99
27/01/2025,Lokasi_11,Organik,555.73
15/08/2025,Lokasi_9,Anorganik,1418.34
14/05/2023,Lokasi_20,Anorganik,622.87
16/04/2024,Lokasi_20,Anorganik,1120.93
21/01/2021,Lokasi_9,Anorganik,1119.65
26/11/2024,Lokasi_8,Organik,1369.73
29/11/2021,Lokasi_15,B3,1072.65
15/04/2023,Lokasi_2,Anorganik,934.01
06/04/2022,Lokasi_1,Organik,1474.38
27/12/2024,Lokasi_9,Organik,728.82
14/12/2020,Lokasi_9,Anorganik,762.72
02/07/2023,Lokasi_13,Organik,584.77
03/11/2020,Lokasi_8,Organik,1475.32
24/02/2023,Lokasi_5,Anorganik,1206.36
14/05/2025,Lokasi_3,Organik,512.1
04/02/2022,Lokasi_4,Organik,1204.31
25/12/2021,Lokasi_17,Anorganik,904.14
07/06/2024,Lokasi_16,Organik,1467.55
17/01/2021,Lokasi_16,Anorganik,777.39
08/06/2021,Lokasi_20,Organik,1210.29
02/10/2020,Lokasi_3,Organik,1127.43
02/12/2020,Lokasi_6,Anorganik,512.05
27/05/2025,Lokasi_1,Organik,1385.22
25/04/2021,Lokasi_16,Organik,639.61
29/06/2022,Lokasi_15,Organik,1163.59
19/06/2025,Lokasi_7,Anorganik,1275.55
13/09/2023,Lokasi_2,Organik,1130.93
26/07/2025,Lokasi_10,Organik,597.11
20/10/2024,Lokasi_15,Organik,1475.18
18/04/2020,Lokasi_6,Organik,736.82
23/11/2020,Lokasi_2,Anorganik,1127.86
04/12/2024,Lokasi_17,Anorganik,1297.18
10/11/2020,Lokasi_1,Organik,1439.24
08/02/2023,Lokasi_1,Organik,1104.01
19/02/2022,Lokasi_4,B3,759.05
29/02/2024,Lokasi_20,Anorganik,1336.64
04/06/2020,Lokasi_16,Organik,663.22
05/02/2024,Lokasi_8,Organik,522.28
20/09/2024,Lokasi_1,Organik,1408.15
05/06/2022,Lokasi_19,Organik,1075.39
22/12/2021,Lokasi_11,Anorganik,569.64
01/07/2022,Lokasi_17,Organik,1079.73
20/05/2022,Lokasi_10,Organik,645.01
13/01/2020,Lokasi_12,Anorganik,531.39
12/05/2021,Lokasi_9,Organik,616.52
22/10/2024,Lokasi_7,Organik,1275.11
22/01/2023,Lokasi_12,Anorganik,1255.66
09/04/2023,Lokasi_15,Anorganik,1104.32
27/06/2025,Lokasi_8,Organik,709.33
05/07/2024,Lokasi_17,Anorganik,1238.97
09/05/2024,Lokasi_5,Anorganik,908.05
30/01/2024,Lokasi_14,Organik,1010.75
22/05/2020,Lokasi_2,Anorganik,1397.64
09/05/2023,Lokasi_16,Organik,957.86
18/07/2021,Lokasi_17,Anorganik,1126.37
11/09/2024,Lokasi_3,Organik,1461.75
20/02/2021,Lokasi_1,Anorganik,951.39
22/01/2025,Lokasi_18,Anorganik,1060.73
13/09/2024,Lokasi_18,Organik,1084.41
22/10/2023,Lokasi_4,Anorganik,740.71
03/12/2022,Lokasi_15,Organik,1236.92
09/02/2025,Lokasi_19,Organik,1226.64
26/01/2023,Lokasi_19,Organik,713.56
12/07/2023,Lokasi_10,Anorganik,513.34
11/12/2024,Lokasi_5,Organik,1498.94
27/12/2025,Lokasi_19,Organik,1081.59
13/02/2024,Lokasi_11,Anorganik,681.03
13/10/2022,Lokasi_7,Anorganik,783.57
10/08/2022,Lokasi_5,Organik,1117.79
12/03/2020,Lokasi_20,Organik,637.62
17/08/2024,Lokasi_12,Anorganik,537.28
15/07/2023,Lokasi_19,Organik,1298.48
06/09/2023,Lokasi_15,Organik,1215.85
24/11/2025,Lokasi_12,Anorganik,809.6
01/06/2022,Lokasi_4,Organik,558.49
18/05/2020,Lokasi_12,Anorganik,986.27
13/02/2024,Lokasi_18,Organik,776.19
02/01/2022,Lokasi_17,Organik,897.78
14/10/2024,Lokasi_19,Organik,773.97
27/02/2021,Lokasi_16,Organik,675.27
10/05/2024,Lokasi_11,Anorganik,886.99
24/01/2021,Lokasi_2,Organik,1464.89
07/12/2020,Lokasi_16,Anorganik,766.23
03/08/2022,Lokasi_1,Organik,835.97
05/09/2021,Lokasi_17,Organik,829.24
07/05/2021,Lokasi_18,Organik,980.29
10/07/2020,Lokasi_13,Organik,1343.51
13/05/2021,Lokasi_5,Organik,902.12
01/04/2022,Lokasi_6,Anorganik,1306.15
01/10/2024,Lokasi_1,Anorganik,615.01
10/06/2023,Lokasi_10,Anorganik,1394.91
22/05/2025,Lokasi_5,Organik,685.3
14/08/2020,Lokasi_1,Organik,539.2
26/10/2023,Lokasi_11,Organik,658.35
26/12/2025,Lokasi_7,Organik,690.75
27/03/2022,Lokasi_18,Organik,1008.5
13/01/2024,Lokasi_20,Anorganik,949.94
22/12/2022,Lokasi_10,Organik,1215.87
13/04/2020,Lokasi_15,Anorganik,550.95
17/02/2025,Lokasi_4,Organik,997.71
20/05/2022,Lokasi_16,Organik,832.47
29/10/2021,Lokasi_15,Organik,1130.71
04/08/2025,Lokasi_15,Organik,543.7
29/09/2020,Lokasi_12,Organik,534.93
26/10/2022,Lokasi_8,Organik,927.25
17/11/2022,Lokasi_8,Anorganik,1311.34
22/04/2024,Lokasi_18,Anorganik,1171.09
19/10/2020,Lokasi_6,B3,516.71
06/10/2025,Lokasi_5,Organik,678.47
16/07/2023,Lokasi_2,B3,726.73
03/11/2020,Lokasi_12,Organik,923.06
03/09/2022,Lokasi_4,Organik,1086.72
05/06/2023,Lokasi_13,Organik,716.46
24/06/2023,Lokasi_17,Anorganik,882.51
26/02/2024,Lokasi_16,Anorganik,1083.94
31/10/2025,Lokasi_9,Organik,883.44
24/04/2023,Lokasi_1,Anorganik,643.17
10/10/2023,Lokasi_15,Anorganik,991.66
08/11/2024,Lokasi_12,Organik,823.99
15/09/2024,Lokasi_5,Organik,1364.19
04/08/2025,Lokasi_18,Organik,1275.62
06/03/2022,Lokasi_20,Anorganik,690.28
15/06/2022,Lokasi_2,B3,652.64
15/05/2025,Lokasi_4,Organik,847.68
28/07/2020,Lokasi_15,Organik,912.17
25/08/2022,Lokasi_6,Anorganik,1432.02
16/04/2021,Lokasi_12,Organik,801.62
11/07/2022,Lokasi_18,Organik,1367.58
16/05/2020,Lokasi_20,Organik,1005.31
01/01/2021,Lokasi_4,Anorganik,1385.62
02/07/2020,Lokasi_1,Organik,1201.95
30/10/2023,Lokasi_15,B3,1208.39
20/06/2021,Lokasi_18,Organik,1018.8
21/05/2024,Lokasi_14,Anorganik,1340.3
27/06/2023,Lokasi_3,Organik,754.42
01/01/2023,Lokasi_15,Anorganik,1407.35
29/07/2023,Lokasi_5,Organik,1136.78
04/07/2022,Lokasi_3,Organik,938.71
31/05/2020,Lokasi_7,Anorganik,1482.19
25/10/2022,Lokasi_6,B3,1362.01
03/05/2023,Lokasi_1,Organik,1272.02
31/05/2025,Lokasi_19,Anorganik,773.9
27/09/2020,Lokasi_7,Anorganik,1473.74
01/04/2023,Lokasi_4,Anorganik,1242.99
04/04/2021,Lokasi_12,Organik,1105.22
14/04/2020,Lokasi_20,Anorganik,1421.8
06/09/2024,Lokasi_18,Organik,662.18
09/03/2021,Lokasi_9,Organik,639.02
19/05/2020,Lokasi_19,Organik,1063.71
03/02/2024,Lokasi_4,Anorganik,556.71
27/03/2020,Lokasi_1,Organik,1163.99
07/09/2024,Lokasi_9,Anorganik,740.74
08/05/2020,Lokasi_15,B3,619.03
23/06/2023,Lokasi_8,Organik,909.5
20/05/2024,Lokasi_15,Anorganik,965.95
31/10/2021,Lokasi_15,Organik,670.48
28/05/2020,Lokasi_18,Organik,541.54
11/09/2022,Lokasi_7,Anorganik,914.06
01/05/2022,Lokasi_18,Organik,1259.53
27/12/2023,Lokasi_16,Organik,1374.2
19/09/2021,Lokasi_2,Anorganik,597.55
01/02/2024,Lokasi_4,Anorganik,1024.68
06/08/2025,Lokasi_20,Organik,763.4
02/06/2022,Lokasi_16,Organik,874.63
23/11/2024,Lokasi_3,Organik,1433.44
06/09/2020,Lokasi_2,Anorganik,852.07
05/08/2022,Lokasi_3,Anorganik,865.35
01/09/2022,Lokasi_5,Organik,709.4
18/08/2023,Lokasi_2,Organik,1460.02
10/09/2022,Lokasi_19,Organik,956.49
07/06/2022,Lokasi_20,Anorganik,1070.39
18/10/2025,Lokasi_2,Anorganik,953.17
24/05/2022,Lokasi_2,Organik,752.92
19/08/2023,Lokasi_20,Organik,1310.41
15/04/2021,Lokasi_18,Anorganik,528.47
10/06/2025,Lokasi_20,Anorganik,1190.24
31/03/2020,Lokasi_14,Organik,1094.27
13/06/2021,Lokasi_15,B3,644.28
22/10/2021,Lokasi_12,Anorganik,665.91
08/01/2022,Lokasi_11,Anorganik,1159.23
21/05/2022,Lokasi_11,Anorganik,812.14
13/08/2024,Lokasi_7,Anorganik,765.74
10/07/2020,Lokasi_12,Organik,559.16
09/06/2025,Lokasi_16,Anorganik,1266.48
25/12/2025,Lokasi_5,Organik,1382.67
10/12/2020,Lokasi_2,Organik,1319.84
05/10/2022,Lokasi_16,Organik,966.03
21/07/2020,Lokasi_15,Organik,1033.96
26/07/2021,Lokasi_11,Anorganik,742.28
10/07/2020,Lokasi_6,Anorganik,672.85
14/08/2025,Lokasi_13,Organik,1323
28/03/2025,Lokasi_19,Organik,1298.34
12/09/2024,Lokasi_10,Organik,1277.36
06/11/2020,Lokasi_19,Anorganik,963.36
04/10/2025,Lokasi_5,Organik,1364.51
18/03/2021,Lokasi_7,Anorganik,1426.23
14/06/2023,Lokasi_11,Anorganik,828.34
19/05/2022,Lokasi_14,B3,724.69
07/08/2021,Lokasi_16,Organik,964.26
13/05/2024,Lokasi_18,Organik,679.33
17/03/2024,Lokasi_4,Anorganik,1384
25/12/2020,Lokasi_1,Organik,837.99
19/09/2024,Lokasi_15,Organik,1076.17
08/09/2025,Lokasi_14,Organik,1094.72
07/12/2024,Lokasi_19,Organik,1014.99
04/07/2025,Lokasi_5,B3,656.53
25/11/2025,Lokasi_4,Anorganik,1491
23/04/2022,Lokasi_13,Anorganik,672.6
13/06/2024,Lokasi_18,Anorganik,1251.51
09/06/2022,Lokasi_12,Organik,1291.36
14/06/2025,Lokasi_15,Organik,645.16
05/06/2025,Lokasi_9,Organik,1433.16
17/08/2022,Lokasi_4,Anorganik,987.76
08/01/2024,Lokasi_5,Organik,1128.88
01/01/2024,Lokasi_9,Anorganik,1142.19
01/01/2022,Lokasi_13,Anorganik,1004.96
28/08/2021,Lokasi_10,Organik,642.02
06/09/2021,Lokasi_16,Anorganik,1251.75
27/06/2025,Lokasi_13,Organik,1081.79
15/09/2024,Lokasi_4,Organik,618.68
04/11/2021,Lokasi_13,Anorganik,1200.32
24/06/2023,Lokasi_8,Anorganik,1202.76
06/05/2024,Lokasi_13,Organik,1048.49
30/05/2024,Lokasi_15,Anorganik,590.55
15/06/2022,Lokasi_20,Anorganik,852.64
02/01/2024,Lokasi_20,Organik,550.92
04/10/2020,Lokasi_13,Anorganik,977.6
05/07/2021,Lokasi_5,Organik,1406.45
24/06/2024,Lokasi_6,Organik,502.25
28/11/2025,Lokasi_5,Organik,766.64
30/01/2022,Lokasi_13,Organik,1299.86
20/12/2023,Lokasi_5,Anorganik,509.86
08/02/2021,Lokasi_13,Anorganik,510.17
20/09/2023,Lokasi_20,Organik,1110.82
17/05/2023,Lokasi_8,Organik,1289.2
22/01/2020,Lokasi_9,Anorganik,1276.51
08/11/2021,Lokasi_19,Organik,1279.58
21/07/2025,Lokasi_20,Organik,861.01
16/05/2023,Lokasi_15,Organik,1382.72
17/08/2025,Lokasi_10,Organik,512.84
13/12/2024,Lokasi_11,Anorganik,812.19
12/06/2021,Lokasi_5,Anorganik,837.19
30/07/2025,Lokasi_9,Anorganik,665.57
03/08/2024,Lokasi_11,Anorganik,836.23
18/10/2021,Lokasi_19,B3,1085.88
14/06/2020,Lokasi_2,Anorganik,1020.28
28/04/2022,Lokasi_6,Anorganik,819.43
10/05/2021,Lokasi_1,Anorganik,1249.33
12/08/2021,Lokasi_3,Organik,1214.79
04/03/2021,Lokasi_3,Organik,780.7
11/06/2020,Lokasi_14,Organik,823.23
16/06/2023,Lokasi_20,Organik,787.52
12/03/2020,Lokasi_5,Organik,628.85
16/10/2021,Lokasi_17,Anorganik,1252.78
25/09/2020,Lokasi_15,Organik,546.28
11/11/2024,Lokasi_6,Organik,650.58
22/06/2023,Lokasi_14,Anorganik,605.3
12/10/2022,Lokasi_14,Anorganik,1325.34
19/12/2022,Lokasi_17,Organik,544.01
06/01/2020,Lokasi_8,Anorganik,1164.63
08/09/2022,Lokasi_8,Organik,544.47
10/02/2021,Lokasi_19,Organik,1286.44
07/05/2025,Lokasi_9,Anorganik,1412.71
04/09/2025,Lokasi_11,Organik,986.84
12/09/2022,Lokasi_13,Anorganik,1304.54
24/01/2021,Lokasi_13,Anorganik,1206.41
10/12/2021,Lokasi_19,Organik,1295.64
11/01/2024,Lokasi_19,Anorganik,1266.78
23/01/2022,Lokasi_5,Organik,705.37
12/11/2023,Lokasi_16,Anorganik,999.56
26/06/2023,Lokasi_9,Anorganik,1460.41
09/06/2021,Lokasi_20,Anorganik,843.53
25/01/2024,Lokasi_3,Organik,1470.49
22/08/2025,Lokasi_19,Anorganik,1083.16
09/07/2021,Lokasi_5,Anorganik,961.61
19/01/2020,Lokasi_8,Organik,1157.76
28/07/2021,Lokasi_14,Organik,1315.84
30/09/2022,Lokasi_3,Anorganik,894.21
22/04/2025,Lokasi_13,Organik,532.95
23/04/2025,Lokasi_11,B3,1208.81
23/06/2024,Lokasi_8,Organik,1456.17
25/08/2024,Lokasi_19,Organik,1124.99
09/12/2025,Lokasi_10,Organik,688.41
07/03/2021,Lokasi_18,Organik,748.24
22/09/2025,Lokasi_18,Organik,1409.75
10/03/2025,Lokasi_7,Anorganik,513.56
27/04/2025,Lokasi_16,Organik,1048.75
02/09/2023,Lokasi_6,B3,658.68
24/05/2020,Lokasi_16,Anorganik,782.76
09/12/2022,Lokasi_16,Anorganik,806.98
24/12/2022,Lokasi_1,Organik,719.28
10/03/2022,Lokasi_19,B3,1292.35
25/02/2023,Lokasi_3,Anorganik,832.21
10/05/2025,Lokasi_6,B3,845.48
07/04/2021,Lokasi_4,Organik,953.01
09/11/2024,Lokasi_4,B3,1402.3
07/08/2025,Lokasi_4,Organik,1188.17
18/03/2022,Lokasi_10,Organik,561.75
05/07/2020,Lokasi_9,Organik,539.26
09/10/2024,Lokasi_8,Anorganik,1066.39
01/01/2022,Lokasi_19,B3,1387.06
19/04/2025,Lokasi_17,Anorganik,823.25
28/04/2023,Lokasi_17,Anorganik,747.77
12/11/2023,Lokasi_1,Organik,1248.19
04/03/2021,Lokasi_20,Anorganik,1102.09
31/07/2023,Lokasi_14,Organik,1065.03
02/05/2023,Lokasi_20,Organik,649.3
03/08/2023,Lokasi_11,Anorganik,675.96
09/02/2022,Lokasi_3,Anorganik,781.79
27/01/2022,Lokasi_8,Organik,706.84
15/05/2020,Lokasi_10,Organik,1471.44
02/03/2022,Lokasi_17,Organik,518.61
19/06/2020,Lokasi_8,Anorganik,1126.06
29/04/2024,Lokasi_1,B3,1017.6
19/08/2022,Lokasi_20,Anorganik,823.25
25/05/2022,Lokasi_7,Anorganik,1387.59
12/04/2020,Lokasi_9,Anorganik,1170.16
28/09/2022,Lokasi_12,Anorganik,1498.35
22/02/2023,Lokasi_9,Organik,668.66
21/01/2024,Lokasi_20,Organik,587.87
19/10/2021,Lokasi_3,Organik,639.4
05/05/2023,Lokasi_4,Organik,769.29
26/02/2021,Lokasi_10,Anorganik,916.79
19/06/2020,Lokasi_4,Organik,1362.6
28/03/2021,Lokasi_9,Anorganik,783.59
29/05/2025,Lokasi_1,Organik,1415.24
15/07/2024,Lokasi_5,Anorganik,962.91
15/08/2025,Lokasi_9,Anorganik,1147.07
14/10/2020,Lokasi_5,Anorganik,764.41
29/06/2024,Lokasi_6,Organik,656.01
18/12/2023,Lokasi_19,Organik,1369.46
28/03/2025,Lokasi_8,B3,609.51
30/08/2021,Lokasi_10,Organik,1274.02
01/04/2021,Lokasi_11,B3,1080.98
30/10/2024,Lokasi_13,Anorganik,1361.14
10/05/2023,Lokasi_20,Organik,1217.82
20/05/2023,Lokasi_4,Anorganik,781.66
26/10/2022,Lokasi_11,Anorganik,1074.43
22/03/2021,Lokasi_12,Organik,513.07
14/04/2022,Lokasi_5,Organik,975.22
21/03/2022,Lokasi_10,Organik,586.01
25/11/2023,Lokasi_7,Anorganik,928.94
12/11/2023,Lokasi_9,Organik,609.61
16/08/2022,Lokasi_9,Anorganik,1455.48
15/01/2024,Lokasi_10,Anorganik,1023.07
19/03/2022,Lokasi_10,Organik,1413.22
05/09/2022,Lokasi_2,Organik,522.37
26/12/2021,Lokasi_4,B3,1137.65
01/05/2023,Lokasi_8,Anorganik,806.95
18/03/2025,Lokasi_14,B3,931.83
17/02/2022,Lokasi_17,Organik,1373.09
30/08/2022,Lokasi_13,Organik,1480.02
18/03/2024,Lokasi_18,Anorganik,746.49
17/11/2023,Lokasi_18,Organik,1448.25
24/10/2025,Lokasi_13,Organik,1188.73
21/08/2021,Lokasi_8,Organik,1451.41
12/08/2020,Lokasi_12,Organik,1062.37
02/04/2024,Lokasi_1,Organik,1460.76
30/11/2025,Lokasi_20,Organik,1392.46
20/04/2022,Lokasi_18,B3,628.59
19/12/2024,Lokasi_3,Anorganik,810.79
14/12/2021,Lokasi_12,Organik,743.06
11/01/2023,Lokasi_19,Anorganik,1072.1
04/05/2020,Lokasi_13,Organik,1302.8
28/12/2022,Lokasi_10,Organik,1259.41
03/07/2023,Lokasi_15,Anorganik,1226.75
16/10/2024,Lokasi_20,Anorganik,875.26
30/01/2020,Lokasi_2,Organik,639.64
10/07/2025,Lokasi_19,Organik,710.58
09/05/2021,Lokasi_3,Organik,1241.68
28/05/2024,Lokasi_14,Anorganik,647.53
18/12/2021,Lokasi_7,Anorganik,722.95
13/10/2022,Lokasi_8,Anorganik,924.55
30/08/2023,Lokasi_11,Organik,572.11
28/08/2021,Lokasi_20,Organik,712.69
09/01/2021,Lokasi_6,Organik,649.77
14/05/2025,Lokasi_11,Anorganik,1451.32
14/11/2022,Lokasi_17,Anorganik,691.53
19/09/2023,Lokasi_10,Anorganik,1361.77
25/04/2020,Lokasi_17,Organik,614.8
26/09/2025,Lokasi_2,Anorganik,1369.67
06/12/2024,Lokasi_6,B3,1099.43
16/11/2025,Lokasi_5,Anorganik,1349.71
22/01/2024,Lokasi_4,Anorganik,1367.35
26/03/2024,Lokasi_2,Organik,1096.37
08/06/2024,Lokasi_12,Anorganik,1417.69
15/11/2021,Lokasi_3,Organik,1085.45
11/01/2024,Lokasi_6,Organik,1212.57
18/05/2024,Lokasi_14,Anorganik,916.08
08/12/2025,Lokasi_8,Organik,1414.07
20/03/2022,Lokasi_14,Organik,1324.16
04/09/2022,Lokasi_3,B3,666.71
02/10/2025,Lokasi_16,Anorganik,1076.39
16/09/2023,Lokasi_15,Anorganik,1396.83
22/02/2022,Lokasi_7,Organik,1293.06
28/08/2020,Lokasi_15,Organik,1462.55
13/11/2024,Lokasi_13,Organik,731.3
02/04/2024,Lokasi_6,B3,867.46
27/04/2021,Lokasi_15,Anorganik,1007.19
09/10/2022,Lokasi_17,Organik,732.67
05/07/2020,Lokasi_4,B3,894.05
24/02/2025,Lokasi_14,B3,1037.54
10/08/2022,Lokasi_15,Organik,691.34
19/10/2023,Lokasi_12,Organik,756.69
05/05/2021,Lokasi_19,Anorganik,624.84
06/03/2021,Lokasi_10,B3,1213.38
26/08/2020,Lokasi_6,Anorganik,861.55
16/03/2020,Lokasi_9,Anorganik,720.27
18/09/2023,Lokasi_2,Organik,1007.32
07/04/2025,Lokasi_4,Organik,568.25
16/11/2024,Lokasi_9,Organik,1423.41
06/04/2022,Lokasi_15,Organik,794.47
13/08/2021,Lokasi_13,Organik,1386.46
20/10/2025,Lokasi_20,Anorganik,997.62
17/03/2025,Lokasi_8,Anorganik,1350.15
25/03/2025,Lokasi_19,Organik,747.06
28/07/2021,Lokasi_19,Anorganik,675.27
10/06/2022,Lokasi_16,Organik,1349.41
21/08/2025,Lokasi_11,Anorganik,712.92
20/05/2020,Lokasi_10,Organik,1246.2
24/11/2024,Lokasi_8,Organik,844.58
17/01/2020,Lokasi_1,Organik,1248.19
22/12/2022,Lokasi_10,Anorganik,1407.65
09/09/2020,Lokasi_18,Anorganik,1481.64
09/04/2021,Lokasi_3,Organik,859.81
10/01/2021,Lokasi_11,Organik,867.53
01/01/2025,Lokasi_18,Anorganik,1481.39
03/06/2021,Lokasi_3,Anorganik,1361.53
03/02/2025,Lokasi_8,B3,545.09
30/03/2020,Lokasi_14,Anorganik,1073.45
20/12/2021,Lokasi_6,Anorganik,681.24
21/09/2021,Lokasi_15,Anorganik,1494.01
27/02/2025,Lokasi_14,Organik,638.92
16/03/2020,Lokasi_7,Organik,1059.35
14/07/2022,Lokasi_10,Anorganik,1165.2
10/12/2024,Lokasi_15,Anorganik,1437.06
27/08/2022,Lokasi_10,Organik,1347.26
30/12/2022,Lokasi_17,Anorganik,745.75
21/07/2025,Lokasi_19,Anorganik,1072.62
05/11/2023,Lokasi_17,Anorganik,1453.57
13/07/2020,Lokasi_12,Anorganik,1235.72
15/08/2020,Lokasi_15,Organik,1188.34
30/12/2023,Lokasi_12,Organik,1254.9
05/04/2021,Lokasi_9,Organik,822.51
09/09/2021,Lokasi_5,Organik,1229.25
04/03/2020,Lokasi_4,B3,732.85
05/09/2025,Lokasi_12,B3,928.1
11/10/2020,Lokasi_16,Anorganik,1389.93
10/08/2024,Lokasi_9,Anorganik,518.97
17/04/2022,Lokasi_3,Organik,914.32
10/04/2022,Lokasi_3,Organik,766.82
02/04/2023,Lokasi_18,B3,698.59
11/08/2020,Lokasi_17,Organik,1338.58
22/02/2022,Lokasi_10,Organik,1196.5
07/08/2022,Lokasi_2,Anorganik,612.63
14/02/2020,Lokasi_11,Organik,994.46
15/12/2024,Lokasi_3,Organik,966.91
15/04/2021,Lokasi_2,B3,642.53
12/09/2025,Lokasi_9,Anorganik,1299.76
09/04/2022,Lokasi_19,Organik,866.67
24/03/2025,Lokasi_2,Organik,1261.94
06/03/2025,Lokasi_19,Anorganik,692.06
22/11/2021,Lokasi_2,Organik,815.07
22/10/2023,Lokasi_15,Organik,595.17
20/07/2022,Lokasi_3,Anorganik,643.48
20/04/2022,Lokasi_5,Organik,1383.18
22/04/2025,Lokasi_11,Anorganik,609.11
22/04/2024,Lokasi_7,Organik,595.73
27/05/2020,Lokasi_6,Anorganik,1440.38
29/10/2022,Lokasi_14,Anorganik,1145.9
04/08/2023,Lokasi_1,Organik,600.92
22/01/2021,Lokasi_17,Organik,1471.72
16/02/2025,Lokasi_17,Organik,647.1
04/07/2022,Lokasi_14,Organik,1266.35
21/02/2025,Lokasi_10,B3,534.85
04/10/2020,Lokasi_8,Organik,1124.54
31/05/2025,Lokasi_8,Organik,1046.7
02/02/2025,Lokasi_14,Anorganik,708
30/12/2024,Lokasi_7,Anorganik,1143.15
07/01/2025,Lokasi_6,Organik,1117.05
09/09/2021,Lokasi_4,Organik,1298.35
18/06/2024,Lokasi_1,Organik,1375.87
22/12/2025,Lokasi_15,Organik,1010.1
02/08/2021,Lokasi_15,Organik,990.3
16/03/2023,Lokasi_1,Organik,1121.6
04/05/2021,Lokasi_20,B3,1229.21
28/03/2023,Lokasi_3,Organik,856.17
18/01/2021,Lokasi_5,Organik,1004.64
11/06/2020,Lokasi_5,Organik,1085.1
19/02/2025,Lokasi_4,Anorganik,1488.38
27/04/2023,Lokasi_17,Anorganik,1087.71
24/09/2023,Lokasi_20,Anorganik,724.19
18/06/2024,Lokasi_14,Anorganik,1087.99
19/04/2023,Lokasi_8,B3,1319.5
14/10/2020,Lokasi_2,Anorganik,1357.4
31/01/2025,Lokasi_8,Anorganik,1300.25
05/07/2020,Lokasi_1,Organik,1388.21
22/03/2025,Lokasi_4,Organik,834.77
07/03/2023,Lokasi_19,B3,1007.57
09/05/2020,Lokasi_5,Anorganik,1279.59
02/03/2025,Lokasi_5,B3,764.45
23/05/2020,Lokasi_20,Anorganik,871.58
16/01/2020,Lokasi_19,B3,1331.16
01/09/2020,Lokasi_12,Organik,1270.09
15/07/2022,Lokasi_20,Organik,1471.2
16/12/2025,Lokasi_1,Anorganik,1495.97
25/06/2022,Lokasi_7,Organik,740.74
05/06/2022,Lokasi_17,Organik,1400.45
06/12/2020,Lokasi_2,Anorganik,594.52
13/08/2025,Lokasi_11,Anorganik,1209.8
04/12/2023,Lokasi_7,B3,720.1
01/11/2020,Lokasi_17,Organik,800.31
26/06/2022,Lokasi_3,B3,1446.32
03/10/2023,Lokasi_6,Organik,763.15
16/11/2020,Lokasi_11,Anorganik,1173.18
12/07/2021,Lokasi_18,Anorganik,678.13
19/04/2023,Lokasi_18,B3,593.39
10/11/2023,Lokasi_10,Organik,839.32
29/06/2024,Lokasi_5,Anorganik,1124.2
05/02/2023,Lokasi_15,Organik,747.95
28/03/2022,Lokasi_20,Anorganik,800.17
09/04/2023,Lokasi_4,Organik,1208.73
12/01/2020,Lokasi_1,Anorganik,602.8
13/07/2020,Lokasi_15,Anorganik,946.91
17/10/2021,Lokasi_17,Anorganik,1441.73
05/04/2025,Lokasi_19,Anorganik,896.97
08/09/2025,Lokasi_14,Organik,934.2
07/06/2024,Lokasi_19,Organik,1238.2
24/01/2023,Lokasi_18,Organik,1279.01
16/02/2022,Lokasi_2,Organik,1269.61
19/03/2021,Lokasi_6,Anorganik,1497.87
24/10/2020,Lokasi_13,Organik,571.45
18/03/2022,Lokasi_17,B3,1482.25
26/10/2024,Lokasi_6,Anorganik,1450.19
24/04/2022,Lokasi_5,Anorganik,1352.14
12/10/2022,Lokasi_7,Organik,954.13
16/10/2023,Lokasi_1,Anorganik,1370.9
29/10/2023,Lokasi_13,Anorganik,720.83
07/07/2021,Lokasi_19,Organik,1291.66
24/02/2021,Lokasi_1,Organik,685.24
23/06/2023,Lokasi_13,Organik,1315.36
14/06/2023,Lokasi_11,Organik,1114.53
03/07/2020,Lokasi_7,Anorganik,598.03
12/04/2021,Lokasi_20,Organik,1395.32
30/07/2023,Lokasi_3,Organik,1077.96
25/04/2024,Lokasi_1,Organik,1156.25
01/12/2020,Lokasi_8,Anorganik,783.51
06/02/2024,Lokasi_17,Organik,1371.64
21/08/2025,Lokasi_13,Organik,1045.2
18/12/2023,Lokasi_14,Organik,921.12
10/08/2021,Lokasi_5,Anorganik,1034.28
24/02/2025,Lokasi_6,Anorganik,1203.31
19/07/2020,Lokasi_6,Anorganik,1195.05
05/06/2021,Lokasi_8,Anorganik,857.58
02/03/2025,Lokasi_13,Organik,885.26
07/09/2024,Lokasi_18,Organik,1062.24
26/02/2022,Lokasi_4,Organik,1424.41
29/02/2020,Lokasi_17,Organik,1245.43
31/07/2021,Lokasi_5,Anorganik,890.41
16/11/2020,Lokasi_3,Organik,837.03
29/12/2023,Lokasi_4,Anorganik,1023.64
30/07/2025,Lokasi_5,Anorganik,1369.99
11/07/2022,Lokasi_14,Anorganik,508.68
10/11/2023,Lokasi_15,B3,1210.49
21/08/2024,Lokasi_20,Organik,794.51
22/07/2021,Lokasi_17,Anorganik,708.4
06/01/2023,Lokasi_6,Organik,512.14
10/06/2021,Lokasi_10,Anorganik,1396.59
12/12/2025,Lokasi_16,Anorganik,1412.25
20/05/2022,Lokasi_17,Organik,561.42
06/10/2020,Lokasi_14,Anorganik,1021.82
07/03/2025,Lokasi_20,B3,652.57
17/10/2024,Lokasi_12,Organik,1258.69
04/11/2021,Lokasi_9,Anorganik,1165.39
25/02/2023,Lokasi_15,Anorganik,797.13
27/11/2020,Lokasi_12,Organik,616.96
19/03/2023,Lokasi_14,Anorganik,1331.22
01/08/2025,Lokasi_18,Organik,1174.25
17/01/2024,Lokasi_20,Organik,506.82
05/02/2020,Lokasi_6,Organik,1127.87
04/09/2024,Lokasi_4,Organik,1310.3
14/12/2023,Lokasi_12,Organik,1090.77
11/10/2023,Lokasi_13,Anorganik,924.71
15/03/2021,Lokasi_19,Anorganik,1083.92
24/01/2023,Lokasi_13,Organik,1119.71
12/06/2020,Lokasi_12,Anorganik,1140.03
27/05/2020,Lokasi_20,Organik,1467.05
13/07/2020,Lokasi_3,Organik,678.65
24/10/2021,Lokasi_3,Anorganik,1123.09
24/04/2021,Lokasi_14,Anorganik,687.99
02/05/2020,Lokasi_18,Organik,709.96
24/11/2023,Lokasi_19,Organik,1169.26
22/08/2022,Lokasi_10,Anorganik,1415.95
13/11/2024,Lokasi_17,Organik,659.04
25/01/2024,Lokasi_15,Organik,1462.47
07/07/2025,Lokasi_19,Anorganik,819.37
10/12/2021,Lokasi_9,Anorganik,891.31
30/06/2022,Lokasi_4,Anorganik,653.68
22/09/2023,Lokasi_15,Organik,1115.84
30/09/2024,Lokasi_19,Organik,1096.42
28/12/2024,Lokasi_16,B3,942.27
28/04/2024,Lokasi_8,Anorganik,976.09
11/11/2021,Lokasi_17,B3,1122.98
26/08/2023,Lokasi_1,Organik,1083.5
09/07/2021,Lokasi_7,Anorganik,874.26
01/09/2021,Lokasi_18,Anorganik,1384.11
26/11/2025,Lokasi_12,Organik,1167.66
06/01/2021,Lokasi_16,Organik,705.41
07/09/2021,Lokasi_1,Organik,819.9
29/03/2025,Lokasi_15,Organik,1287.88
26/04/2022,Lokasi_7,Anorganik,604.53
12/02/2020,Lokasi_17,Anorganik,1250.23
14/05/2022,Lokasi_3,Anorganik,858.84
22/06/2023,Lokasi_11,Anorganik,1051.69
10/10/2023,Lokasi_6,Organik,780.56
23/02/2022,Lokasi_6,Organik,1486.46
20/04/2021,Lokasi_15,Anorganik,1405.84
23/03/2020,Lokasi_7,Organik,1428.45
07/02/2023,Lokasi_11,Anorganik,684.78
10/03/2022,Lokasi_17,Anorganik,1341.69
24/07/2022,Lokasi_18,Anorganik,1035.4
26/07/2024,Lokasi_19,Anorganik,1207.86
21/11/2020,Lokasi_8,Anorganik,717.5
14/03/2024,Lokasi_20,Anorganik,1211.98
08/06/2025,Lokasi_8,Organik,1414.27
18/05/2025,Lokasi_11,Anorganik,767.48
16/04/2022,Lokasi_3,Organik,733.36
22/05/2021,Lokasi_14,Anorganik,604.41
20/10/2025,Lokasi_9,B3,766.81
24/06/2023,Lokasi_1,Organik,1035.79
02/10/2021,Lokasi_1,B3,1332.72
21/02/2025,Lokasi_12,Organik,778.8
30/08/2021,Lokasi_11,Organik,1121.14
12/05/2025,Lokasi_1,Anorganik,979.59
19/07/2021,Lokasi_20,Organik,788.58
29/09/2023,Lokasi_12,Anorganik,1010.36
02/10/2025,Lokasi_17,Anorganik,667.96
19/10/2024,Lokasi_15,Anorganik,1139.58
30/04/2024,Lokasi_2,Organik,615.66
09/06/2025,Lokasi_18,Anorganik,1230.98
06/10/2025,Lokasi_16,B3,677.71
08/05/2020,Lokasi_4,Anorganik,1498.16
15/02/2025,Lokasi_8,Organik,1323.67
06/12/2021,Lokasi_2,Anorganik,843.84
01/05/2022,Lokasi_14,Organik,926.2
08/01/2020,Lokasi_15,Organik,759.19
07/09/2025,Lokasi_9,Organik,1267.11
09/02/2023,Lokasi_2,Organik,880.73
18/12/2025,Lokasi_17,Organik,1255.19
25/08/2024,Lokasi_10,Organik,518.4
07/02/2024,Lokasi_9,Organik,635.62
02/07/2024,Lokasi_2,Organik,864.97
02/10/2020,Lokasi_19,Anorganik,608.91
29/08/2024,Lokasi_17,Anorganik,1101.13
30/11/2024,Lokasi_11,Anorganik,550.83
30/08/2020,Lokasi_17,Organik,1359.76
19/06/2020,Lokasi_10,Organik,1261.31
14/10/2021,Lokasi_18,Anorganik,716.26
16/04/2025,Lokasi_6,Anorganik,983.79
14/01/2023,Lokasi_16,Organik,951.81
08/02/2024,Lokasi_18,Anorganik,1224.86
30/09/2025,Lokasi_20,Organik,901.51
28/11/2025,Lokasi_18,Organik,532.94
26/05/2025,Lokasi_1,Organik,773.74
02/12/2022,Lokasi_3,B3,966.2
28/07/2025,Lokasi_15,Organik,1474.49
07/05/2022,Lokasi_20,Organik,1381.16
15/11/2022,Lokasi_10,Organik,681.41
25/10/2020,Lokasi_5,Organik,1223.28
12/07/2022,Lokasi_15,Organik,1436.83
16/05/2020,Lokasi_14,Organik,508.79
09/11/2022,Lokasi_15,Anorganik,1220.95
29/07/2020,Lokasi_10,B3,959.33
23/04/2024,Lokasi_9,Organik,1180.24
18/02/2022,Lokasi_12,Anorganik,1105.59
15/05/2023,Lokasi_7,Organik,1484.67
07/12/2024,Lokasi_5,Anorganik,788.82
01/12/2022,Lokasi_10,Organik,1286.14
14/02/2021,Lokasi_8,B3,734.64
02/03/2021,Lokasi_20,Anorganik,935.61
11/01/2024,Lokasi_16,Organik,1475.38
30/07/2022,Lokasi_12,Organik,1266.14
22/03/2025,Lokasi_9,Organik,815.82
11/01/2022,Lokasi_10,Anorganik,1119.37
24/10/2023,Lokasi_16,Anorganik,549.69
28/05/2023,Lokasi_10,Organik,766.39
19/05/2024,Lokasi_9,Anorganik,1218.39
09/06/2023,Lokasi_3,Organik,1070.09
23/11/2020,Lokasi_19,Organik,969.67
06/01/2024,Lokasi_11,B3,1190.88
30/09/2025,Lokasi_6,Anorganik,898.46
20/05/2025,Lokasi_6,Anorganik,526.16
10/01/2021,Lokasi_15,Organik,941.03
19/09/2020,Lokasi_15,Organik,1402.13
23/09/2020,Lokasi_13,B3,1356.62
28/04/2025,Lokasi_5,Organik,909
08/03/2025,Lokasi_14,Organik,522.22
16/03/2025,Lokasi_2,Anorganik,1136.31
10/07/2024,Lokasi_12,Anorganik,1241.19
15/12/2023,Lokasi_20,Anorganik,794.24
15/02/2020,Lokasi_14,Anorganik,976.66
22/08/2021,Lokasi_19,Organik,1491.86
20/12/2021,Lokasi_20,Organik,1076.34
27/03/2025,Lokasi_15,Organik,851.07
16/07/2023,Lokasi_20,Organik,1127.49
23/08/2021,Lokasi_17,Organik,680.02
15/01/2021,Lokasi_14,Organik,699.25
27/04/2020,Lokasi_18,Organik,1424.92
03/12/2025,Lokasi_5,Organik,739.2
16/09/2020,Lokasi_12,Anorganik,810.79
03/01/2023,Lokasi_10,Organik,1043.78
12/02/2024,Lokasi_8,Organik,1399.69
16/08/2025,Lokasi_6,Organik,1281.45
31/12/2020,Lokasi_15,Anorganik,543.78
15/07/2024,Lokasi_12,Anorganik,1193.03
01/01/2024,Lokasi_6,Anorganik,1004.06
17/07/2025,Lokasi_12,Anorganik,975.55
01/03/2022,Lokasi_15,Organik,1191.56
16/01/2022,Lokasi_12,Organik,696.23
08/11/2020,Lokasi_9,Organik,1481.49
21/06/2021,Lokasi_19,Anorganik,1145.31
09/07/2022,Lokasi_2,Anorganik,865.66
13/12/2022,Lokasi_13,Organik,1100.2
30/01/2024,Lokasi_13,Organik,716.47
08/03/2022,Lokasi_8,Organik,1133.84
13/12/2020,Lokasi_13,Organik,528.22
29/09/2020,Lokasi_4,Organik,841.18
20/12/2021,Lokasi_6,Organik,1247.52
08/11/2024,Lokasi_6,B3,1307.98
15/11/2021,Lokasi_12,B3,752.92
27/10/2025,Lokasi_12,B3,1039.41
13/09/2021,Lokasi_17,Organik,1028.49
01/08/2025,Lokasi_7,Organik,921.46
04/08/2022,Lokasi_15,Anorganik,728.43
21/05/2021,Lokasi_17,Organik,1203.23
01/05/2024,Lokasi_10,Anorganik,752.36
31/08/2020,Lokasi_20,Anorganik,1411.03
20/05/2021,Lokasi_6,Organik,1028.5
25/02/2021,Lokasi_9,Organik,1370.48
15/02/2025,Lokasi_15,Organik,790.74
07/04/2023,Lokasi_16,Anorganik,1307.08
25/11/2020,Lokasi_8,Organik,613.66
11/10/2021,Lokasi_16,B3,1266.83
04/01/2024,Lokasi_5,Organik,886.95
25/01/2021,Lokasi_18,Organik,969.99
28/02/2024,Lokasi_20,Organik,666.81
15/01/2021,Lokasi_14,B3,518.63
11/01/2022,Lokasi_2,Anorganik,1166.2
03/07/2025,Lokasi_3,Anorganik,1087.72
30/03/2022,Lokasi_14,Anorganik,1122.43
03/11/2021,Lokasi_7,Organik,755
06/11/2024,Lokasi_15,Anorganik,739.28
26/04/2023,Lokasi_17,Organik,1330.3
18/07/2022,Lokasi_1,Anorganik,1261.25
19/03/2024,Lokasi_9,Anorganik,836.79
01/07/2022,Lokasi_14,Anorganik,1137.81
05/10/2021,Lokasi_16,B3,1328.15
02/03/2021,Lokasi_13,Organik,1388.83
16/05/2021,Lokasi_6,Anorganik,505.81
30/12/2021,Lokasi_1,Anorganik,1313.46
07/07/2023,Lokasi_4,Organik,850.39
19/10/2025,Lokasi_3,Organik,1218.38
01/04/2021,Lokasi_17,Organik,871.4
17/10/2020,Lokasi_2,B3,1106.25
08/07/2022,Lokasi_19,Organik,1146.78
23/05/2025,Lokasi_20,B3,904.99
25/01/2022,Lokasi_8,Anorganik,1012.79
16/07/2024,Lokasi_15,Organik,1226.31
08/01/2025,Lokasi_6,Organik,976.31
30/07/2023,Lokasi_20,Anorganik,513.98
16/04/2024,Lokasi_2,Anorganik,512.9
12/02/2025,Lokasi_15,Organik,1161.31
11/01/2021,Lokasi_20,Anorganik,1347.24
25/03/2023,Lokasi_12,Organik,1285.27
22/05/2021,Lokasi_3,Organik,810.4
07/12/2023,Lokasi_10,Anorganik,971.13
12/07/2021,Lokasi_14,Anorganik,734.16
24/02/2021,Lokasi_14,B3,1489.15
01/04/2024,Lokasi_3,Anorganik,760.51
30/10/2020,Lokasi_1,Anorganik,916.26
30/07/2022,Lokasi_20,Anorganik,1181.13
25/07/2023,Lokasi_1,B3,1376.02
25/12/2022,Lokasi_2,Organik,551.48
25/11/2025,Lokasi_19,Organik,801.02
01/01/2025,Lokasi_10,Anorganik,1068.99
02/04/2024,Lokasi_4,Organik,1118.31
23/11/2021,Lokasi_4,Anorganik,570.03
11/09/2020,Lokasi_13,Organik,1164.08
18/01/2024,Lokasi_9,Anorganik,1028.06
13/09/2020,Lokasi_7,Organik,1327.63
17/03/2021,Lokasi_16,Organik,722.19
24/02/2025,Lokasi_18,Anorganik,695.03
18/01/2023,Lokasi_3,B3,1293.34
04/08/2021,Lokasi_20,Anorganik,1203.87
01/10/2024,Lokasi_20,Anorganik,1291.67
19/01/2020,Lokasi_10,Organik,1281.93
29/01/2023,Lokasi_16,Anorganik,604
12/10/2023,Lokasi_3,Anorganik,778.58
14/04/2024,Lokasi_11,Organik,760.09
11/09/2025,Lokasi_10,Anorganik,1434.59
16/06/2025,Lokasi_16,B3,987.47
27/03/2024,Lokasi_8,Anorganik,611.06
11/05/2022,Lokasi_9,Anorganik,789.58
03/06/2020,Lokasi_15,Organik,1371.9
23/06/2022,Lokasi_3,Anorganik,1347.07
23/06/2023,Lokasi_4,B3,1400.34
08/02/2021,Lokasi_13,Anorganik,888.53
23/04/2022,Lokasi_12,Anorganik,1141.34
17/11/2024,Lokasi_9,Anorganik,778.17
13/04/2024,Lokasi_14,Anorganik,680.83
30/03/2023,Lokasi_19,Organik,521.9
16/01/2022,Lokasi_7,Anorganik,723.44
21/09/2024,Lokasi_16,Organik,1104.37
27/09/2020,Lokasi_20,Anorganik,1404.21
08/02/2022,Lokasi_5,Anorganik,633.42
11/09/2024,Lokasi_10,Anorganik,1418.01
19/02/2024,Lokasi_18,Organik,845.39
20/06/2020,Lokasi_11,Anorganik,926.83
30/09/2020,Lokasi_7,Anorganik,864.98
04/03/2023,Lokasi_14,Organik,908.61
02/09/2024,Lokasi_20,Anorganik,759.19
06/11/2024,Lokasi_18,Anorganik,1198.6
25/02/2021,Lokasi_11,Anorganik,1258.18
15/12/2023,Lokasi_12,Anorganik,1323.11
24/04/2023,Lokasi_18,Organik,841.29
02/08/2021,Lokasi_2,Anorganik,1264.63
09/06/2022,Lokasi_1,Organik,1137.68
22/12/2021,Lokasi_10,Organik,1457.92
30/05/2022,Lokasi_1,B3,924.79
26/01/2023,Lokasi_6,Anorganik,1492.31
30/06/2025,Lokasi_7,Organik,1240.39
31/08/2025,Lokasi_17,Anorganik,1276.28
13/01/2024,Lokasi_9,Organik,525.7
17/01/2021,Lokasi_7,Organik,997.4
21/12/2025,Lokasi_17,Anorganik,1028.34
20/12/2023,Lokasi_3,Organik,540.6
09/05/2024,Lokasi_16,Organik,812.13
21/11/2024,Lokasi_5,Anorganik,1455.64
23/05/2020,Lokasi_20,Anorganik,926.11
01/03/2025,Lokasi_18,Anorganik,686.7
29/08/2024,Lokasi_1,Anorganik,1013.34
06/12/2023,Lokasi_4,Anorganik,533.77
11/08/2020,Lokasi_11,Organik,1015.99
07/08/2020,Lokasi_20,Anorganik,1094.27
27/06/2020,Lokasi_9,Anorganik,857.69
12/07/2024,Lokasi_8,Organik,1262.58
08/03/2021,Lokasi_8,Organik,635.71
21/09/2020,Lokasi_5,B3,1378.18
11/08/2022,Lokasi_12,Organik,1455.44
04/03/2021,Lokasi_1,Organik,501.23
26/04/2024,Lokasi_15,Anorganik,1342.72
24/04/2021,Lokasi_18,Organik,1006.11
15/09/2023,Lokasi_6,Organik,961.41
08/06/2022,Lokasi_10,Organik,738.68
13/07/2022,Lokasi_14,Anorganik,947.33
10/12/2025,Lokasi_8,Organik,1450.43
17/03/2025,Lokasi_3,Organik,710.79
11/11/2023,Lokasi_19,Anorganik,679.04
24/09/2023,Lokasi_12,Organik,741.9
16/02/2022,Lokasi_12,Anorganik,1051.83
29/01/2020,Lokasi_15,Organik,1430.3
04/02/2020,Lokasi_7,Organik,1073.88
20/11/2023,Lokasi_4,Anorganik,743.48
11/08/2021,Lokasi_9,Organik,940.45
22/06/2022,Lokasi_16,Organik,890.4
09/12/2025,Lokasi_13,Anorganik,546.57
05/12/2020,Lokasi_4,Anorganik,1010.64
23/06/2020,Lokasi_9,Organik,626.01
07/04/2025,Lokasi_18,Organik,1342.24
10/09/2024,Lokasi_15,Organik,1048.96
19/08/2021,Lokasi_15,Organik,1344.61
26/03/2021,Lokasi_6,B3,1456.04
10/07/2021,Lokasi_11,Organik,1443.19
05/03/2023,Lokasi_8,Anorganik,600.43
18/09/2023,Lokasi_17,Organik,1444.82
18/08/2025,Lokasi_17,Organik,1295.75
13/10/2022,Lokasi_18,Organik,1277.66
24/08/2025,Lokasi_4,Anorganik,590.13
18/04/2022,Lokasi_15,Organik,679.51
25/06/2024,Lokasi_2,Organik,1475.16
13/08/2020,Lokasi_2,Organik,713.37
18/12/2024,Lokasi_10,Anorganik,669.05
30/11/2025,Lokasi_3,Organik,862.35
13/07/2025,Lokasi_8,Organik,1413.36
22/12/2023,Lokasi_20,Organik,976.19
10/08/2025,Lokasi_7,Anorganik,1420.58
23/02/2024,Lokasi_12,Organik,834.34
16/05/2023,Lokasi_19,B3,726.53
03/07/2024,Lokasi_15,B3,995.2
01/10/2024,Lokasi_14,B3,1115.48
01/11/2020,Lokasi_16,Anorganik,891.5
21/08/2025,Lokasi_14,Organik,846.03
19/09/2024,Lokasi_3,Anorganik,718.06
16/08/2024,Lokasi_18,Anorganik,775.01
26/02/2024,Lokasi_6,Anorganik,1173.12
23/10/2023,Lokasi_17,Organik,869.87
23/02/2021,Lokasi_14,Organik,579.76
13/05/2020,Lokasi_14,Organik,638.16
23/07/2025,Lokasi_20,Organik,872.38
21/12/2023,Lokasi_13,Anorganik,1424.5
02/04/2024,Lokasi_3,Organik,879.03
10/03/2023,Lokasi_13,Anorganik,560.64
12/02/2025,Lokasi_2,Organik,917.99
24/12/2024,Lokasi_9,Organik,1168.82
04/09/2023,Lokasi_13,Organik,1093.6
04/01/2024,Lokasi_8,B3,778.8
15/12/2022,Lokasi_16,Anorganik,1188.09
24/03/2023,Lokasi_3,Anorganik,1130.62
22/08/2024,Lokasi_13,Organik,672.17
20/04/2020,Lokasi_4,Organik,662.15
24/12/2025,Lokasi_18,Organik,1047.18
12/04/2021,Lokasi_2,Anorganik,1159.44
24/03/2022,Lokasi_20,Organik,1461.91
26/06/2023,Lokasi_15,Anorganik,921.93
20/09/2022,Lokasi_17,Anorganik,1264.94
24/07/2025,Lokasi_10,Anorganik,616.52
18/11/2020,Lokasi_1,B3,1389.61
22/06/2022,Lokasi_6,Anorganik,1133.11
21/03/2024,Lokasi_3,Organik,1129.03
22/06/2025,Lokasi_19,Anorganik,642.44
20/12/2024,Lokasi_7,Organik,539.58
27/05/2020,Lokasi_13,B3,1201.45
15/02/2023,Lokasi_13,Anorganik,617.06
29/04/2022,Lokasi_17,Organik,626.97
01/01/2021,Lokasi_1,B3,687.5
25/12/2022,Lokasi_14,Organik,597.75
31/07/2025,Lokasi_3,Anorganik,1125.39
23/06/2020,Lokasi_14,Organik,922
28/01/2025,Lokasi_1,Organik,766.1
10/08/2021,Lokasi_16,B3,940.75
09/05/2021,Lokasi_10,Organik,1344.14
11/02/2023,Lokasi_13,Organik,1427.08
19/11/2024,Lokasi_4,Organik,987.48
16/03/2023,Lokasi_9,Organik,1066.75
04/02/2020,Lokasi_14,Anorganik,757.2
25/09/2022,Lokasi_4,Organik,1013.6
25/08/2023,Lokasi_10,Organik,1248.12
03/11/2022,Lokasi_8,Organik,992.14
08/01/2021,Lokasi_3,Organik,802.07
22/12/2023,Lokasi_7,Anorganik,1082.03
17/10/2024,Lokasi_10,Anorganik,1446.66
05/12/2021,Lokasi_3,Anorganik,1387.98
16/07/2021,Lokasi_2,Anorganik,1269.24
16/02/2025,Lokasi_15,Organik,776.21
24/10/2025,Lokasi_9,B3,741.56
14/03/2021,Lokasi_15,Organik,1338.54
26/02/2025,Lokasi_17,Anorganik,681.32
02/06/2025,Lokasi_7,Anorganik,1105.61
29/11/2021,Lokasi_20,Organik,938.93
05/08/2023,Lokasi_18,Anorganik,967.99
12/04/2024,Lokasi_15,Organik,954.54
22/11/2021,Lokasi_18,Anorganik,1399.95
15/04/2023,Lokasi_12,Anorganik,587.09
22/06/2024,Lokasi_8,Organik,1282.9
21/06/2024,Lokasi_2,Organik,1335.01
06/05/2020,Lokasi_2,Anorganik,1442.88
15/02/2024,Lokasi_5,B3,952.6
06/04/2023,Lokasi_1,Anorganik,1000.07
20/10/2020,Lokasi_4,Anorganik,1461.29
28/09/2023,Lokasi_6,Organik,958.45
16/10/2022,Lokasi_13,Organik,1003.55
22/02/2021,Lokasi_19,Anorganik,832.25
19/03/2021,Lokasi_11,Organik,531.63
15/11/2021,Lokasi_13,Anorganik,933.05
02/01/2024,Lokasi_8,B3,1155.09
25/03/2020,Lokasi_7,Organik,1189.95
02/11/2024,Lokasi_13,Anorganik,506.51
25/03/2020,Lokasi_1,Anorganik,1301.05
28/04/2025,Lokasi_6,Organik,992.42
13/10/2025,Lokasi_7,Organik,1020.75
27/07/2024,Lokasi_16,Organik,1461.74
24/10/2021,Lokasi_15,B3,784.46
18/09/2021,Lokasi_20,Anorganik,1261.65
04/03/2020,Lokasi_2,Organik,1074.78
07/07/2022,Lokasi_16,Organik,1200.8
07/10/2023,Lokasi_17,Organik,917.82
27/03/2023,Lokasi_15,Organik,779.21
31/05/2024,Lokasi_3,Anorganik,1046.13
05/05/2021,Lokasi_4,Anorganik,874.94
21/02/2025,Lokasi_12,Organik,722.91
24/04/2025,Lokasi_5,Organik,1339.24
08/11/2020,Lokasi_17,B3,975.83
07/07/2022,Lokasi_6,Anorganik,1347.32
25/02/2025,Lokasi_10,Anorganik,974.03
23/03/2022,Lokasi_18,Anorganik,1056.8
29/01/2024,Lokasi_10,Organik,1495.28
19/08/2023,Lokasi_6,B3,1451.5
10/11/2021,Lokasi_6,Anorganik,771.69
10/03/2021,Lokasi_20,Organik,1368.66
12/11/2021,Lokasi_15,Organik,890.4
04/03/2023,Lokasi_4,Organik,571.25
09/12/2022,Lokasi_16,Organik,1075.78
26/12/2023,Lokasi_8,Organik,1477.05
02/10/2023,Lokasi_7,Organik,1474.31
10/10/2021,Lokasi_19,Anorganik,626.47
01/09/2020,Lokasi_17,B3,1271.24
26/11/2025,Lokasi_13,Organik,1302.83
22/10/2020,Lokasi_15,Anorganik,868.74
29/11/2025,Lokasi_2,Organik,1158.6
31/05/2024,Lokasi_10,Organik,988.16
18/11/2025,Lokasi_13,Organik,727.89
15/06/2024,Lokasi_18,Anorganik,1261.26
28/01/2020,Lokasi_11,Organik,762.75
08/06/2025,Lokasi_13,Anorganik,840.45
09/04/2024,Lokasi_19,Anorganik,690.02
27/02/2020,Lokasi_5,Organik,1219.27
01/03/2024,Lokasi_3,Organik,958.72
23/10/2020,Lokasi_19,Organik,943.37
21/12/2025,Lokasi_13,Organik,1104.56
20/06/2022,Lokasi_5,Organik,657.26
18/05/2025,Lokasi_12,B3,1398.15
03/01/2023,Lokasi_14,Organik,965.11
04/08/2024,Lokasi_6,Anorganik,866.53
06/04/2023,Lokasi_9,Organik,626.69
09/02/2022,Lokasi_17,Anorganik,667.95
06/03/2024,Lokasi_8,Anorganik,1420.36
10/10/2023,Lokasi_13,Organik,956.62
02/06/2023,Lokasi_5,Organik,1222.18
03/04/2024,Lokasi_17,Organik,580.52
25/05/2020,Lokasi_3,Organik,1143.46
06/06/2025,Lokasi_6,Anorganik,1421.52
18/06/2023,Lokasi_14,Anorganik,799.96
22/03/2025,Lokasi_15,Anorganik,1079.14
07/11/2024,Lokasi_14,Anorganik,1440.22
24/11/2022,Lokasi_11,Organik,1219.32
10/08/2025,Lokasi_11,Anorganik,562.33
12/07/2025,Lokasi_9,Organik,878.74
01/06/2020,Lokasi_6,Organik,585.77
22/05/2021,Lokasi_15,Organik,1361.32
05/05/2021,Lokasi_12,Anorganik,1121.66
10/12/2020,Lokasi_6,Organik,1456.38
19/04/2025,Lokasi_1,Organik,519.76
27/10/2024,Lokasi_16,Anorganik,923.09
08/08/2020,Lokasi_20,Organik,604.36
22/04/2025,Lokasi_15,Anorganik,850.49
26/04/2025,Lokasi_2,B3,661.89
23/12/2021,Lokasi_17,Organik,828.79
11/06/2021,Lokasi_3,Organik,1319.26
02/03/2024,Lokasi_3,Organik,660.7
22/07/2024,Lokasi_5,Organik,973.66
25/04/2021,Lokasi_17,Organik,1421.58
14/02/2025,Lokasi_17,Organik,1498.78
02/01/2024,Lokasi_20,Organik,750.64
26/11/2023,Lokasi_6,Organik,1435.57
10/12/2020,Lokasi_1,Anorganik,761.39
14/02/2020,Lokasi_7,Anorganik,913.53
30/08/2025,Lokasi_15,Anorganik,1377.92
15/07/2024,Lokasi_7,Organik,1286.18
02/03/2025,Lokasi_19,Anorganik,1357.49
26/09/2025,Lokasi_20,Organik,1300.26
23/02/2024,Lokasi_11,Anorganik,735.06
28/09/2022,Lokasi_14,Anorganik,1058.8
30/10/2022,Lokasi_13,Organik,885.25
02/08/2025,Lokasi_20,Anorganik,959.71
30/09/2020,Lokasi_9,Organik,653.96
13/08/2022,Lokasi_9,Organik,815.77
14/11/2024,Lokasi_16,Anorganik,1357.65
15/01/2021,Lokasi_12,Organik,1397.56
14/09/2023,Lokasi_10,Organik,1110.15
23/04/2021,Lokasi_6,Organik,998.27
24/08/2025,Lokasi_18,Organik,1212.84
30/05/2021,Lokasi_2,Anorganik,1108.85
09/07/2020,Lokasi_20,Anorganik,1483.68
06/04/2023,Lokasi_9,Organik,690.09
06/03/2023,Lokasi_19,Organik,949.04
12/11/2023,Lokasi_6,Anorganik,1418.24
28/09/2020,Lokasi_2,Anorganik,1414.74
22/05/2020,Lokasi_15,Organik,995.35
27/03/2025,Lokasi_17,Anorganik,634.81
28/12/2022,Lokasi_16,Anorganik,1314.96
26/02/2022,Lokasi_8,Anorganik,1085.17
27/10/2025,Lokasi_10,Organik,1273.17
08/08/2024,Lokasi_10,Anorganik,962.52
14/09/2021,Lokasi_18,Organik,703.88
26/07/2022,Lokasi_10,Organik,523.99
23/01/2023,Lokasi_9,Organik,1059.14
08/09/2021,Lokasi_19,Organik,661.05
28/10/2022,Lokasi_1,Organik,687.14
07/03/2020,Lokasi_4,Organik,936.31
09/07/2020,Lokasi_3,Anorganik,942.08
04/06/2021,Lokasi_10,Anorganik,774.39
16/09/2022,Lokasi_12,Anorganik,631.92
14/02/2023,Lokasi_18,Anorganik,1444.95
22/06/2024,Lokasi_20,B3,631.64
02/04/2023,Lokasi_6,B3,850.77
10/01/2021,Lokasi_2,Anorganik,804.87
14/10/2021,Lokasi_10,Organik,1366.34
02/07/2021,Lokasi_2,Organik,910.06
02/01/2023,Lokasi_9,Organik,624.04
13/03/2020,Lokasi_10,Organik,510.26
17/07/2020,Lokasi_2,Anorganik,1221.95
16/11/2024,Lokasi_8,Organik,1214.5
25/07/2021,Lokasi_17,Organik,917.78
01/03/2022,Lokasi_17,Organik,626.31
26/06/2024,Lokasi_4,Organik,871.63
05/01/2025,Lokasi_18,B3,1089.88
29/01/2025,Lokasi_12,Organik,1203.94
19/02/2024,Lokasi_17,Organik,578.24
20/03/2023,Lokasi_9,Anorganik,1056.31
27/06/2020,Lokasi_19,Organik,776.12
04/01/2022,Lokasi_14,Organik,1117.27
06/11/2025,Lokasi_14,Anorganik,1148.14
09/03/2022,Lokasi_17,Organik,1410.6
26/02/2022,Lokasi_2,Anorganik,910.38
27/07/2020,Lokasi_8,Anorganik,1037.59
07/05/2021,Lokasi_5,Anorganik,768.22
15/07/2024,Lokasi_7,Anorganik,786.56
01/01/2022,Lokasi_16,Organik,546.03
03/02/2023,Lokasi_16,Organik,786.07
24/05/2024,Lokasi_17,Organik,563.83
16/08/2021,Lokasi_7,Organik,1463.92
30/04/2023,Lokasi_20,Organik,1124.26
20/11/2020,Lokasi_8,Anorganik,673.15
05/09/2022,Lokasi_8,Anorganik,616.77
15/10/2024,Lokasi_11,Anorganik,870.12
24/01/2025,Lokasi_15,Organik,807.65
30/01/2024,Lokasi_18,Organik,779.25
12/06/2022,Lokasi_6,Anorganik,968.2
22/10/2023,Lokasi_12,Organik,1412.87
23/05/2020,Lokasi_15,B3,1068.05
18/01/2021,Lokasi_6,Anorganik,1021.23
04/08/2020,Lokasi_18,Organik,1306.55
24/02/2024,Lokasi_20,Anorganik,504.02
30/01/2024,Lokasi_9,Organik,697.39
23/06/2024,Lokasi_8,Organik,996.19
13/03/2023,Lokasi_14,Organik,1205.31
20/04/2020,Lokasi_19,Organik,985.03
10/10/2022,Lokasi_19,Organik,663.72
19/08/2020,Lokasi_8,Anorganik,1429.98
10/09/2024,Lokasi_2,Anorganik,828.67
21/10/2024,Lokasi_4,Organik,1288.22
26/04/2024,Lokasi_6,Anorganik,1391.41
20/07/2023,Lokasi_3,Anorganik,846.45
30/08/2022,Lokasi_3,Anorganik,1345.31
27/10/2022,Lokasi_19,Anorganik,1210.77
01/06/2021,Lokasi_11,Anorganik,1404.28
02/07/2022,Lokasi_10,Organik,751.31
21/12/2025,Lokasi_12,Anorganik,1431.28
28/04/2025,Lokasi_14,Organik,565.31
02/01/2024,Lokasi_18,Organik,1293.67
15/02/2025,Lokasi_9,Organik,935.67
31/07/2023,Lokasi_15,Organik,677.89
17/06/2022,Lokasi_3,Organik,579.4
03/01/2023,Lokasi_11,Anorganik,889.55
04/04/2023,Lokasi_10,Organik,889.32
27/04/2023,Lokasi_18,Anorganik,729.96
26/10/2025,Lokasi_4,Organik,715.52
18/11/2021,Lokasi_13,Anorganik,899.51
30/08/2025,Lokasi_6,Anorganik,910.11
19/07/2021,Lokasi_13,Anorganik,942.36
22/04/2023,Lokasi_20,Organik,1368.76
09/03/2025,Lokasi_5,Anorganik,1111.25
06/04/2022,Lokasi_20,Organik,520.43
13/09/2023,Lokasi_14,B3,1019.1
16/12/2024,Lokasi_13,Anorganik,1262.45
18/12/2022,Lokasi_14,B3,556.41
12/09/2023,Lokasi_8,Anorganik,922.61
02/07/2024,Lokasi_16,Organik,951.21
09/07/2020,Lokasi_13,B3,1454.02
08/05/2023,Lokasi_15,B3,975.68
28/08/2023,Lokasi_19,Organik,1249.9
08/12/2021,Lokasi_1,Organik,802.9
13/01/2021,Lokasi_2,Anorganik,1279.31
21/01/2021,Lokasi_18,Organik,822.66
07/09/2021,Lokasi_19,Anorganik,930.02
22/03/2024,Lokasi_8,Anorganik,979.48
10/08/2025,Lokasi_3,Organik,1426.36
20/10/2024,Lokasi_14,Anorganik,553.45
08/04/2021,Lokasi_9,B3,696.87
24/08/2022,Lokasi_8,Organik,1205.74
20/06/2020,Lokasi_17,Organik,1077.58
20/02/2023,Lokasi_16,Organik,751.53
22/04/2022,Lokasi_10,Organik,789.2
14/08/2023,Lokasi_10,Anorganik,867.31
23/03/2025,Lokasi_6,Organik,950.35
20/11/2021,Lokasi_17,Anorganik,1318.03
16/02/2024,Lokasi_16,Anorganik,513.82
17/07/2025,Lokasi_15,Anorganik,1398.02
18/09/2024,Lokasi_14,Organik,913.03
17/01/2021,Lokasi_4,Anorganik,730.5
13/11/2023,Lokasi_4,Organik,1008.41
02/05/2024,Lokasi_2,Organik,1159.67
12/08/2025,Lokasi_11,Anorganik,544.75
06/01/2021,Lokasi_4,Organik,1215.78
06/09/2024,Lokasi_16,Organik,1260.76
09/01/2024,Lokasi_4,B3,666.18
02/09/2021,Lokasi_1,Anorganik,667.88
25/04/2020,Lokasi_19,Organik,703.78
22/03/2021,Lokasi_2,Organik,1296.63
23/10/2023,Lokasi_9,B3,772
02/09/2023,Lokasi_13,Organik,1295.94
18/02/2021,Lokasi_18,Organik,1040.52
13/12/2024,Lokasi_16,Anorganik,1267.17
13/11/2022,Lokasi_16,Anorganik,1053.67
16/02/2025,Lokasi_10,Anorganik,835.77
09/12/2022,Lokasi_9,Organik,1410.71
18/12/2021,Lokasi_11,Organik,1215.3
20/09/2023,Lokasi_4,Anorganik,984.05
24/05/2024,Lokasi_10,Organik,1137.43
15/07/2021,Lokasi_3,Anorganik,1115.84
21/01/2021,Lokasi_6,Organik,858.12
02/12/2021,Lokasi_3,Organik,923.77
30/08/2022,Lokasi_9,Organik,818.26
16/10/2023,Lokasi_3,Anorganik,1499.52
10/09/2022,Lokasi_18,Organik,1080.06
20/02/2024,Lokasi_8,B3,592.06
17/12/2020,Lokasi_8,Organik,1019.11
20/09/2024,Lokasi_15,Anorganik,549.96
05/05/2025,Lokasi_13,Organik,788.65
03/07/2023,Lokasi_7,Organik,945.96
22/03/2025,Lokasi_19,Anorganik,1034.27
22/01/2022,Lokasi_8,Anorganik,1476.18
21/10/2022,Lokasi_10,Organik,1482.22
29/06/2021,Lokasi_17,Organik,598.07
09/01/2024,Lokasi_1,B3,1038.13
19/03/2020,Lokasi_13,Anorganik,1317.11
13/06/2023,Lokasi_13,Organik,737.71
07/06/2022,Lokasi_16,Anorganik,1250.56
10/01/2023,Lokasi_9,B3,1378.62
13/06/2025,Lokasi_10,Anorganik,1162.49
09/02/2024,Lokasi_6,Anorganik,827.7
09/07/2022,Lokasi_5,Anorganik,1423.13
03/07/2021,Lokasi_2,Organik,1383.52
23/08/2025,Lokasi_11,Anorganik,1215.83
26/01/2021,Lokasi_9,Organik,863.67
12/10/2023,Lokasi_6,Organik,1291.9
31/08/2022,Lokasi_8,Organik,816.11
05/12/2020,Lokasi_9,Anorganik,752.95
26/01/2022,Lokasi_9,Anorganik,1015.01
11/11/2022,Lokasi_8,Anorganik,1497.14
27/07/2022,Lokasi_12,Organik,1304.32
27/04/2022,Lokasi_8,Organik,1229.79
17/03/2021,Lokasi_3,Anorganik,952.01
09/05/2020,Lokasi_13,Organik,811.95
19/08/2021,Lokasi_19,Anorganik,1355.9
12/05/2025,Lokasi_2,Organik,1067.73
14/02/2024,Lokasi_17,B3,1313.25
11/05/2022,Lokasi_16,Anorganik,987.75
25/09/2022,Lokasi_4,Organik,1253.96
31/03/2024,Lokasi_18,Organik,1367.74
28/06/2024,Lokasi_14,Organik,891.39
20/02/2024,Lokasi_2,Organik,513.57
02/10/2024,Lokasi_13,Organik,754.93
20/12/2023,Lokasi_20,Anorganik,1414.92
31/01/2025,Lokasi_17,Organik,1187.54
21/09/2020,Lokasi_15,Organik,1237.22
02/01/2024,Lokasi_20,B3,825.29
05/06/2020,Lokasi_5,Organik,1201.27
16/12/2023,Lokasi_7,Anorganik,1146.28
20/06/2024,Lokasi_18,Organik,678.37
13/06/2022,Lokasi_11,Organik,1468.69
14/11/2025,Lokasi_18,Organik,854.03
27/05/2021,Lokasi_5,Organik,829.29
03/08/2020,Lokasi_13,B3,869.16
12/12/2025,Lokasi_18,Anorganik,591.72
02/09/2024,Lokasi_2,Anorganik,1124.96
07/10/2025,Lokasi_20,Organik,738.62
16/04/2024,Lokasi_4,Organik,1303.31
23/11/2025,Lokasi_13,Organik,894.16
02/02/2023,Lokasi_16,Organik,958.56
15/08/2020,Lokasi_6,Organik,1146.42
27/01/2024,Lokasi_8,Anorganik,1261.87
12/03/2022,Lokasi_16,Organik,731.12
10/06/2024,Lokasi_13,Anorganik,1466.29
20/03/2025,Lokasi_4,Organik,1122.32
16/04/2021,Lokasi_2,B3,505.64
15/12/2022,Lokasi_9,Anorganik,915.62
22/08/2025,Lokasi_18,Anorganik,936.82
07/11/2022,Lokasi_17,Anorganik,1309.16
30/11/2025,Lokasi_8,Anorganik,805.14
16/08/2020,Lokasi_15,Anorganik,831.23
19/06/2020,Lokasi_9,Organik,570.49
21/10/2020,Lokasi_17,Organik,783.55
07/07/2020,Lokasi_2,Anorganik,1216.96
01/03/2021,Lokasi_6,Organik,1134.76
03/09/2022,Lokasi_5,B3,581.39
07/01/2023,Lokasi_17,Anorganik,614.69
07/07/2022,Lokasi_2,Organik,876.93
13/05/2021,Lokasi_18,Anorganik,1243.76
26/12/2024,Lokasi_10,Anorganik,1332.92
15/05/2022,Lokasi_10,Organik,514.62
05/04/2022,Lokasi_6,Anorganik,829.01
01/02/2025,Lokasi_12,Anorganik,924.26
19/10/2025,Lokasi_17,Anorganik,1411.13
25/05/2020,Lokasi_13,B3,1001.41
29/06/2024,Lokasi_20,Anorganik,769.7
12/08/2023,Lokasi_16,Organik,890.05
14/04/2021,Lokasi_10,Organik,936.43
11/07/2020,Lokasi_2,Anorganik,1170
27/12/2022,Lokasi_2,Anorganik,541.09
21/02/2020,Lokasi_7,Anorganik,889.45
25/12/2024,Lokasi_6,Anorganik,1146.55
12/02/2025,Lokasi_1,Anorganik,783.32
21/11/2024,Lokasi_12,Anorganik,1091.75
25/12/2023,Lokasi_13,Anorganik,857.28
10/02/2025,Lokasi_12,Anorganik,1258.72
30/06/2025,Lokasi_19,Organik,560.6
05/12/2023,Lokasi_9,Anorganik,1417.96
19/04/2022,Lokasi_10,B3,671.61
28/08/2020,Lokasi_17,Anorganik,658.55
19/06/2021,Lokasi_18,Organik,1340.64
08/11/2023,Lokasi_8,B3,1369.28
23/03/2020,Lokasi_7,Anorganik,592.97
08/09/2022,Lokasi_9,Organik,1408.72
08/08/2022,Lokasi_10,Organik,773.3
02/09/2021,Lokasi_12,B3,1118.62
27/07/2021,Lokasi_15,Organik,568.59
15/09/2022,Lokasi_15,Anorganik,880.66
03/04/2021,Lokasi_4,Organik,950.72
13/12/2025,Lokasi_4,Organik,1099.83
02/03/2024,Lokasi_1,Anorganik,1025.27
07/06/2025,Lokasi_12,Organik,961.49
15/04/2024,Lokasi_2,Organik,1459.64
29/11/2025,Lokasi_15,Anorganik,685.02
01/05/2020,Lokasi_17,Organik,657.99
29/09/2020,Lokasi_7,Anorganik,1213.42
10/08/2023,Lokasi_6,Organik,574.55
01/02/2021,Lokasi_12,Anorganik,982.89
11/09/2022,Lokasi_19,Organik,984.05
15/05/2023,Lokasi_1,Organik,810.03
07/02/2023,Lokasi_14,Organik,1430.44
25/07/2023,Lokasi_4,B3,782.54
25/03/2025,Lokasi_5,Anorganik,788.44
14/02/2024,Lokasi_1,Anorganik,734.3
31/03/2025,Lokasi_1,Organik,645.79
30/03/2022,Lokasi_6,Organik,864.01
10/05/2025,Lokasi_5,Organik,1180.89
27/06/2020,Lokasi_2,Organik,1242.16
15/06/2022,Lokasi_5,Organik,1313.42
26/05/2025,Lokasi_9,Anorganik,697.54
31/03/2024,Lokasi_19,Organik,535.63
06/05/2021,Lokasi_15,Organik,1474.69
01/03/2020,Lokasi_13,Organik,514.33
13/12/2022,Lokasi_12,B3,1460.68
30/08/2024,Lokasi_5,Anorganik,1328.81
05/03/2020,Lokasi_2,Organik,1412.07
08/08/2021,Lokasi_4,Anorganik,887.19
23/09/2024,Lokasi_18,Organik,697.2
18/06/2021,Lokasi_10,Organik,1106.46
25/11/2025,Lokasi_13,Anorganik,1241.25
13/02/2025,Lokasi_12,B3,630.86
01/10/2022,Lokasi_2,Organik,1297.62
14/05/2023,Lokasi_15,B3,708.59
05/11/2022,Lokasi_14,Anorganik,991.68
22/11/2020,Lokasi_10,Organik,1356.48
30/08/2021,Lokasi_8,Organik,693.42
02/01/2020,Lokasi_15,Organik,741.88
30/10/2022,Lokasi_13,Organik,562.77
04/05/2020,Lokasi_8,Organik,646.61
09/01/2023,Lokasi_14,Organik,646.53
04/02/2025,Lokasi_1,Anorganik,703.43
19/03/2023,Lokasi_13,Organik,786.2
08/05/2020,Lokasi_8,Organik,1314.98
13/03/2021,Lokasi_18,Organik,1415.76
20/01/2022,Lokasi_9,Anorganik,906.28
06/05/2023,Lokasi_13,Anorganik,628.21
20/06/2022,Lokasi_3,Anorganik,723.81
23/09/2025,Lokasi_18,Organik,1236.21
26/07/2023,Lokasi_10,Anorganik,1177.43
04/12/2023,Lokasi_5,Anorganik,1467.21
25/01/2021,Lokasi_6,Organik,514.49
03/12/2022,Lokasi_8,Anorganik,1250.76
27/01/2020,Lokasi_7,B3,1005.79
01/07/2021,Lokasi_18,Organik,1402.69
20/07/2021,Lokasi_14,B3,1076.17
04/12/2021,Lokasi_15,Anorganik,946.67
27/05/2023,Lokasi_10,Anorganik,1165.85
03/07/2020,Lokasi_12,Anorganik,1333.52
09/05/2024,Lokasi_7,Organik,782.5
28/03/2025,Lokasi_7,Anorganik,607.53
27/04/2022,Lokasi_11,Anorganik,933.02
21/08/2021,Lokasi_13,B3,714.52
16/03/2022,Lokasi_15,Anorganik,929.54
19/09/2023,Lokasi_18,Organik,1491.05
27/10/2025,Lokasi_7,Organik,1074.12
21/02/2025,Lokasi_6,Anorganik,1193.6
29/06/2021,Lokasi_11,Organik,1177.93
20/06/2024,Lokasi_8,Organik,1320.7
10/09/2025,Lokasi_20,Anorganik,1444.13
10/04/2025,Lokasi_1,Anorganik,1158.82
08/09/2021,Lokasi_8,Organik,976.09
18/04/2023,Lokasi_8,Anorganik,817.83
25/10/2024,Lokasi_19,Organik,860.27
13/08/2020,Lokasi_3,Organik,834.48
31/10/2021,Lokasi_5,Anorganik,824.47
29/10/2024,Lokasi_3,B3,1194.63
05/07/2022,Lokasi_15,Anorganik,1087.71
13/12/2025,Lokasi_14,Anorganik,702
22/10/2025,Lokasi_15,Organik,1469.63
29/04/2023,Lokasi_17,Anorganik,927.73
01/09/2024,Lokasi_18,Organik,1066.09
16/01/2025,Lokasi_2,B3,1202.6
06/06/2025,Lokasi_12,Anorganik,1113.68
25/02/2020,Lokasi_16,Anorganik,811.05
20/12/2021,Lokasi_4,Anorganik,1297.71
10/09/2025,Lokasi_2,Organik,610.15
27/07/2021,Lokasi_14,Anorganik,1069
28/10/2021,Lokasi_11,Anorganik,773.32
10/10/2020,Lokasi_13,Organik,1115.76
10/10/2024,Lokasi_7,Organik,717.99
12/05/2021,Lokasi_10,Anorganik,1272.2
05/01/2024,Lokasi_1,B3,727.54
09/05/2020,Lokasi_4,Anorganik,1390.39
30/09/2021,Lokasi_18,Organik,1361.55
01/12/2025,Lokasi_6,Anorganik,862.39
22/08/2025,Lokasi_2,Organik,885.82
12/09/2022,Lokasi_3,Anorganik,1201.5
19/09/2022,Lokasi_14,Anorganik,590.37
22/10/2025,Lokasi_8,Anorganik,580.92
10/04/2020,Lokasi_16,B3,636.32
02/03/2021,Lokasi_19,Anorganik,1062.48
10/02/2020,Lokasi_18,Anorganik,649
04/03/2021,Lokasi_6,Organik,777.62
09/12/2020,Lokasi_14,Anorganik,1146.91
31/12/2020,Lokasi_3,Organik,515.62
31/08/2021,Lokasi_16,Organik,680.24
28/12/2021,Lokasi_1,Anorganik,1429.93
04/04/2022,Lokasi_12,Organik,1163.58
07/10/2023,Lokasi_14,Anorganik,805.55
07/06/2022,Lokasi_19,Organik,545.3
05/08/2025,Lokasi_19,Organik,1086.05
03/09/2023,Lokasi_9,Organik,722.87
20/07/2023,Lokasi_7,Anorganik,1460.18
26/04/2020,Lokasi_14,Anorganik,1186.96
22/01/2023,Lokasi_5,Organik,1474.12
16/06/2020,Lokasi_18,Organik,1348.9
04/10/2024,Lokasi_9,Anorganik,983.03
26/09/2023,Lokasi_7,Anorganik,1169.56
25/11/2021,Lokasi_9,B3,1312.11
13/07/2022,Lokasi_4,Organik,1078.18
31/05/2020,Lokasi_17,Organik,561.49
08/08/2021,Lokasi_12,Organik,970.45
01/07/2022,Lokasi_6,Anorganik,630.57
26/04/2024,Lokasi_18,Organik,1214.85
10/05/2021,Lokasi_8,Organik,1180.63
18/11/2025,Lokasi_15,Anorganik,1492.91
10/07/2021,Lokasi_3,Organik,1128.81
10/01/2023,Lokasi_2,Organik,1300.14
01/04/2024,Lokasi_9,B3,768.29
21/10/2025,Lokasi_8,Anorganik,840.02
05/06/2020,Lokasi_4,Organik,1417.02
04/01/2022,Lokasi_2,Anorganik,1255.19
19/12/2025,Lokasi_14,Organik,1155.27
28/11/2023,Lokasi_2,Anorganik,754.03
12/07/2021,Lokasi_2,Organik,1198.58
24/11/2025,Lokasi_7,Anorganik,1386.76
03/06/2020,Lokasi_12,Organik,730.8
23/09/2022,Lokasi_6,Organik,1206.12
14/06/2021,Lokasi_18,Organik,893.69
25/05/2025,Lokasi_4,Anorganik,618.77
29/12/2021,Lokasi_19,Anorganik,1263.46
23/03/2023,Lokasi_13,Organik,667.14
02/06/2020,Lokasi_20,Organik,752.9
01/04/2020,Lokasi_2,Anorganik,1282.94
12/02/2024,Lokasi_8,Organik,1242.13
12/09/2024,Lokasi_19,Anorganik,754.18
09/07/2025,Lokasi_9,Organik,1440.96
25/02/2022,Lokasi_4,Anorganik,715.29
29/09/2020,Lokasi_16,Anorganik,1493.62
20/07/2025,Lokasi_19,B3,1237.9
25/06/2020,Lokasi_10,Organik,892.51
04/10/2021,Lokasi_6,Organik,630.35
13/03/2025,Lokasi_16,Anorganik,820.51
20/07/2021,Lokasi_10,Anorganik,693.74
27/10/2021,Lokasi_13,Organik,1121.84
24/08/2023,Lokasi_9,Anorganik,856.86
03/12/2024,Lokasi_7,Anorganik,795.01
05/12/2022,Lokasi_4,Anorganik,1257.13
11/02/2021,Lokasi_19,Anorganik,730.6
27/04/2023,Lokasi_4,Anorganik,1086.89
27/01/2025,Lokasi_19,Organik,694.6
26/02/2023,Lokasi_19,Organik,1214.8
15/02/2023,Lokasi_12,Organik,1125.12
23/05/2020,Lokasi_13,Anorganik,1298.15
01/05/2021,Lokasi_4,Organik,568.5
09/05/2022,Lokasi_10,Anorganik,710.11
19/04/2025,Lokasi_7,Anorganik,654.46
27/05/2020,Lokasi_5,Anorganik,690.56
21/09/2023,Lokasi_17,Organik,603.01
19/09/2023,Lokasi_18,Organik,1062.08
30/03/2020,Lokasi_11,Anorganik,1093.43
19/09/2023,Lokasi_15,B3,1343.49
17/07/2020,Lokasi_7,Organik,917.74
21/06/2021,Lokasi_18,Anorganik,1032.38
27/10/2020,Lokasi_6,Anorganik,1491.3
24/12/2021,Lokasi_18,B3,1031.85
17/05/2024,Lokasi_16,Anorganik,1073.58
30/12/2023,Lokasi_2,Organik,1495.92
08/03/2020,Lokasi_19,B3,1494.13
17/03/2024,Lokasi_1,Organik,924.03
01/02/2021,Lokasi_11,Organik,1134.95
11/09/2021,Lokasi_20,Organik,980.8
03/05/2024,Lokasi_5,Organik,1220.72
09/03/2023,Lokasi_16,Organik,1438.39
30/12/2021,Lokasi_1,Anorganik,809.66
09/07/2021,Lokasi_19,Organik,1318.88
06/05/2025,Lokasi_14,B3,1154.85
17/10/2024,Lokasi_3,Organik,780.18
22/09/2022,Lokasi_2,Organik,1297.3
13/05/2025,Lokasi_5,Organik,927.13
20/05/2024,Lokasi_17,Organik,620.4
20/01/2024,Lokasi_18,Anorganik,1493.42
04/11/2025,Lokasi_1,Organik,925.65
07/01/2023,Lokasi_15,B3,1041.55
04/11/2023,Lokasi_9,Anorganik,1307.96
17/12/2025,Lokasi_5,B3,1460.88
23/07/2023,Lokasi_13,B3,1372.89
18/09/2024,Lokasi_19,B3,1025.05
17/06/2022,Lokasi_10,Organik,1045.7
21/04/2023,Lokasi_20,Anorganik,780.89
15/03/2024,Lokasi_14,Organik,962.8
18/03/2020,Lokasi_12,Anorganik,1446.84
12/03/2024,Lokasi_11,Anorganik,1226.94
25/08/2020,Lokasi_7,B3,511.88
03/03/2023,Lokasi_17,Organik,616.51
19/06/2025,Lokasi_18,Anorganik,1423.81
30/04/2023,Lokasi_7,Anorganik,1348.72
04/10/2020,Lokasi_20,Organik,986.16
07/06/2021,Lokasi_6,Organik,1116.98
28/06/2020,Lokasi_11,Organik,789.65
02/05/2020,Lokasi_12,Anorganik,1292.83
23/06/2023,Lokasi_16,Organik,1103.32
23/10/2024,Lokasi_19,Anorganik,1194.83
30/12/2022,Lokasi_19,Anorganik,874.91
24/04/2021,Lokasi_11,Organik,930.44
02/12/2024,Lokasi_16,Organik,707.68
01/11/2025,Lokasi_12,Organik,1448.05
26/03/2022,Lokasi_8,Organik,1446.56
18/03/2021,Lokasi_3,Organik,1317.75
22/05/2020,Lokasi_2,B3,1435.56
10/07/2020,Lokasi_6,Organik,1165.33
11/11/2023,Lokasi_16,Organik,734.65
12/01/2021,Lokasi_20,Anorganik,1260.21
18/06/2021,Lokasi_15,Organik,825.28
12/09/2024,Lokasi_14,B3,940.48
29/10/2022,Lokasi_2,Anorganik,774.35
11/11/2023,Lokasi_20,Organik,923.62
10/11/2025,Lokasi_18,Anorganik,1179.32
12/06/2025,Lokasi_14,Anorganik,610.61
23/03/2023,Lokasi_18,Organik,605.21
08/02/2021,Lokasi_2,Anorganik,1183.77
18/03/2023,Lokasi_1,Anorganik,1279.58
07/06/2022,Lokasi_20,Organik,1051.47
25/02/2021,Lokasi_2,Organik,681.64
29/06/2024,Lokasi_9,Organik,930.76
16/04/2021,Lokasi_9,B3,1258.18
30/06/2021,Lokasi_16,Organik,1185.73
22/09/2021,Lokasi_11,Organik,609.87
03/11/2022,Lokasi_6,Organik,1469.15
03/01/2025,Lokasi_12,Organik,723.36
29/12/2020,Lokasi_3,Anorganik,720.39
06/12/2025,Lokasi_12,Anorganik,959.86
29/06/2021,Lokasi_1,B3,827.24
25/09/2021,Lokasi_9,Anorganik,1483.99
20/04/2025,Lokasi_20,Anorganik,576.49
07/08/2024,Lokasi_6,Organik,806.44
20/08/2022,Lokasi_11,B3,882.72
01/06/2022,Lokasi_3,Anorganik,993.46
20/05/2022,Lokasi_4,Organik,516.41
30/05/2021,Lokasi_10,Anorganik,582.36
21/11/2023,Lokasi_19,Organik,757.81
15/05/2022,Lokasi_6,Organik,1054
23/11/2025,Lokasi_1,Anorganik,1267.77
13/01/2023,Lokasi_8,B3,1186.5
01/08/2020,Lokasi_8,Organik,1067.02
19/01/2020,Lokasi_6,Anorganik,897.23
03/10/2021,Lokasi_17,Anorganik,1370.69
09/01/2023,Lokasi_19,Anorganik,959.77
25/11/2020,Lokasi_1,Organik,799.25
15/05/2022,Lokasi_15,Anorganik,1129.34
12/02/2022,Lokasi_13,Anorganik,1192.11
26/01/2021,Lokasi_3,Organik,898.47
28/09/2021,Lokasi_2,Anorganik,528.14
22/10/2022,Lokasi_3,Anorganik,594.13
01/08/2024,Lokasi_9,Organik,1345.6
09/01/2022,Lokasi_16,Anorganik,556.55
25/03/2024,Lokasi_13,Organik,1092.02
13/04/2021,Lokasi_19,B3,683.71
09/02/2023,Lokasi_18,Organik,728.93
28/10/2022,Lokasi_12,Organik,773.33
23/05/2022,Lokasi_12,Organik,538.29
04/04/2021,Lokasi_1,Organik,677.24
29/03/2024,Lokasi_20,Anorganik,1150.5
21/01/2022,Lokasi_8,Anorganik,998.72
01/01/2024,Lokasi_17,Organik,1297.33
12/11/2024,Lokasi_20,Anorganik,561.24
03/05/2022,Lokasi_7,Organik,1388.9
22/08/2023,Lokasi_9,Organik,1496.4
22/04/2021,Lokasi_17,Anorganik,515.74
14/05/2020,Lokasi_10,Organik,1467.64
26/02/2023,Lokasi_4,Organik,735.86
13/02/2021,Lokasi_7,Anorganik,1192.54
16/12/2023,Lokasi_7,Organik,792.48
10/08/2023,Lokasi_8,Anorganik,1021.81
23/06/2023,Lokasi_8,Organik,1010.42
28/04/2024,Lokasi_16,Organik,861.11
26/03/2020,Lokasi_12,Organik,1217.55
08/02/2025,Lokasi_15,Anorganik,1099.64
09/01/2024,Lokasi_8,Anorganik,1008.28
12/01/2021,Lokasi_9,B3,1482.84
07/08/2024,Lokasi_3,Organik,1440.01
10/12/2022,Lokasi_16,Organik,1455.44
29/08/2020,Lokasi_15,B3,1381.32
08/07/2022,Lokasi_4,Organik,755.16
05/05/2024,Lokasi_20,Anorganik,849.98
25/06/2023,Lokasi_16,Organik,731.05
10/03/2020,Lokasi_10,B3,1486.18
05/10/2025,Lokasi_11,Anorganik,652.66
06/11/2023,Lokasi_5,Organik,866.51
17/09/2025,Lokasi_11,B3,699.04
30/06/2025,Lokasi_13,Anorganik,723.45
11/03/2022,Lokasi_15,Anorganik,747.09
07/11/2022,Lokasi_6,Organik,1139.67
04/04/2022,Lokasi_16,Anorganik,576.05
25/01/2022,Lokasi_15,Organik,1072.53
18/06/2025,Lokasi_11,Organik,1319.29
13/01/2025,Lokasi_20,Anorganik,1266.52
14/08/2023,Lokasi_2,Organik,651.17
28/05/2024,Lokasi_2,Anorganik,1414.73
19/04/2020,Lokasi_12,Anorganik,1270.09
13/10/2022,Lokasi_16,Anorganik,505.3
15/05/2025,Lokasi_19,Organik,1237.37
04/11/2024,Lokasi_2,Anorganik,1237.42
25/01/2020,Lokasi_17,Anorganik,996.82
22/04/2022,Lokasi_14,B3,545.98
07/01/2022,Lokasi_16,B3,1079.91
05/10/2025,Lokasi_5,Anorganik,1265.75
28/06/2020,Lokasi_10,Anorganik,770.87
19/08/2020,Lokasi_17,Organik,1167.07
01/04/2025,Lokasi_13,Organik,853.93
08/12/2020,Lokasi_16,B3,1073.85
21/04/2021,Lokasi_9,Anorganik,884.57
27/12/2024,Lokasi_4,Anorganik,803.76
30/03/2021,Lokasi_16,Organik,1355.91
09/06/2023,Lokasi_11,Organik,1253.84
15/10/2020,Lokasi_7,Organik,845.45
21/05/2023,Lokasi_17,Organik,934.63
13/06/2021,Lokasi_13,Organik,1191.7
18/08/2021,Lokasi_4,Anorganik,1311.08
10/03/2021,Lokasi_14,Organik,1184.34
31/05/2022,Lokasi_10,Anorganik,1040.93
16/11/2024,Lokasi_10,Organik,1454.39
05/02/2021,Lokasi_10,B3,1274.14
05/11/2025,Lokasi_12,Organik,615.59
14/04/2024,Lokasi_2,Anorganik,1058.14
04/11/2020,Lokasi_9,Organik,909.56
08/12/2020,Lokasi_5,Anorganik,1294.94
11/03/2021,Lokasi_8,Anorganik,544.66
25/06/2020,Lokasi_14,Organik,910.72
18/05/2020,Lokasi_7,Organik,818.28
12/07/2020,Lokasi_7,Organik,641.19
30/03/2023,Lokasi_9,Organik,878.8
31/07/2022,Lokasi_3,Anorganik,1172.8
08/06/2021,Lokasi_14,Anorganik,861.68
12/06/2024,Lokasi_17,Anorganik,1080.01
10/01/2022,Lokasi_18,Organik,1092.81
11/05/2022,Lokasi_12,Organik,1087.11
11/08/2022,Lokasi_14,B3,1029.53
26/07/2023,Lokasi_13,Organik,616.99
28/06/2023,Lokasi_14,Organik,718.46
09/10/2024,Lokasi_9,Anorganik,1300.07
27/12/2025,Lokasi_19,Anorganik,1002.37
02/03/2022,Lokasi_2,Organik,1206.08
29/06/2021,Lokasi_11,Organik,1069.91
18/01/2025,Lokasi_17,Organik,538.69
13/10/2022,Lokasi_2,Organik,1296.21
11/04/2025,Lokasi_19,B3,564.32
02/04/2024,Lokasi_7,Anorganik,1443.17
26/02/2020,Lokasi_18,Anorganik,715.38
29/11/2025,Lokasi_13,Organik,1012.41
05/01/2020,Lokasi_5,Anorganik,563.59
08/12/2023,Lokasi_18,Organik,1394.93
24/09/2023,Lokasi_16,Anorganik,1479.94
25/12/2024,Lokasi_15,Organik,646.29
06/07/2023,Lokasi_8,Anorganik,795.79
07/11/2025,Lokasi_15,Anorganik,515.87
27/06/2023,Lokasi_1,Organik,1286.97
05/02/2023,Lokasi_17,Anorganik,811.46
29/10/2021,Lokasi_15,Anorganik,1088.84
05/07/2023,Lokasi_14,Organik,539.22
23/09/2022,Lokasi_14,B3,1215.46
10/04/2025,Lokasi_10,Anorganik,1029.4
08/10/2020,Lokasi_2,Anorganik,1224.98
12/05/2023,Lokasi_6,Organik,1289.56
25/08/2025,Lokasi_17,Organik,589.24
24/07/2022,Lokasi_5,B3,1078.09
10/09/2020,Lokasi_5,Anorganik,1149.94
26/04/2023,Lokasi_15,Organik,1016.72
24/11/2020,Lokasi_15,Anorganik,682.41
21/11/2023,Lokasi_20,Anorganik,1295.6
20/03/2024,Lokasi_11,Anorganik,1497.46
07/04/2023,Lokasi_5,Anorganik,1469.27
12/09/2024,Lokasi_1,Organik,1277.53
16/04/2023,Lokasi_11,Anorganik,918.11
16/10/2021,Lokasi_11,Organik,837.3
17/10/2023,Lokasi_6,Organik,568.55
29/01/2022,Lokasi_8,Anorganik,916.29
03/12/2024,Lokasi_2,Organik,656.05
29/11/2022,Lokasi_15,B3,754.33
19/02/2021,Lokasi_9,Organik,1391.89
11/09/2020,Lokasi_15,Anorganik,1468.53
12/03/2023,Lokasi_8,Anorganik,1448.56
19/02/2025,Lokasi_16,Anorganik,693.36
18/06/2022,Lokasi_14,Organik,1400.89
20/08/2025,Lokasi_15,Anorganik,641.51
26/01/2020,Lokasi_20,Organik,1007.66
24/02/2021,Lokasi_13,Anorganik,1143.66
29/05/2023,Lokasi_9,Organik,962.47
19/02/2025,Lokasi_1,Organik,1451.84
14/06/2023,Lokasi_6,Anorganik,833.21
05/10/2022,Lokasi_8,Organik,1027.38
06/08/2020,Lokasi_20,Organik,575.45
19/02/2024,Lokasi_18,Organik,1352.22
13/05/2025,Lokasi_18,Organik,913.36
24/10/2021,Lokasi_17,Organik,1200.53
16/09/2022,Lokasi_16,B3,1182.25
07/07/2020,Lokasi_13,Organik,1176.26
11/09/2020,Lokasi_4,Anorganik,1006.94
08/03/2020,Lokasi_4,Anorganik,777.52
07/09/2021,Lokasi_14,Anorganik,1125.09
23/05/2022,Lokasi_5,Anorganik,1461.79
13/06/2024,Lokasi_16,Organik,1333.95
22/12/2020,Lokasi_14,Organik,608.77
12/09/2020,Lokasi_14,Organik,523.19
04/10/2022,Lokasi_14,Anorganik,998.97
21/10/2024,Lokasi_14,Organik,1275.83
10/10/2020,Lokasi_19,Organik,813.9
08/04/2020,Lokasi_3,B3,1201.24
15/07/2020,Lokasi_17,Anorganik,1431.92
27/05/2022,Lokasi_14,Anorganik,958.98
11/02/2025,Lokasi_10,Anorganik,744.16
20/10/2023,Lokasi_13,Organik,1417.76
23/07/2021,Lokasi_4,Anorganik,972.26
01/12/2022,Lokasi_11,Organik,907.84
25/02/2021,Lokasi_15,Anorganik,853.36
19/04/2023,Lokasi_15,Anorganik,923.02
28/06/2021,Lokasi_2,Anorganik,1173.66
11/03/2020,Lokasi_11,Organik,933.72
08/05/2023,Lokasi_2,Organik,824.22
06/02/2022,Lokasi_5,Organik,1243.64
02/09/2024,Lokasi_13,Anorganik,702.97
16/10/2021,Lokasi_1,Anorganik,701.93
01/12/2024,Lokasi_7,Organik,1196.44
08/08/2020,Lokasi_7,Anorganik,1366.71
30/06/2020,Lokasi_10,Anorganik,741.21
02/11/2020,Lokasi_6,Anorganik,691.12
20/11/2023,Lokasi_20,Anorganik,1170.31
10/10/2022,Lokasi_12,Anorganik,1120.8
13/08/2025,Lokasi_13,Anorganik,947.25
27/04/2022,Lokasi_11,Organik,595.86
14/03/2022,Lokasi_18,Organik,591.79
02/08/2020,Lokasi_2,Organik,1277.34
14/12/2023,Lokasi_16,Anorganik,951.77
10/04/2020,Lokasi_2,Organik,1357.97
26/07/2021,Lokasi_19,Anorganik,1074.73
25/08/2023,Lokasi_6,Organik,1118.74
19/10/2021,Lokasi_1,Organik,1434.19
13/03/2024,Lokasi_11,Organik,664.62
14/07/2024,Lokasi_18,Organik,1043.02
13/08/2020,Lokasi_10,Anorganik,558.14
14/04/2020,Lokasi_18,Organik,858.93
20/06/2025,Lokasi_1,Organik,648.1
10/02/2022,Lokasi_19,Organik,687.84
04/03/2021,Lokasi_16,Organik,1434.79
09/03/2021,Lokasi_7,Anorganik,1110.68
15/05/2023,Lokasi_15,Anorganik,1392.16
15/05/2022,Lokasi_1,Organik,943.52
07/09/2020,Lokasi_9,Anorganik,1097.64
05/05/2022,Lokasi_2,Anorganik,532.09
08/04/2023,Lokasi_17,B3,969.5
14/07/2021,Lokasi_10,Anorganik,1064.06
09/01/2024,Lokasi_6,Organik,516.78
07/07/2022,Lokasi_5,Organik,1289.49
19/03/2023,Lokasi_8,Anorganik,795.42
08/03/2021,Lokasi_8,B3,952.49
07/10/2025,Lokasi_5,Anorganik,1035.63
26/08/2022,Lokasi_12,Anorganik,1492.2
15/04/2022,Lokasi_7,Anorganik,599.18
16/06/2022,Lokasi_13,Organik,1055.28
16/04/2021,Lokasi_13,B3,1030.59
03/09/2020,Lokasi_17,Organik,568.91
17/09/2022,Lokasi_4,Organik,1133.94
15/07/2022,Lokasi_18,Anorganik,786.85
06/04/2023,Lokasi_10,Organik,603.77
10/12/2022,Lokasi_3,Organik,678.64
08/01/2025,Lokasi_12,Anorganik,1323.6
19/11/2021,Lokasi_1,Organik,604.12
24/01/2024,Lokasi_11,Organik,966.93
17/08/2022,Lokasi_18,Organik,695.27
22/04/2021,Lokasi_13,Anorganik,662.32
07/12/2021,Lokasi_17,B3,705.71
11/02/2023,Lokasi_8,Anorganik,992.78
23/01/2022,Lokasi_20,Organik,737.79
17/07/2024,Lokasi_19,Anorganik,596.73
10/08/2021,Lokasi_17,B3,1301.4
27/08/2023,Lokasi_2,Anorganik,1039.82
01/02/2024,Lokasi_3,Organik,656.85
21/01/2025,Lokasi_3,Anorganik,971.43
25/07/2020,Lokasi_6,Organik,568.36
13/06/2020,Lokasi_10,B3,1080.43
21/06/2025,Lokasi_18,B3,840.3
15/09/2025,Lokasi_18,Anorganik,603.53
28/11/2020,Lokasi_14,Anorganik,683.64
06/02/2021,Lokasi_16,Anorganik,845.7
17/02/2021,Lokasi_7,Organik,1306.41
14/02/2020,Lokasi_1,Organik,673.76
02/03/2020,Lokasi_17,Organik,609.66
17/05/2022,Lokasi_5,Anorganik,1015.94
31/01/2024,Lokasi_1,Anorganik,1058.7
19/01/2020,Lokasi_17,Organik,590.24
30/12/2020,Lokasi_10,Anorganik,784.48
14/02/2023,Lokasi_12,Anorganik,762.76
02/08/2021,Lokasi_20,Anorganik,686.22
29/06/2021,Lokasi_2,Anorganik,815.64
25/09/2024,Lokasi_16,Anorganik,537.11
24/02/2020,Lokasi_15,B3,1151.55
16/02/2022,Lokasi_13,Anorganik,1488.49
11/02/2020,Lokasi_18,Organik,1134.05
13/08/2023,Lokasi_20,Organik,861.08
18/08/2020,Lokasi_14,Organik,1167.91
28/03/2021,Lokasi_18,Anorganik,1071.52
25/03/2024,Lokasi_2,Anorganik,1346.76
13/10/2023,Lokasi_2,Anorganik,1121.87
07/01/2024,Lokasi_3,Organik,1134.08
25/02/2023,Lokasi_5,Organik,721.66
01/05/2023,Lokasi_16,B3,915.63
30/05/2022,Lokasi_15,Anorganik,844.42
25/03/2020,Lokasi_12,Organik,511.43
19/11/2022,Lokasi_9,Organik,813.28
18/02/2020,Lokasi_14,Anorganik,986.06
14/03/2023,Lokasi_16,Anorganik,1099.85
09/03/2020,Lokasi_11,Organik,1434.57
28/08/2024,Lokasi_6,Anorganik,739.11
17/05/2024,Lokasi_10,Organik,652.43
12/02/2025,Lokasi_8,Anorganik,1369.45
12/10/2022,Lokasi_16,Anorganik,1441.85
21/03/2021,Lokasi_3,Organik,987.95
02/11/2023,Lokasi_2,Anorganik,615.22
12/11/2025,Lokasi_16,B3,985.39
18/09/2020,Lokasi_19,Organik,609.44
22/01/2025,Lokasi_9,Organik,1383.19
15/06/2022,Lokasi_16,B3,1208.15
30/12/2022,Lokasi_4,Anorganik,741.14
05/04/2024,Lokasi_10,Organik,1386.69
01/04/2020,Lokasi_19,Organik,1137.9
06/05/2020,Lokasi_13,Organik,1453.26
20/03/2020,Lokasi_18,Anorganik,1480.48
21/01/2025,Lokasi_15,Anorganik,503.28
09/09/2022,Lokasi_4,Organik,620.21
04/07/2022,Lokasi_9,Organik,1046.92
24/11/2021,Lokasi_4,Anorganik,1455.85
25/01/2020,Lokasi_16,Organik,1494.23
04/06/2020,Lokasi_15,Anorganik,1067.41
17/12/2024,Lokasi_2,Organik,673.8
02/04/2024,Lokasi_14,Organik,663.05
20/05/2025,Lokasi_3,Organik,1263.86
29/09/2024,Lokasi_4,Organik,1091.94
16/12/2022,Lokasi_1,Anorganik,1048.77
16/06/2024,Lokasi_9,Anorganik,965.76
19/01/2020,Lokasi_17,Anorganik,1225.13
08/11/2023,Lokasi_14,Organik,1358.05
01/05/2023,Lokasi_17,Anorganik,802.96
11/11/2023,Lokasi_1,Anorganik,720.92
03/10/2020,Lokasi_10,Organik,1170.2
14/01/2022,Lokasi_16,Organik,1414.73
05/07/2021,Lokasi_19,Organik,848.16
22/03/2023,Lokasi_3,Organik,772.45
30/09/2021,Lokasi_12,Anorganik,726.11
24/08/2020,Lokasi_3,Anorganik,754.49
24/09/2022,Lokasi_15,Organik,634.93
03/10/2025,Lokasi_17,Anorganik,1096.78
26/06/2025,Lokasi_18,Anorganik,780.83
30/12/2023,Lokasi_7,Organik,1114.94
26/11/2025,Lokasi_19,Organik,583.03
22/04/2023,Lokasi_7,Anorganik,615.46
23/10/2023,Lokasi_5,Anorganik,1036.14
29/06/2025,Lokasi_8,Organik,1011.53
06/05/2023,Lokasi_16,Anorganik,771.51
26/10/2023,Lokasi_16,Anorganik,1327.13
07/01/2021,Lokasi_19,Organik,687.05
29/02/2024,Lokasi_15,Anorganik,860.66
28/04/2022,Lokasi_7,Anorganik,1055.51
07/09/2023,Lokasi_5,Organik,1367.21
18/05/2021,Lokasi_11,Organik,918.55
03/12/2021,Lokasi_10,Organik,898.6
20/09/2025,Lokasi_9,Organik,1079.54
10/11/2020,Lokasi_1,Organik,816.7
06/11/2022,Lokasi_20,Organik,1209.17
09/10/2020,Lokasi_1,Organik,748.7
14/09/2020,Lokasi_8,Organik,1323.2
28/07/2021,Lokasi_3,Anorganik,772.35
27/07/2021,Lokasi_2,Organik,1492.7
08/11/2022,Lokasi_4,B3,816.46
01/04/2024,Lokasi_19,B3,1378.83
26/02/2021,Lokasi_11,Anorganik,897.36
29/01/2024,Lokasi_5,B3,746.05
28/10/2023,Lokasi_10,Organik,726.16
27/01/2022,Lokasi_8,Anorganik,1350.19
09/01/2023,Lokasi_13,B3,808.75
23/04/2024,Lokasi_5,Organik,838.56
04/03/2021,Lokasi_12,Organik,696.99
14/07/2025,Lokasi_13,Organik,1461.32
22/07/2020,Lokasi_8,Organik,744.74
15/06/2025,Lokasi_15,Organik,747.44
02/11/2020,Lokasi_13,B3,1443.9
14/08/2024,Lokasi_1,B3,1400.9
14/01/2020,Lokasi_6,Anorganik,748.91
03/02/2025,Lokasi_11,Anorganik,1364.73
15/05/2025,Lokasi_13,Anorganik,749.82
16/12/2022,Lokasi_20,Organik,584.46
23/12/2021,Lokasi_1,Organik,1320.36
18/02/2022,Lokasi_11,B3,1271.56
18/05/2023,Lokasi_11,Organik,794.67
12/06/2021,Lokasi_8,Organik,590.14
08/03/2022,Lokasi_3,Organik,706.44
09/12/2020,Lokasi_19,Anorganik,1271.06
26/07/2023,Lokasi_12,Organik,1464.75
27/07/2020,Lokasi_6,Organik,759
02/10/2021,Lokasi_8,Organik,1318.26
04/08/2023,Lokasi_5,Organik,727.93
01/05/2025,Lokasi_10,Organik,1179.6
08/07/2022,Lokasi_16,Anorganik,583.61
19/09/2024,Lokasi_12,Anorganik,1085.3
06/08/2025,Lokasi_17,Organik,769.19
22/02/2021,Lokasi_6,Anorganik,1425.85
15/10/2024,Lokasi_9,Anorganik,789.75
20/10/2023,Lokasi_10,Anorganik,898.44
04/01/2023,Lokasi_20,Anorganik,1340.68
26/11/2025,Lokasi_14,Organik,938.27
25/03/2024,Lokasi_14,Organik,738.41
06/12/2022,Lokasi_17,Organik,1047.54
24/01/2025,Lokasi_16,Organik,1339.99
24/01/2023,Lokasi_4,Anorganik,933.18
15/08/2022,Lokasi_2,Anorganik,632.89
12/04/2020,Lokasi_16,Organik,883.09
15/03/2023,Lokasi_1,Organik,1454.48
18/03/2025,Lokasi_3,Anorganik,572.02
21/10/2024,Lokasi_11,Organik,908.45
09/11/2021,Lokasi_16,Anorganik,1148.03
22/05/2025,Lokasi_18,Anorganik,578.52
15/09/2022,Lokasi_15,Anorganik,844.95
10/01/2023,Lokasi_9,B3,1440.58
26/05/2024,Lokasi_12,Organik,530.64
11/02/2024,Lokasi_18,Anorganik,1251.74
24/11/2024,Lokasi_5,Organik,1341.37
31/03/2023,Lokasi_8,Organik,777.06
20/07/2022,Lokasi_3,Organik,714.71
26/11/2023,Lokasi_2,Anorganik,1414.82
27/11/2022,Lokasi_19,Anorganik,1264
01/06/2025,Lokasi_8,Anorganik,613.38
04/08/2025,Lokasi_2,Organik,712.2
02/07/2023,Lokasi_19,Organik,1121.36
17/04/2023,Lokasi_1,Anorganik,919.42
16/08/2021,Lokasi_13,Organik,1004.17
22/11/2023,Lokasi_20,Organik,1451.54
24/10/2022,Lokasi_17,B3,920.24
17/08/2022,Lokasi_3,Organik,1381.68
19/03/2023,Lokasi_9,Organik,1160.74
26/03/2022,Lokasi_5,Organik,621.62
07/02/2021,Lokasi_6,Anorganik,1244.51
11/06/2022,Lokasi_4,Anorganik,1020.21
08/03/2020,Lokasi_17,Organik,725.1
28/03/2020,Lokasi_16,Organik,789.55
10/08/2025,Lokasi_16,Organik,1057.33
04/03/2023,Lokasi_11,Organik,1101.7
16/09/2024,Lokasi_2,Organik,1468.18
06/10/2023,Lokasi_17,Organik,1354.72
27/12/2025,Lokasi_15,Organik,705.84
20/12/2025,Lokasi_18,Anorganik,1273.99
01/07/2024,Lokasi_10,Organik,508.29
26/06/2020,Lokasi_6,B3,629.81
13/10/2023,Lokasi_16,Organik,699.7
26/06/2022,Lokasi_5,Organik,1097.2
08/08/2021,Lokasi_12,Organik,694.69
16/09/2022,Lokasi_6,Anorganik,865.27
05/02/2023,Lokasi_14,Anorganik,742.78
09/12/2025,Lokasi_16,Organik,837.42
26/08/2025,Lokasi_7,Organik,1442.45
04/05/2023,Lokasi_2,Organik,1497.38
13/11/2020,Lokasi_6,B3,1185.72
11/02/2024,Lokasi_9,Anorganik,1072.31
27/07/2025,Lokasi_7,Anorganik,1208.45
04/08/2025,Lokasi_2,Organik,1271.65
17/05/2021,Lokasi_19,B3,1239.01
15/07/2025,Lokasi_8,Organik,581.89
28/04/2020,Lokasi_11,Organik,810.29
10/12/2021,Lokasi_4,Organik,843.43
14/02/2020,Lokasi_16,Organik,869.25
09/11/2020,Lokasi_18,Anorganik,844.31
21/02/2021,Lokasi_13,Anorganik,1287.09
06/01/2023,Lokasi_5,Anorganik,1247.6
21/11/2020,Lokasi_2,Anorganik,504.6
10/12/2023,Lokasi_11,Anorganik,796.38
09/06/2025,Lokasi_1,Organik,1123.66
14/03/2020,Lokasi_13,Anorganik,620.27
21/05/2024,Lokasi_5,Anorganik,571.2
23/05/2021,Lokasi_18,Organik,1328.4
18/11/2021,Lokasi_14,Anorganik,952.68
18/10/2021,Lokasi_13,Anorganik,1355.69
22/03/2024,Lokasi_7,B3,1323.55
16/07/2023,Lokasi_8,Anorganik,1393.37
31/10/2023,Lokasi_18,Anorganik,548.27
01/04/2024,Lokasi_7,Anorganik,686.13
11/12/2022,Lokasi_20,Organik,796.14
20/11/2020,Lokasi_17,Organik,636.23
18/09/2022,Lokasi_16,Anorganik,985.47
16/06/2025,Lokasi_11,Organik,1298.98
17/12/2021,Lokasi_19,Anorganik,1451.18
03/10/2020,Lokasi_1,Organik,1389.57
31/05/2020,Lokasi_8,Organik,957.34
12/08/2022,Lokasi_1,Anorganik,1136.49
15/02/2024,Lokasi_9,Organik,730.7
15/09/2020,Lokasi_19,Organik,903.01
18/05/2022,Lokasi_9,B3,1371.18
06/04/2023,Lokasi_10,B3,529.2
18/11/2021,Lokasi_11,Organik,1032.76
05/11/2020,Lokasi_1,Organik,1372.8
11/02/2024,Lokasi_20,Organik,622.01
17/04/2021,Lokasi_8,Organik,1482.55
24/03/2022,Lokasi_20,Organik,512.39
25/04/2022,Lokasi_12,Organik,1386.12
10/03/2023,Lokasi_1,Organik,853.67
28/10/2021,Lokasi_10,B3,632.69
13/12/2024,Lokasi_4,Anorganik,657.36
14/12/2023,Lokasi_15,Anorganik,1201.18
02/11/2024,Lokasi_19,B3,1370.72
18/06/2023,Lokasi_6,Organik,1141.07
20/12/2020,Lokasi_5,B3,1428.72
15/02/2025,Lokasi_5,Organik,1342.48
17/07/2025,Lokasi_18,Organik,509.03
28/06/2020,Lokasi_3,Anorganik,1169.43
06/03/2020,Lokasi_2,Anorganik,804.63
30/03/2022,Lokasi_4,Organik,954.5
03/10/2023,Lokasi_18,Organik,594.03
19/06/2020,Lokasi_9,Organik,782.1
22/10/2023,Lokasi_19,Organik,1132.69
04/02/2023,Lokasi_10,Organik,718.38
14/04/2022,Lokasi_15,Organik,1147.54
14/08/2020,Lokasi_1,B3,1423.03
17/03/2021,Lokasi_11,Anorganik,504.94
28/12/2021,Lokasi_14,Anorganik,1285.77
23/05/2024,Lokasi_10,Organik,1141.32
01/11/2025,Lokasi_19,Anorganik,546.63
02/11/2022,Lokasi_16,B3,1290.17
06/01/2025,Lokasi_8,Anorganik,724.52
22/01/2025,Lokasi_2,B3,765.82
07/05/2021,Lokasi_7,B3,593.52
28/03/2024,Lokasi_19,Anorganik,1034.38
17/02/2023,Lokasi_7,Organik,998.22
27/08/2022,Lokasi_15,Organik,847.17
18/09/2025,Lokasi_8,Organik,668.75
01/10/2021,Lokasi_14,Anorganik,1337.95
21/06/2020,Lokasi_1,B3,1376.38
19/04/2024,Lokasi_13,Organik,1040.58
15/09/2020,Lokasi_3,Organik,744.23
31/05/2021,Lokasi_6,Organik,596.11
06/06/2021,Lokasi_19,Organik,1368.54
01/04/2025,Lokasi_15,Anorganik,596.05
04/12/2025,Lokasi_4,Anorganik,513.18
13/04/2025,Lokasi_3,Organik,969.4
13/02/2023,Lokasi_4,Organik,1231.27
18/04/2022,Lokasi_5,Anorganik,957.54
25/12/2022,Lokasi_18,B3,551.41
29/12/2022,Lokasi_10,Organik,1190.03
23/05/2025,Lokasi_8,Anorganik,1142.33
23/04/2024,Lokasi_12,Anorganik,1181.53
29/04/2024,Lokasi_3,B3,711.2
19/01/2023,Lokasi_18,Anorganik,1295.7
19/01/2022,Lokasi_8,Anorganik,979.17
29/12/2022,Lokasi_1,Anorganik,1036.35
04/04/2023,Lokasi_14,B3,1045.83
18/02/2025,Lokasi_13,Organik,786.81
22/11/2024,Lokasi_12,Anorganik,750.13
26/05/2024,Lokasi_3,Anorganik,504.77
18/02/2020,Lokasi_18,Organik,896.61
11/12/2022,Lokasi_13,Anorganik,985.1
05/08/2023,Lokasi_15,Organik,1242.8
07/07/2024,Lokasi_10,Organik,566.63
20/12/2025,Lokasi_1,Organik,1423.99
04/04/2023,Lokasi_6,Anorganik,763.96
29/10/2023,Lokasi_9,Organik,866.72
02/01/2025,Lokasi_10,Anorganik,548.36
23/04/2021,Lokasi_15,Organik,1153.14
11/04/2022,Lokasi_9,Organik,1208.92
02/06/2024,Lokasi_14,Anorganik,1428.79
12/11/2021,Lokasi_11,Anorganik,836.83
16/08/2023,Lokasi_7,Organik,757.37
22/03/2020,Lokasi_2,Anorganik,1226.09
27/03/2020,Lokasi_14,Organik,1206.8
25/08/2025,Lokasi_6,Organik,1437.12
01/04/2022,Lokasi_5,Anorganik,705.32
11/06/2020,Lokasi_5,Organik,1205.29
16/04/2025,Lokasi_19,Organik,566.87
24/01/2025,Lokasi_19,Organik,980.37
03/02/2025,Lokasi_6,Anorganik,619.39
20/01/2023,Lokasi_10,Organik,1153.15
25/02/2025,Lokasi_14,Anorganik,1101.47
11/07/2022,Lokasi_17,Organik,548.83
15/12/2025,Lokasi_3,Anorganik,819.62
20/12/2023,Lokasi_1,Organik,895.03
01/05/2024,Lokasi_10,Anorganik,748.06
18/07/2021,Lokasi_3,Organik,538.67
15/04/2021,Lokasi_5,Organik,818.82
14/09/2022,Lokasi_19,Organik,1292.62
18/04/2025,Lokasi_10,Organik,860.11
11/08/2020,Lokasi_16,Organik,823.37
16/12/2020,Lokasi_1,Organik,1441.75
12/04/2025,Lokasi_6,Organik,541.63
14/12/2020,Lokasi_9,Organik,1267.29
30/06/2020,Lokasi_5,Anorganik,983.09
28/09/2021,Lokasi_14,Organik,1444.46
14/10/2022,Lokasi_10,Organik,893.47
10/02/2022,Lokasi_2,Organik,1208.04
12/10/2022,Lokasi_5,Organik,569.94
12/10/2025,Lokasi_1,Organik,1428.77
29/01/2020,Lokasi_10,B3,844.54
14/11/2025,Lokasi_9,Anorganik,1024
08/03/2025,Lokasi_3,Anorganik,638.48
05/01/2024,Lokasi_15,Anorganik,1445.56
11/05/2023,Lokasi_4,B3,1172.97
30/08/2025,Lokasi_13,Anorganik,553.95
30/01/2023,Lokasi_6,Organik,655.21
06/03/2020,Lokasi_20,Anorganik,899.83
08/02/2023,Lokasi_17,Anorganik,716.77
03/12/2020,Lokasi_5,Organik,804.63
10/12/2025,Lokasi_15,Organik,1497.49
24/09/2024,Lokasi_8,Anorganik,1158.65
22/03/2021,Lokasi_5,Organik,1422.22
07/10/2020,Lokasi_13,Anorganik,935.8
18/08/2021,Lokasi_1,Organik,1210.28
09/06/2025,Lokasi_1,Anorganik,959.69
10/12/2022,Lokasi_7,Organik,828.22
28/07/2020,Lokasi_5,Anorganik,1019.17
05/05/2020,Lokasi_14,Organik,927.31
06/05/2021,Lokasi_15,Anorganik,1480.54
27/08/2022,Lokasi_17,Organik,996.17
03/08/2021,Lokasi_18,Anorganik,1311.11
26/04/2023,Lokasi_7,Organik,1166.82
17/08/2020,Lokasi_18,Organik,979.63
07/07/2020,Lokasi_19,B3,974.15
19/08/2025,Lokasi_20,B3,841.89
16/05/2021,Lokasi_7,Organik,606.98
02/11/2025,Lokasi_8,Organik,1261.47
18/02/2020,Lokasi_13,Organik,1418.09
19/11/2021,Lokasi_18,Organik,717.95
21/01/2021,Lokasi_11,Organik,1425.67
27/08/2022,Lokasi_9,Anorganik,732.3
02/10/2022,Lokasi_1,Anorganik,1030.08
20/09/2024,Lokasi_8,Organik,843.62
27/06/2025,Lokasi_12,Organik,614.51
26/05/2024,Lokasi_2,Organik,552.84
24/11/2024,Lokasi_15,Anorganik,865.35
27/09/2020,Lokasi_18,Organik,547.34
02/05/2020,Lokasi_17,B3,604.21
04/07/2023,Lokasi_15,Anorganik,642.3
15/12/2023,Lokasi_20,Organik,501.92
15/09/2020,Lokasi_20,B3,653.25
05/08/2022,Lokasi_9,Anorganik,1077.28
25/09/2025,Lokasi_3,Organik,1319.52
12/05/2022,Lokasi_20,Organik,693.43
08/06/2021,Lokasi_19,Anorganik,580.87
06/06/2022,Lokasi_18,Anorganik,1229.51
26/07/2020,Lokasi_20,Anorganik,508.16
28/05/2020,Lokasi_8,Anorganik,1234.16
13/03/2021,Lokasi_1,B3,631.12
17/09/2024,Lokasi_15,Anorganik,728.29
23/12/2020,Lokasi_19,B3,620.07
25/05/2023,Lokasi_10,Anorganik,747.34
14/04/2025,Lokasi_12,B3,1298.18
31/03/2021,Lokasi_6,Anorganik,632.54
20/06/2024,Lokasi_13,Organik,1494.17
20/09/2021,Lokasi_4,Anorganik,827.1
30/04/2021,Lokasi_13,Anorganik,1421.97
18/07/2020,Lokasi_17,Anorganik,690.03
05/01/2021,Lokasi_1,Anorganik,687.9
10/10/2022,Lokasi_5,Anorganik,1065.34
05/06/2025,Lokasi_17,Organik,550.6
11/01/2024,Lokasi_18,Anorganik,1301
04/09/2020,Lokasi_7,Organik,939.62
26/02/2022,Lokasi_16,Organik,1199.2
09/09/2025,Lokasi_8,Organik,674.63
01/03/2024,Lokasi_12,Organik,1142.36
26/06/2023,Lokasi_14,Organik,1094.07
27/08/2021,Lokasi_19,Organik,1255.66
16/08/2024,Lokasi_11,Anorganik,797.4
18/11/2023,Lokasi_12,Organik,1433.17
25/12/2024,Lokasi_13,Organik,1461.3
16/05/2021,Lokasi_8,Anorganik,1368.12
02/07/2021,Lokasi_1,Organik,1072.03
27/09/2023,Lokasi_9,Anorganik,920.29
18/04/2022,Lokasi_2,Anorganik,557.99
01/12/2023,Lokasi_14,Organik,1447.23
19/12/2023,Lokasi_13,Anorganik,1451.78
27/04/2022,Lokasi_16,Anorganik,518.69
05/09/2021,Lokasi_2,Anorganik,856.89
15/02/2021,Lokasi_4,Anorganik,1380.04
08/11/2021,Lokasi_12,Anorganik,580.85
07/06/2020,Lokasi_16,Anorganik,696.57
23/08/2025,Lokasi_10,Anorganik,1478.68
07/01/2021,Lokasi_3,Anorganik,1347.29
01/01/2023,Lokasi_4,Anorganik,1412.06
25/08/2021,Lokasi_6,Organik,642.15
03/08/2020,Lokasi_5,Anorganik,711.32
19/06/2025,Lokasi_18,Organik,1105.42
13/04/2024,Lokasi_3,Organik,1001.74
14/01/2025,Lokasi_10,Organik,798.5
16/05/2025,Lokasi_11,Organik,1383.85
27/12/2021,Lokasi_19,Anorganik,1401.39
29/05/2023,Lokasi_14,B3,791.68
01/12/2022,Lokasi_11,Anorganik,655.75
06/11/2021,Lokasi_4,Anorganik,649.09
09/10/2020,Lokasi_6,Anorganik,984.43
17/12/2022,Lokasi_17,Organik,632.92
23/03/2025,Lokasi_19,B3,973.34
26/02/2023,Lokasi_13,Organik,961.93
05/08/2022,Lokasi_10,Organik,1384.11
26/10/2021,Lokasi_11,B3,796.21
13/09/2024,Lokasi_6,Anorganik,1060.65
22/02/2023,Lokasi_2,Organik,1243.5
07/03/2020,Lokasi_1,B3,1095.91
15/08/2025,Lokasi_11,Organik,1454.07
28/09/2021,Lokasi_16,Anorganik,1102.28
09/11/2020,Lokasi_3,Organik,1401.86
18/07/2021,Lokasi_5,Anorganik,745.06
20/05/2024,Lokasi_15,Anorganik,1060.75
05/04/2022,Lokasi_15,Organik,1043.31
10/01/2023,Lokasi_4,Anorganik,1489.45
22/10/2022,Lokasi_4,Anorganik,704.51
23/10/2021,Lokasi_8,Organik,640.99
15/03/2022,Lokasi_7,Organik,1111.67
19/06/2021,Lokasi_17,Anorganik,723.69
23/10/2023,Lokasi_15,Anorganik,1139.16
20/05/2023,Lokasi_5,Organik,1472.49
04/04/2025,Lokasi_13,Anorganik,1446.51
04/12/2025,Lokasi_4,Organik,731.1
19/09/2021,Lokasi_17,B3,670.9
18/01/2022,Lokasi_17,Organik,1060.74
14/04/2020,Lokasi_14,Anorganik,1086.78
15/02/2020,Lokasi_14,Anorganik,1162.25
16/09/2023,Lokasi_17,Organik,1241.49
24/05/2023,Lokasi_8,Organik,1100.96
08/09/2022,Lokasi_2,Organik,611.75
17/08/2022,Lokasi_13,Anorganik,1290.16
24/02/2024,Lokasi_16,Anorganik,579.52
10/01/2025,Lokasi_16,Anorganik,519.99
21/01/2024,Lokasi_6,Organik,1269.66
08/04/2024,Lokasi_4,Organik,1048.36
16/02/2024,Lokasi_3,Anorganik,1198.59
25/08/2025,Lokasi_6,Organik,882.75
23/06/2025,Lokasi_4,Organik,511.09
27/05/2025,Lokasi_18,Organik,831.02
30/06/2022,Lokasi_6,Organik,1108.14
18/07/2023,Lokasi_5,Organik,725.7
07/12/2024,Lokasi_9,Organik,1187.8
19/10/2024,Lokasi_11,Organik,1294.4
24/04/2020,Lokasi_6,Organik,954.27
22/05/2024,Lokasi_16,Organik,1375.72
15/08/2023,Lokasi_19,Anorganik,1354.82
03/02/2025,Lokasi_11,Organik,1378.06
03/01/2023,Lokasi_15,Anorganik,1161.04
04/09/2022,Lokasi_9,Organik,804.79
14/02/2024,Lokasi_19,Anorganik,981.25
31/01/2023,Lokasi_19,Anorganik,1210.51
23/10/2020,Lokasi_9,Anorganik,710.56
28/11/2022,Lokasi_4,Anorganik,1238.84
15/09/2020,Lokasi_10,Anorganik,1048.09
16/08/2025,Lokasi_9,Anorganik,596.02
27/09/2025,Lokasi_19,Anorganik,1057.29
07/03/2025,Lokasi_15,Anorganik,566.78
24/06/2020,Lokasi_19,Organik,514.31
27/09/2022,Lokasi_2,Anorganik,1389.63
02/04/2025,Lokasi_10,B3,989.92
25/07/2024,Lokasi_19,Organik,1043.29
02/10/2020,Lokasi_17,Anorganik,779.94
06/11/2021,Lokasi_20,Anorganik,1042.74
28/12/2024,Lokasi_2,Anorganik,668.87
17/11/2022,Lokasi_19,Organik,1245.65
18/09/2023,Lokasi_17,Organik,1323.35
04/10/2025,Lokasi_18,Anorganik,1355.88
30/06/2021,Lokasi_17,Anorganik,606.65
09/02/2023,Lokasi_2,Organik,1057.75
14/09/2025,Lokasi_19,Anorganik,1308.75
02/08/2025,Lokasi_1,B3,628.22
14/03/2021,Lokasi_11,Anorganik,599.52
18/10/2024,Lokasi_10,Anorganik,1316.94
03/06/2024,Lokasi_5,Anorganik,1296.74
23/01/2025,Lokasi_16,Organik,948.69
19/05/2024,Lokasi_5,Anorganik,609.71
21/07/2024,Lokasi_12,Anorganik,1016.12
02/11/2020,Lokasi_4,Anorganik,894.8
10/09/2021,Lokasi_6,Anorganik,1018.55
06/02/2023,Lokasi_19,Organik,939.9
27/10/2023,Lokasi_9,Anorganik,1068.51
11/10/2023,Lokasi_12,Organik,1227.13
26/08/2024,Lokasi_15,Anorganik,1274.86
16/10/2025,Lokasi_16,Organik,1148.98
29/06/2020,Lokasi_13,Organik,698.94
27/01/2024,Lokasi_7,Organik,897.12
02/07/2022,Lokasi_20,Organik,571.22
06/04/2024,Lokasi_4,Anorganik,951.67
14/10/2025,Lokasi_11,B3,1470.34
10/11/2022,Lokasi_8,Organik,1141.73
23/06/2024,Lokasi_6,Anorganik,654.61
26/06/2024,Lokasi_10,Anorganik,768.58
01/05/2024,Lokasi_7,Anorganik,564.57
17/09/2025,Lokasi_7,Organik,682.41
01/08/2023,Lokasi_4,Anorganik,987.84
01/04/2022,Lokasi_3,B3,844.86
24/08/2021,Lokasi_7,Anorganik,703.96
08/06/2024,Lokasi_4,Organik,646.6
23/02/2022,Lokasi_13,Organik,1156.07
26/04/2023,Lokasi_20,Organik,1058.1
01/11/2021,Lokasi_17,Anorganik,1342.64
20/06/2023,Lokasi_7,B3,683.25
01/01/2023,Lokasi_17,B3,1347.99
20/06/2025,Lokasi_4,B3,1077.91
10/04/2020,Lokasi_11,Organik,766.22
14/11/2024,Lokasi_3,Organik,773.55
24/06/2020,Lokasi_11,Organik,890.38
25/08/2020,Lokasi_3,Organik,960.13
27/01/2023,Lokasi_12,Organik,582.51
31/05/2025,Lokasi_1,Organik,1342
26/06/2025,Lokasi_4,Organik,621.54
17/03/2024,Lokasi_14,B3,983.46
24/01/2022,Lokasi_1,Anorganik,882.97
20/02/2023,Lokasi_14,Organik,1012.29
12/11/2023,Lokasi_13,Anorganik,1387.48
19/05/2020,Lokasi_13,Anorganik,1489.09
24/06/2021,Lokasi_15,Anorganik,520.27
15/11/2023,Lokasi_17,Anorganik,893.24
26/09/2020,Lokasi_12,B3,1317.61
01/11/2022,Lokasi_14,Anorganik,826.6
05/03/2025,Lokasi_12,Organik,1149.04
20/05/2021,Lokasi_18,Anorganik,1492.26
03/02/2023,Lokasi_4,B3,1146.77
10/09/2025,Lokasi_14,Organik,611.19
15/02/2025,Lokasi_19,Anorganik,1342.93
28/12/2022,Lokasi_13,Anorganik,1466.66
23/03/2022,Lokasi_18,Organik,1212.51
27/12/2020,Lokasi_11,Organik,919.07
27/12/2023,Lokasi_6,Anorganik,1448.4
17/07/2022,Lokasi_9,B3,1468.57
09/04/2020,Lokasi_12,Organik,1435.12
08/08/2024,Lokasi_19,Anorganik,911.82
18/08/2025,Lokasi_14,B3,1289.71
18/11/2022,Lokasi_15,Anorganik,1154.18
09/07/2022,Lokasi_11,Organik,679.71
23/09/2021,Lokasi_6,Organik,1035.51
12/11/2021,Lokasi_14,Anorganik,1247.69
30/10/2025,Lokasi_3,Anorganik,1395.91
23/01/2022,Lokasi_19,Anorganik,1362.6
04/01/2024,Lokasi_20,Organik,654.66
20/12/2021,Lokasi_11,B3,988.03
15/03/2020,Lokasi_17,Organik,978.27
17/07/2023,Lokasi_17,Organik,1398.74
06/04/2025,Lokasi_3,Organik,501.94
02/03/2020,Lokasi_14,Anorganik,1238.71
23/05/2022,Lokasi_7,Organik,1118.64
15/11/2020,Lokasi_19,Organik,1421.57
19/11/2025,Lokasi_3,Anorganik,956.92
23/12/2023,Lokasi_2,Anorganik,1157.67
23/05/2022,Lokasi_17,B3,1472.75
11/10/2024,Lokasi_9,Anorganik,1243.9
04/04/2024,Lokasi_6,B3,567.38
21/04/2020,Lokasi_9,Anorganik,667.53
05/04/2021,Lokasi_5,Organik,1321.45
05/06/2022,Lokasi_2,Anorganik,834.8
20/01/2023,Lokasi_15,Organik,1205.92
11/12/2022,Lokasi_9,Organik,1199.82
03/06/2021,Lokasi_19,Anorganik,1493.7
22/03/2022,Lokasi_10,Anorganik,969.87
08/04/2025,Lokasi_4,Anorganik,1237.83
23/05/2024,Lokasi_10,Organik,548.75
15/07/2022,Lokasi_8,Organik,962.59
10/07/2021,Lokasi_13,Organik,686.68
21/11/2022,Lokasi_7,Anorganik,1340.57
01/08/2021,Lokasi_7,Organik,1339.91
25/06/2021,Lokasi_4,B3,736.36
01/12/2025,Lokasi_15,Organik,818.29
18/11/2022,Lokasi_12,Anorganik,1202.48
18/04/2021,Lokasi_16,Organik,1238.27
23/06/2022,Lokasi_6,Organik,1157.63
29/04/2025,Lokasi_9,Organik,1496.69
20/01/2021,Lokasi_3,Anorganik,1368.68
02/03/2020,Lokasi_8,Anorganik,917.06
29/05/2021,Lokasi_7,B3,826.98
05/03/2021,Lokasi_4,Anorganik,1096.85
02/08/2021,Lokasi_13,Anorganik,1317.64
09/04/2024,Lokasi_19,Organik,975.34
10/03/2023,Lokasi_7,Organik,1237.69
16/08/2023,Lokasi_10,B3,519.16
15/04/2021,Lokasi_12,Anorganik,1425.84
17/11/2023,Lokasi_3,Organik,1273.83
23/07/2024,Lokasi_12,Anorganik,894.19
08/01/2024,Lokasi_19,Anorganik,884.01
19/03/2022,Lokasi_15,Anorganik,602.89
20/06/2020,Lokasi_8,Organik,1316.15
31/01/2020,Lokasi_12,Organik,1268.63
16/02/2020,Lokasi_20,Organik,1130.25
09/05/2020,Lokasi_6,Anorganik,601.46
04/09/2022,Lokasi_10,Organik,762.34
03/07/2024,Lokasi_2,Anorganik,958.91
23/05/2024,Lokasi_13,Anorganik,765.97
27/02/2020,Lokasi_7,Organik,933.97
03/02/2023,Lokasi_8,Anorganik,725.96
15/09/2023,Lokasi_16,Organik,849.6
06/02/2022,Lokasi_11,Organik,1152.3
13/11/2021,Lokasi_4,Anorganik,1392.36
01/07/2025,Lokasi_17,Organik,885.03
25/11/2024,Lokasi_16,Organik,1191.91
17/01/2024,Lokasi_19,Anorganik,634.79
04/06/2022,Lokasi_11,Organik,1040.82
31/01/2021,Lokasi_7,Organik,1421.7
18/03/2024,Lokasi_13,Organik,527.94
04/09/2025,Lokasi_19,Organik,767.56
08/11/2020,Lokasi_17,B3,632.49
13/12/2025,Lokasi_13,B3,1033.12
07/05/2024,Lokasi_12,Organik,1179.64
06/05/2023,Lokasi_7,Organik,557.78
21/03/2022,Lokasi_1,Anorganik,570.28
25/07/2025,Lokasi_1,Organik,1369.63
16/02/2024,Lokasi_20,Anorganik,956.23
25/03/2021,Lokasi_14,Organik,962.95
09/03/2025,Lokasi_15,Anorganik,1444.58
09/10/2023,Lokasi_11,Anorganik,820.21
19/08/2021,Lokasi_9,Anorganik,1397.02
17/11/2025,Lokasi_17,Anorganik,1474.25
07/09/2021,Lokasi_4,Anorganik,741.69
05/08/2022,Lokasi_20,Anorganik,1014.04
30/04/2024,Lokasi_19,Organik,1034.36
09/07/2021,Lokasi_7,Organik,1366.17
04/10/2020,Lokasi_1,Organik,803.91
06/07/2025,Lokasi_9,Organik,1298.04
05/05/2021,Lokasi_13,Organik,1471.01
11/09/2020,Lokasi_2,Organik,1340.34
10/06/2022,Lokasi_2,Anorganik,1409.14
25/06/2021,Lokasi_15,Anorganik,1208.35
11/07/2023,Lokasi_17,Anorganik,1403.96
21/06/2024,Lokasi_13,B3,664.85
04/04/2022,Lokasi_7,Anorganik,1212.36
14/09/2023,Lokasi_9,Organik,1231.88
07/10/2020,Lokasi_12,Anorganik,939.18
22/07/2023,Lokasi_3,Anorganik,579.74
11/02/2022,Lokasi_15,Organik,1122.44
23/11/2020,Lokasi_7,Anorganik,551.88
11/07/2022,Lokasi_1,Organik,882.4
05/07/2021,Lokasi_14,B3,893.67
04/09/2025,Lokasi_19,Anorganik,1498.92
05/09/2025,Lokasi_16,Organik,799.8
02/12/2021,Lokasi_10,Anorganik,1320.45
03/04/2025,Lokasi_1,B3,553.17
15/06/2020,Lokasi_5,Organik,1029.77
17/06/2020,Lokasi_3,Anorganik,1036.69
16/08/2020,Lokasi_17,B3,1128.75
25/06/2025,Lokasi_18,Anorganik,1310.01
01/01/2021,Lokasi_19,Anorganik,1261.92
11/06/2021,Lokasi_18,Organik,1261.01
01/03/2022,Lokasi_16,Organik,932.29
07/06/2021,Lokasi_2,Organik,1227.47
31/12/2022,Lokasi_15,Organik,991.32
26/07/2024,Lokasi_13,Organik,566.95
23/11/2025,Lokasi_13,B3,1390.18
23/03/2025,Lokasi_16,Organik,1390.16
29/07/2023,Lokasi_8,Organik,822.88
12/05/2020,Lokasi_11,Anorganik,1413.9
30/06/2024,Lokasi_8,Organik,1257.98
03/03/2025,Lokasi_10,Organik,900.8
05/11/2024,Lokasi_1,B3,831.51
18/01/2020,Lokasi_12,Anorganik,1475.14
12/11/2024,Lokasi_9,Organik,1212.63
26/04/2020,Lokasi_5,B3,878.81
08/03/2022,Lokasi_9,Organik,1141.98
07/09/2024,Lokasi_16,Organik,1071.53
22/01/2022,Lokasi_18,B3,1024.54
24/10/2023,Lokasi_8,Organik,1144.7
28/09/2025,Lokasi_11,Organik,1037.63
08/11/2021,Lokasi_20,Anorganik,1154.79
15/04/2020,Lokasi_19,Organik,1407.57
19/10/2021,Lokasi_4,Anorganik,1493.26
30/04/2025,Lokasi_20,Anorganik,1209.29
19/12/2023,Lokasi_10,Organik,1427.82
31/12/2022,Lokasi_13,Anorganik,1358.41
14/09/2022,Lokasi_20,B3,795.04
13/12/2024,Lokasi_14,Organik,1432.91
17/11/2024,Lokasi_2,Organik,570.81
21/03/2021,Lokasi_4,Anorganik,829.92
02/05/2025,Lokasi_7,Anorganik,1139.94
18/10/2025,Lokasi_19,Anorganik,1026.92
20/06/2025,Lokasi_17,Anorganik,1042.41
12/02/2022,Lokasi_16,Organik,1294.89
10/04/2024,Lokasi_13,Organik,694.7
02/08/2024,Lokasi_18,Organik,1482.08
27/01/2023,Lokasi_12,Organik,937.46
25/07/2023,Lokasi_1,Organik,1449.84
05/05/2024,Lokasi_15,Organik,883.12
13/08/2024,Lokasi_3,Anorganik,1101.79
01/08/2022,Lokasi_6,Organik,950.31
30/03/2021,Lokasi_14,Anorganik,1175.94
01/02/2023,Lokasi_6,Organik,683.62
03/08/2022,Lokasi_1,Anorganik,900.63
23/08/2021,Lokasi_20,Organik,568.38
25/12/2021,Lokasi_6,Anorganik,1098.1
18/11/2023,Lokasi_8,Anorganik,1462.68
04/03/2024,Lokasi_15,Organik,545.91
07/09/2020,Lokasi_14,Anorganik,1159.63
24/03/2024,Lokasi_16,Anorganik,1275.1
19/03/2020,Lokasi_20,Anorganik,713.11
16/06/2022,Lokasi_16,Anorganik,773.07
19/02/2022,Lokasi_19,Organik,701.58
13/08/2020,Lokasi_1,Organik,797.41
10/12/2022,Lokasi_4,Organik,610.08
24/04/2023,Lokasi_10,Anorganik,870.35
23/11/2022,Lokasi_20,Anorganik,868.93
13/03/2022,Lokasi_18,Organik,1307.27
11/01/2022,Lokasi_2,Anorganik,1300.96
18/12/2025,Lokasi_4,Anorganik,1296.72
04/12/2021,Lokasi_15,Organik,1067.04
27/11/2023,Lokasi_4,Organik,825.88
06/09/2021,Lokasi_16,Anorganik,910.96
24/11/2020,Lokasi_15,Anorganik,817.74
27/10/2023,Lokasi_18,Organik,1081.93
23/01/2024,Lokasi_7,Anorganik,1437.98
12/05/2020,Lokasi_15,B3,784.5
14/04/2022,Lokasi_11,B3,958.85
30/04/2020,Lokasi_19,Organik,1155.12
15/01/2024,Lokasi_8,Anorganik,1344.69
22/08/2022,Lokasi_1,Anorganik,753.33
08/05/2020,Lokasi_3,B3,780.29
17/05/2024,Lokasi_5,Anorganik,1385.17
07/09/2025,Lokasi_18,Anorganik,580.26
27/03/2024,Lokasi_12,Anorganik,1105.45
28/11/2020,Lokasi_12,Anorganik,1360.46
27/02/2023,Lokasi_19,Organik,1421.74
09/08/2023,Lokasi_9,B3,512.69
11/04/2023,Lokasi_11,Organik,869.67
30/11/2023,Lokasi_17,Organik,757.26
21/12/2020,Lokasi_16,Anorganik,1068.03
18/05/2020,Lokasi_4,Organik,1132.86
06/03/2024,Lokasi_10,Anorganik,1499.77
12/04/2023,Lokasi_15,Anorganik,1012.76
29/01/2020,Lokasi_19,Anorganik,1051.47
19/07/2022,Lokasi_3,Organik,914.31
10/10/2022,Lokasi_5,Anorganik,647.68
07/04/2022,Lokasi_11,B3,803.32
16/12/2020,Lokasi_5,B3,746.98
17/07/2025,Lokasi_7,Anorganik,1301.22
25/10/2020,Lokasi_6,Organik,1045.82
09/10/2024,Lokasi_13,Organik,796.19
08/02/2025,Lokasi_2,B3,989.09
30/04/2023,Lokasi_19,Organik,718.86
22/08/2024,Lokasi_11,Anorganik,685.13
12/10/2025,Lokasi_20,Anorganik,1359.94
24/01/2022,Lokasi_5,Anorganik,1444.81
08/02/2022,Lokasi_9,Organik,580.01
23/05/2023,Lokasi_6,Anorganik,1264.88
13/04/2022,Lokasi_17,Organik,953.31
21/03/2025,Lokasi_19,Anorganik,888.97
13/04/2024,Lokasi_8,Organik,1189.41
03/05/2023,Lokasi_7,Anorganik,766.25
20/05/2021,Lokasi_5,Anorganik,520.58
19/09/2023,Lokasi_15,Organik,714
31/12/2023,Lokasi_10,Anorganik,684.93
17/11/2023,Lokasi_16,Organik,534.05
18/03/2023,Lokasi_9,Organik,821.32
30/01/2022,Lokasi_7,Organik,974.52
12/04/2022,Lokasi_11,B3,1235.83
29/11/2023,Lokasi_9,Organik,825.66
09/10/2020,Lokasi_17,Organik,694.54
13/01/2021,Lokasi_9,Organik,730.62
16/07/2020,Lokasi_3,Anorganik,1391.18
09/07/2021,Lokasi_8,Organik,704.72
21/12/2020,Lokasi_19,B3,1379.24
12/04/2024,Lokasi_20,Anorganik,947.1
06/11/2022,Lokasi_16,Organik,1434.4
13/01/2021,Lokasi_7,Organik,908.09
10/11/2021,Lokasi_7,B3,677.68
14/11/2024,Lokasi_20,Anorganik,1049.03
17/06/2022,Lokasi_13,Anorganik,1087.71
16/03/2020,Lokasi_3,Anorganik,1135.49
18/08/2020,Lokasi_12,Organik,911.5
05/10/2024,Lokasi_8,Anorganik,548.6
19/08/2022,Lokasi_13,Anorganik,1126.72
17/10/2025,Lokasi_20,Anorganik,1433.03
27/01/2021,Lokasi_16,Anorganik,1457.56
13/01/2023,Lokasi_7,Organik,1096.89
23/09/2020,Lokasi_4,Organik,519.89
28/12/2022,Lokasi_12,B3,606.04
02/09/2021,Lokasi_17,Anorganik,1333.99
02/10/2023,Lokasi_1,Organik,1329.74
05/10/2022,Lokasi_17,Organik,1446.02
19/08/2022,Lokasi_2,Anorganik,1063.77
03/11/2021,Lokasi_6,Organik,1363.82
27/08/2024,Lokasi_12,Anorganik,1324.89
02/12/2025,Lokasi_11,Organik,1089.42
31/01/2020,Lokasi_11,Organik,1283.64
28/09/2023,Lokasi_18,Organik,625.71
01/11/2023,Lokasi_8,Anorganik,1139.2
27/02/2023,Lokasi_7,Organik,1453.45
08/09/2021,Lokasi_14,Organik,661.96
22/06/2021,Lokasi_16,Organik,1244.04
20/05/2022,Lokasi_12,Organik,820.79
10/04/2020,Lokasi_9,Organik,1317.1
13/11/2023,Lokasi_20,Anorganik,1197.21
29/07/2022,Lokasi_16,Anorganik,1426.17
06/12/2020,Lokasi_19,Organik,1211.94
09/11/2022,Lokasi_16,Organik,910.31
07/02/2020,Lokasi_9,Anorganik,510.89
21/10/2021,Lokasi_13,Anorganik,1292.92
26/07/2025,Lokasi_5,Anorganik,908.46
09/04/2024,Lokasi_19,Organik,1170.63
14/07/2024,Lokasi_10,Organik,605.07
15/11/2022,Lokasi_7,Organik,1390.97
29/03/2021,Lokasi_9,Anorganik,935.66
31/08/2024,Lokasi_14,Organik,1419.69
08/09/2023,Lokasi_15,Organik,1207.02
29/03/2022,Lokasi_13,Anorganik,621.46
11/02/2022,Lokasi_10,Anorganik,1079.2
13/01/2020,Lokasi_14,Organik,1409.93
09/07/2022,Lokasi_12,Organik,1299.97
04/04/2022,Lokasi_19,Anorganik,917.98
07/08/2023,Lokasi_6,B3,1455.06
10/07/2025,Lokasi_12,Anorganik,768.58
13/05/2023,Lokasi_13,Anorganik,875.11
27/11/2021,Lokasi_8,Organik,1249.71
07/08/2022,Lokasi_16,Organik,732.9
09/12/2023,Lokasi_2,Anorganik,1015.37
09/03/2020,Lokasi_7,Organik,1228.79
16/11/2024,Lokasi_12,Anorganik,1143.97
23/05/2025,Lokasi_7,Organik,655.37
30/07/2020,Lokasi_19,Anorganik,1129.66
22/05/2021,Lokasi_14,Organik,1072.71
25/08/2025,Lokasi_9,Organik,1057.84
01/03/2024,Lokasi_18,Organik,1326.05
27/11/2020,Lokasi_11,Organik,683.9
04/07/2021,Lokasi_16,Organik,1251.57
12/06/2024,Lokasi_19,Organik,1260.93
30/07/2022,Lokasi_11,B3,1222.65
28/12/2021,Lokasi_18,Organik,1005.97
29/05/2022,Lokasi_11,Organik,895.54
10/10/2021,Lokasi_4,Organik,894.68
26/09/2022,Lokasi_18,Organik,1233.81
01/03/2024,Lokasi_19,Anorganik,997.9
31/05/2024,Lokasi_13,Organik,838.43
06/10/2022,Lokasi_4,Anorganik,1125.47
30/03/2024,Lokasi_10,Anorganik,1337.01
14/03/2022,Lokasi_5,Organik,561.51
01/08/2020,Lokasi_3,Anorganik,1472.14
17/06/2020,Lokasi_16,B3,596.65
04/09/2022,Lokasi_8,Organik,1011.74
21/08/2023,Lokasi_7,Organik,1060.21
25/05/2020,Lokasi_19,Anorganik,638.21
03/12/2024,Lokasi_14,Organik,1415.59
30/05/2021,Lokasi_15,Organik,971.47
28/03/2021,Lokasi_17,Anorganik,643.12
29/02/2020,Lokasi_1,B3,1211.61
11/06/2021,Lokasi_6,Anorganik,1163.4
20/10/2022,Lokasi_15,Organik,1462.87
13/04/2024,Lokasi_12,Organik,941.52
07/01/2023,Lokasi_20,B3,767.8
08/03/2021,Lokasi_2,Organik,559.99
22/03/2023,Lokasi_5,Organik,1233.12
04/02/2021,Lokasi_9,B3,1117.28
05/10/2025,Lokasi_20,Organik,1472.61
27/08/2021,Lokasi_14,Organik,1212.16
15/12/2024,Lokasi_18,Organik,1433.16
03/01/2024,Lokasi_8,Organik,1491.58
08/11/2024,Lokasi_2,Anorganik,928.43
02/04/2024,Lokasi_9,Anorganik,650.3
01/01/2023,Lokasi_7,Organik,695.85
17/07/2022,Lokasi_18,Anorganik,818.38
05/05/2025,Lokasi_16,Organik,1008.9
27/05/2025,Lokasi_5,Organik,622.42
26/08/2025,Lokasi_15,Organik,801.72
03/04/2024,Lokasi_5,Anorganik,807.79
21/11/2020,Lokasi_11,Organik,504.09
21/09/2022,Lokasi_14,B3,854.17
04/09/2021,Lokasi_19,Organik,616.15
18/08/2021,Lokasi_3,Anorganik,929.71
09/07/2022,Lokasi_10,Organik,696.54
21/04/2022,Lokasi_6,Organik,1322.11
10/05/2023,Lokasi_3,Organik,580.53
09/12/2020,Lokasi_2,Organik,1365.66
19/02/2025,Lokasi_13,Anorganik,1080.53
08/05/2022,Lokasi_18,Anorganik,958.64
24/11/2023,Lokasi_2,Anorganik,1049.74
20/03/2021,Lokasi_15,Anorganik,876.11
23/11/2024,Lokasi_5,Organik,627.61
09/08/2020,Lokasi_15,Organik,1265.88
14/08/2021,Lokasi_17,Organik,1427.91
27/10/2022,Lokasi_2,Anorganik,1450.07
19/07/2023,Lokasi_18,Organik,1170.71
14/10/2022,Lokasi_15,Organik,910.35
25/08/2025,Lokasi_20,B3,978.36
18/12/2023,Lokasi_3,Anorganik,1156.97
07/08/2025,Lokasi_5,Anorganik,1323.07
07/06/2021,Lokasi_11,Organik,874.57
30/08/2025,Lokasi_9,Organik,1416.78
13/12/2024,Lokasi_5,B3,824.27
04/08/2023,Lokasi_1,Organik,1030.86
30/07/2023,Lokasi_14,Organik,1461.36
25/12/2022,Lokasi_5,Organik,1438.2
30/07/2024,Lokasi_8,Anorganik,1195.75
12/03/2021,Lokasi_14,Organik,824.56
08/04/2022,Lokasi_16,Anorganik,719.04
15/09/2020,Lokasi_6,Anorganik,580.14
26/06/2025,Lokasi_8,B3,1208.65
12/06/2025,Lokasi_2,Anorganik,1003.45
12/04/2020,Lokasi_19,Anorganik,1072.29
19/09/2022,Lokasi_9,Anorganik,972.39
07/02/2022,Lokasi_5,Organik,982.95
29/01/2023,Lokasi_5,Anorganik,1071.27
06/05/2023,Lokasi_19,Anorganik,1414.26
24/08/2020,Lokasi_4,Organik,529.37
18/02/2023,Lokasi_16,B3,1301.64
05/02/2022,Lokasi_16,Anorganik,890.52
17/09/2022,Lokasi_16,Organik,1244.92
25/10/2024,Lokasi_7,Organik,1448.53
10/05/2021,Lokasi_18,Anorganik,806.29
13/11/2022,Lokasi_1,Anorganik,589.55
22/09/2024,Lokasi_3,Organik,732.3
03/09/2025,Lokasi_8,Organik,722.09
03/12/2020,Lokasi_1,Anorganik,1241.85
21/04/2025,Lokasi_7,Anorganik,561.86
22/12/2024,Lokasi_7,Anorganik,550.93
16/05/2020,Lokasi_8,Organik,1193.61
15/11/2020,Lokasi_19,Organik,1056.72
06/02/2025,Lokasi_17,Organik,917.77
04/07/2022,Lokasi_11,Organik,1075.37
20/04/2023,Lokasi_15,B3,1235.25
12/03/2025,Lokasi_9,B3,603.47
03/11/2025,Lokasi_17,Organik,1053.29
14/07/2022,Lokasi_11,Organik,1324.42
01/10/2025,Lokasi_6,Anorganik,862.43
12/06/2023,Lokasi_9,Anorganik,1263.02
05/06/2025,Lokasi_18,Organik,1345.42
08/03/2021,Lokasi_20,B3,1320.93
25/09/2022,Lokasi_2,Anorganik,1150.36
17/11/2025,Lokasi_4,Organik,1217.34
16/09/2022,Lokasi_18,B3,1287.68
21/08/2021,Lokasi_1,Organik,1233.71
30/01/2021,Lokasi_11,Organik,951.68
18/02/2021,Lokasi_3,Anorganik,659.12
27/07/2022,Lokasi_8,Anorganik,809.73
24/06/2024,Lokasi_5,Anorganik,707.25
24/06/2021,Lokasi_20,Organik,861.44
07/07/2024,Lokasi_5,Anorganik,989.33
29/04/2025,Lokasi_11,Anorganik,1459.05
24/03/2020,Lokasi_12,Organik,1459.46
27/09/2020,Lokasi_9,Organik,1269.59
22/01/2021,Lokasi_13,Organik,1480.14
01/08/2020,Lokasi_20,B3,1498.02
28/02/2020,Lokasi_3,Anorganik,1385.26
13/06/2024,Lokasi_13,Organik,579.5
22/04/2022,Lokasi_11,Organik,926.04
07/03/2024,Lokasi_11,Anorganik,1034.12
25/09/2024,Lokasi_20,Organik,624.08
02/05/2020,Lokasi_7,Organik,1308.63
07/12/2023,Lokasi_17,Organik,648.68
08/03/2023,Lokasi_16,Anorganik,883.33
15/07/2021,Lokasi_14,Organik,568.91
05/12/2025,Lokasi_1,B3,1024.59
03/10/2024,Lokasi_11,Anorganik,1097.04
23/06/2022,Lokasi_13,Organik,1235.18
29/01/2021,Lokasi_1,Organik,839.46
22/09/2024,Lokasi_2,Anorganik,1090.53
12/09/2024,Lokasi_9,Organik,1234.15
23/07/2022,Lokasi_13,Anorganik,1262.04
06/01/2023,Lokasi_5,B3,801.64
06/12/2023,Lokasi_9,Organik,567.7
15/03/2020,Lokasi_13,B3,537.62
21/10/2020,Lokasi_5,Anorganik,1268.06
21/01/2020,Lokasi_15,Anorganik,885.44
04/11/2022,Lokasi_7,Organik,633.94
19/05/2023,Lokasi_14,Organik,684.49
13/07/2021,Lokasi_16,Organik,1266.15
14/01/2023,Lokasi_6,Organik,1098.9
18/03/2023,Lokasi_2,Organik,1001.4
06/01/2021,Lokasi_16,Anorganik,1123.01
20/07/2025,Lokasi_19,Organik,637.5
28/03/2022,Lokasi_5,Organik,819.04
20/03/2023,Lokasi_4,Anorganik,874.06
10/03/2023,Lokasi_14,Anorganik,814.5
28/12/2022,Lokasi_6,Organik,1364.42
07/07/2023,Lokasi_8,Organik,1081.42
04/07/2025,Lokasi_3,Organik,1229.32
25/04/2022,Lokasi_4,Anorganik,736.71
14/06/2025,Lokasi_1,Organik,764.07
04/06/2021,Lokasi_2,Organik,725.34
05/01/2021,Lokasi_13,Organik,1187.98
13/12/2023,Lokasi_9,Organik,849.04
10/04/2020,Lokasi_12,Organik,905.08
22/10/2021,Lokasi_10,Organik,1209.12
08/08/2024,Lokasi_10,Organik,1471.8
30/08/2020,Lokasi_18,Organik,661.88
26/05/2021,Lokasi_12,Anorganik,562.68
21/03/2024,Lokasi_16,Anorganik,694.85
15/10/2025,Lokasi_6,Anorganik,1234.96
30/01/2021,Lokasi_10,Anorganik,694.63
03/09/2021,Lokasi_15,Organik,1084.35
14/06/2023,Lokasi_9,Organik,1090.32
31/01/2025,Lokasi_2,Organik,794.42
08/02/2022,Lokasi_18,Organik,568.73
23/11/2023,Lokasi_12,Organik,899.2
10/02/2021,Lokasi_3,Anorganik,686.79
15/02/2025,Lokasi_7,Anorganik,684.47
12/02/2024,Lokasi_9,Organik,1022.59
25/03/2023,Lokasi_8,Anorganik,1173.12
15/10/2021,Lokasi_6,Anorganik,575.42
27/03/2023,Lokasi_1,Anorganik,1078.32
03/09/2022,Lokasi_14,Anorganik,746.2
10/12/2023,Lokasi_16,Anorganik,1173.3
29/09/2023,Lokasi_16,Organik,1310.22
16/08/2020,Lokasi_4,Anorganik,1307.01
08/03/2025,Lokasi_6,Anorganik,869.86
06/08/2023,Lokasi_15,Organik,1067.27
06/12/2022,Lokasi_8,Anorganik,1293.7
01/09/2022,Lokasi_1,Organik,560.81
04/10/2024,Lokasi_13,Anorganik,1105.62
27/01/2022,Lokasi_18,B3,1336.52
16/11/2020,Lokasi_18,Organik,872.36
09/07/2021,Lokasi_13,Anorganik,955.41
23/04/2022,Lokasi_14,Anorganik,1198.73
29/08/2023,Lokasi_11,Anorganik,567.88
18/10/2023,Lokasi_7,Organik,885.64
29/10/2021,Lokasi_18,Organik,795.71
26/04/2025,Lokasi_4,Anorganik,516.99
27/06/2025,Lokasi_17,B3,695.97
14/04/2025,Lokasi_19,Anorganik,895.88
15/01/2022,Lokasi_14,Organik,697.43
05/11/2021,Lokasi_10,Organik,1102.4
03/12/2025,Lokasi_6,Organik,948.65
01/12/2022,Lokasi_18,Organik,539.48
09/09/2021,Lokasi_4,Organik,775.04
05/12/2025,Lokasi_11,B3,519.48
17/11/2025,Lokasi_13,B3,858.14
19/09/2022,Lokasi_8,Anorganik,759.11
21/08/2023,Lokasi_10,Anorganik,1188.19
09/10/2023,Lokasi_11,Anorganik,807.41
12/10/2020,Lokasi_3,Organik,875.16
11/10/2025,Lokasi_15,Anorganik,1225.33
17/11/2021,Lokasi_8,Anorganik,980.92
29/07/2023,Lokasi_20,Anorganik,1056.45
04/01/2024,Lokasi_18,Organik,1341.35
07/01/2022,Lokasi_1,Organik,706.89
12/05/2025,Lokasi_8,Anorganik,1489.19
09/03/2025,Lokasi_3,Organik,1400.11
25/01/2024,Lokasi_1,Anorganik,786.55
01/10/2025,Lokasi_20,Anorganik,1392.94
30/04/2021,Lokasi_16,B3,1253.96
22/02/2024,Lokasi_9,Organik,1430.76
24/06/2025,Lokasi_17,Anorganik,1191.14
19/10/2023,Lokasi_16,B3,1174.48
27/10/2022,Lokasi_6,Anorganik,503.46
31/10/2024,Lokasi_7,Organik,974.61
29/10/2021,Lokasi_16,Organik,700.27
05/05/2023,Lokasi_8,Organik,824.08
14/04/2022,Lokasi_10,Organik,1478.82
25/05/2022,Lokasi_14,Anorganik,585.5
28/09/2022,Lokasi_11,Organik,1222.49
06/09/2020,Lokasi_2,Anorganik,672.94
23/04/2025,Lokasi_12,Organik,507.4
06/06/2024,Lokasi_20,Organik,1001.42
17/06/2023,Lokasi_20,Organik,661.22
21/05/2022,Lokasi_13,Organik,1465.47
14/04/2022,Lokasi_15,Anorganik,703.7
07/07/2022,Lokasi_12,Anorganik,692.04
20/09/2024,Lokasi_13,Anorganik,532.17
06/08/2023,Lokasi_8,B3,829.82
12/03/2025,Lokasi_16,Organik,524.11
06/02/2021,Lokasi_3,B3,998.89
06/10/2025,Lokasi_13,Anorganik,1005.61
20/08/2023,Lokasi_12,Organik,553.24
12/02/2023,Lokasi_19,Organik,740.06
28/07/2020,Lokasi_2,Organik,1332.11
30/11/2022,Lokasi_1,Organik,962.54
26/03/2022,Lokasi_8,Anorganik,934.61
21/08/2020,Lokasi_9,Organik,1198.78
03/03/2022,Lokasi_8,Organik,1214.88
22/03/2025,Lokasi_17,Anorganik,1261.96
01/06/2024,Lokasi_9,B3,1330.48
06/12/2025,Lokasi_6,Organik,732.25
30/11/2020,Lokasi_15,Organik,566.38
21/09/2023,Lokasi_13,Organik,880.26
27/06/2024,Lokasi_12,Organik,1355.1
02/01/2023,Lokasi_13,Anorganik,578.03
29/04/2023,Lokasi_7,Organik,1075.95
19/11/2020,Lokasi_18,Anorganik,1201.08
25/11/2024,Lokasi_14,B3,981.41
10/10/2020,Lokasi_11,Anorganik,755.18
31/07/2020,Lokasi_14,Anorganik,826.31
16/07/2024,Lokasi_17,B3,571.65
07/10/2024,Lokasi_2,Anorganik,792.58
17/07/2022,Lokasi_19,Anorganik,544.38
21/01/2022,Lokasi_16,Organik,1226.32
18/11/2023,Lokasi_10,Anorganik,1398
26/12/2024,Lokasi_8,Anorganik,1133.51
11/11/2022,Lokasi_5,Anorganik,1156.7
29/11/2024,Lokasi_7,Organik,972.14
07/03/2025,Lokasi_13,Anorganik,656.04
14/04/2020,Lokasi_16,Organik,507.73
29/01/2024,Lokasi_5,Anorganik,843.98
22/01/2024,Lokasi_16,Anorganik,1251.49
26/12/2023,Lokasi_15,Anorganik,1460.43
08/02/2022,Lokasi_9,B3,931.08
13/05/2025,Lokasi_12,Organik,865.39
20/07/2025,Lokasi_8,Anorganik,945.96
13/01/2021,Lokasi_13,Anorganik,927.77
13/12/2021,Lokasi_5,Organik,1125.88
04/10/2023,Lokasi_14,Organik,1234.15
12/08/2020,Lokasi_16,Anorganik,1284.96
03/10/2024,Lokasi_11,Anorganik,1149.6
07/01/2022,Lokasi_20,Organik,937.72
23/08/2020,Lokasi_12,Organik,1450.1
01/07/2020,Lokasi_15,Anorganik,1211.02
12/12/2021,Lokasi_12,Anorganik,926.66
07/03/2025,Lokasi_9,Organik,946.58
03/03/2025,Lokasi_1,Anorganik,1317.98
14/09/2021,Lokasi_3,Anorganik,940.54
13/06/2023,Lokasi_12,Organik,1016.27
24/02/2023,Lokasi_20,Organik,791.55
18/01/2022,Lokasi_13,Organik,1338.91
24/05/2021,Lokasi_6,Organik,1022.29
24/04/2024,Lokasi_10,Organik,1052.54
28/12/2024,Lokasi_10,Anorganik,1380.68
23/02/2022,Lokasi_16,Anorganik,1420.52
16/05/2020,Lokasi_1,Anorganik,1324.19
04/11/2025,Lokasi_16,B3,565.37
12/11/2024,Lokasi_4,Organik,943.51
07/05/2023,Lokasi_6,Anorganik,843.33
26/08/2023,Lokasi_19,Anorganik,713.51
12/11/2024,Lokasi_2,Organik,1408.95
28/07/2023,Lokasi_18,Anorganik,1390.07
02/02/2022,Lokasi_10,Organik,965.3
02/12/2021,Lokasi_4,B3,634.56
31/05/2020,Lokasi_1,Anorganik,513.37
18/08/2023,Lokasi_15,Anorganik,938.47
25/07/2023,Lokasi_10,Anorganik,539.96
07/09/2024,Lokasi_18,Anorganik,1109.56
28/10/2022,Lokasi_16,Organik,1108.41
17/03/2022,Lokasi_13,Anorganik,1398.94
22/08/2020,Lokasi_15,Organik,690.05
14/07/2021,Lokasi_2,Organik,871.39
18/08/2023,Lokasi_20,B3,1359.55
07/02/2020,Lokasi_4,Organik,974.3
05/03/2023,Lokasi_1,Anorganik,559.72
24/02/2021,Lokasi_7,Anorganik,610.78
27/05/2023,Lokasi_11,Organik,1313.45
13/12/2020,Lokasi_10,Anorganik,1243.7
05/01/2025,Lokasi_1,Anorganik,1375.88
18/04/2024,Lokasi_11,B3,618.86
02/04/2025,Lokasi_10,Anorganik,1260.42
16/03/2025,Lokasi_14,Anorganik,1155.1
29/10/2023,Lokasi_14,Organik,732.29
29/12/2024,Lokasi_7,Anorganik,1473.9
13/05/2023,Lokasi_11,Anorganik,1070.35
08/02/2021,Lokasi_4,Anorganik,1406.88
17/09/2024,Lokasi_2,Organik,1359.09
05/05/2023,Lokasi_7,B3,833.13
24/04/2020,Lokasi_19,Organik,1035.96
03/08/2024,Lokasi_14,Anorganik,931.37
05/03/2020,Lokasi_19,Anorganik,1209.08
23/07/2023,Lokasi_7,Organik,1088.04
04/04/2022,Lokasi_12,Organik,1284.85
16/11/2023,Lokasi_3,Organik,511.75
26/08/2022,Lokasi_15,Organik,1187.79
03/01/2021,Lokasi_5,B3,819.07
20/08/2020,Lokasi_8,Anorganik,724.22
25/06/2022,Lokasi_14,Anorganik,1301.24
09/07/2022,Lokasi_4,Organik,589.22
19/11/2021,Lokasi_7,Anorganik,728.46
25/06/2020,Lokasi_7,Anorganik,703.73
31/10/2022,Lokasi_18,Organik,919.83
09/01/2024,Lokasi_14,Anorganik,822.34
21/09/2021,Lokasi_8,Anorganik,1220.47
12/06/2020,Lokasi_12,B3,1199.37
01/10/2025,Lokasi_10,Anorganik,825.47
03/04/2022,Lokasi_14,Organik,936.98
25/02/2020,Lokasi_9,Anorganik,707.91
27/04/2020,Lokasi_6,Organik,1170.83
08/03/2022,Lokasi_5,Anorganik,896.22
18/02/2022,Lokasi_1,Organik,632.83
09/12/2023,Lokasi_1,Anorganik,627.27
08/03/2025,Lokasi_20,Organik,822.32
08/12/2021,Lokasi_17,Organik,1247.33
08/01/2023,Lokasi_11,Anorganik,525.5
22/01/2020,Lokasi_12,Anorganik,757.77
09/02/2024,Lokasi_3,Organik,662.49
22/04/2022,Lokasi_6,Anorganik,1456.48
26/10/2024,Lokasi_11,B3,1205.28
21/01/2023,Lokasi_13,Anorganik,733.23
10/07/2020,Lokasi_11,Organik,707.46
15/10/2022,Lokasi_8,Organik,1358.03
31/01/2023,Lokasi_10,Anorganik,690.23
30/01/2021,Lokasi_2,Anorganik,1497.06
15/10/2022,Lokasi_14,Anorganik,782.3
20/07/2021,Lokasi_16,B3,584.33
18/08/2020,Lokasi_17,Organik,1190.94
23/05/2022,Lokasi_11,Organik,1109.64
27/08/2020,Lokasi_2,Anorganik,1499.82
30/03/2020,Lokasi_5,Anorganik,1302.09
01/04/2021,Lokasi_16,Organik,928.84
19/12/2020,Lokasi_16,B3,1176.61
01/10/2022,Lokasi_2,Anorganik,1317.85
18/09/2023,Lokasi_16,Organik,1013.73
14/03/2021,Lokasi_5,Anorganik,772.87
30/10/2023,Lokasi_8,Organik,710.11
10/12/2020,Lokasi_20,Anorganik,795.28
18/10/2021,Lokasi_14,Organik,1348.07
17/12/2025,Lokasi_10,B3,880.43
28/12/2025,Lokasi_2,Organik,786.66
21/01/2023,Lokasi_3,B3,1305.89
17/09/2021,Lokasi_18,Anorganik,531.92
10/10/2020,Lokasi_2,B3,1093.96
02/06/2025,Lokasi_9,Organik,1373.63
05/08/2024,Lokasi_2,Anorganik,910.08
10/08/2020,Lokasi_7,Organik,769.32
13/01/2022,Lokasi_7,B3,991.71
07/04/2021,Lokasi_14,Anorganik,1217.48
17/04/2024,Lokasi_5,Organik,1016.61
01/09/2024,Lokasi_8,Organik,507.64
09/03/2023,Lokasi_18,Anorganik,578.32
02/10/2024,Lokasi_6,Organik,1221.33
12/11/2022,Lokasi_14,Anorganik,899.95
26/10/2021,Lokasi_18,Anorganik,1284.78
18/09/2023,Lokasi_17,Organik,1149.49
11/10/2022,Lokasi_9,Organik,1081.52
02/11/2025,Lokasi_13,Organik,1401.38
20/11/2022,Lokasi_16,Organik,521.32
30/10/2024,Lokasi_10,Organik,655.03
28/03/2025,Lokasi_10,Organik,1124.38
28/12/2020,Lokasi_4,Organik,565.83
13/11/2023,Lokasi_12,B3,1144.97
29/10/2021,Lokasi_8,Organik,1484.12
23/02/2025,Lokasi_15,Organik,1378.81
26/10/2023,Lokasi_19,Anorganik,1090.92
08/04/2020,Lokasi_15,Organik,1393.98
25/09/2025,Lokasi_8,Organik,616.27
25/02/2021,Lokasi_8,Anorganik,954.69
12/02/2024,Lokasi_19,Organik,928.68
02/03/2020,Lokasi_9,Organik,836.45
06/02/2023,Lokasi_17,Anorganik,500.2
29/08/2024,Lokasi_8,Organik,1391.03
20/08/2021,Lokasi_12,Anorganik,1277.71
26/01/2021,Lokasi_15,Organik,1152.86
11/12/2022,Lokasi_4,Anorganik,628.97
05/08/2023,Lokasi_6,Anorganik,878.21
22/07/2025,Lokasi_16,Anorganik,1424.33
20/03/2022,Lokasi_5,Organik,1116.93
06/11/2023,Lokasi_13,Anorganik,1103.41
05/03/2023,Lokasi_15,Organik,1413.13
11/03/2024,Lokasi_17,Anorganik,1059.83
17/10/2023,Lokasi_20,Organik,1097.62
30/05/2022,Lokasi_5,Organik,845.72
18/05/2024,Lokasi_19,B3,871.44
10/09/2020,Lokasi_7,Anorganik,1185.61
29/08/2025,Lokasi_3,Anorganik,820.44
14/03/2023,Lokasi_13,Organik,1059.11
16/05/2023,Lokasi_14,Organik,779.2
14/06/2020,Lokasi_16,Anorganik,666.13
22/04/2024,Lokasi_13,Anorganik,954.4
08/09/2021,Lokasi_2,Organik,717.45
13/06/2024,Lokasi_14,Anorganik,1398.49
17/05/2021,Lokasi_20,Anorganik,803.61
01/07/2022,Lokasi_7,Organik,1097.4
27/10/2025,Lokasi_5,Organik,763.44
07/08/2021,Lokasi_14,B3,758.02
12/05/2025,Lokasi_9,Anorganik,850.64
30/01/2021,Lokasi_10,Organik,1415.87
19/06/2024,Lokasi_7,Anorganik,891.5
23/02/2025,Lokasi_14,Anorganik,1321.27
05/02/2021,Lokasi_14,Organik,697.3
01/09/2022,Lokasi_2,Organik,548.17
11/08/2020,Lokasi_17,B3,1281.68
01/06/2021,Lokasi_20,Organik,1041.87
23/08/2020,Lokasi_4,Anorganik,1003.73
25/04/2020,Lokasi_13,Anorganik,772.21
13/08/2020,Lokasi_18,Organik,572.32
30/06/2020,Lokasi_3,Organik,982.86
03/09/2023,Lokasi_19,Anorganik,1367.23
28/07/2020,Lokasi_5,Organik,620.02
16/11/2023,Lokasi_1,B3,1429.17
13/11/2025,Lokasi_9,Organik,774.73
12/06/2022,Lokasi_8,Organik,1032.19
24/02/2025,Lokasi_3,B3,566.51
14/01/2023,Lokasi_2,Organik,925.05
19/07/2025,Lokasi_1,Anorganik,625.9
28/01/2021,Lokasi_12,Anorganik,547.97
23/04/2022,Lokasi_13,Organik,1466.56
04/03/2024,Lokasi_10,Anorganik,1230.09
26/08/2021,Lokasi_17,Organik,1219.06
04/08/2021,Lokasi_11,Organik,590.55
04/08/2025,Lokasi_5,Anorganik,1429.35
23/04/2025,Lokasi_9,Organik,969.47
12/05/2020,Lokasi_13,Organik,1352.28
02/09/2022,Lokasi_20,Anorganik,512.6
18/12/2024,Lokasi_11,Organik,798.21
23/03/2024,Lokasi_4,Organik,1496.05
19/09/2023,Lokasi_11,Organik,927.84
08/02/2020,Lokasi_9,Anorganik,1388.49
09/08/2023,Lokasi_7,Organik,828
10/06/2020,Lokasi_16,Anorganik,1025.33
24/03/2025,Lokasi_5,Organik,1354.22
01/02/2023,Lokasi_6,Anorganik,1105.82
16/07/2024,Lokasi_19,Organik,1225.19
17/05/2025,Lokasi_1,Anorganik,728.83
23/11/2022,Lokasi_16,Anorganik,655.89
24/08/2022,Lokasi_18,Anorganik,730.31
08/06/2022,Lokasi_13,Organik,993.05
30/11/2025,Lokasi_1,Anorganik,1300.96
01/09/2025,Lokasi_10,Organik,853.99
24/07/2024,Lokasi_7,Anorganik,1064.82
12/12/2023,Lokasi_5,Organik,1304.81
03/12/2022,Lokasi_13,Organik,738.78
07/05/2020,Lokasi_16,Anorganik,1382.98
06/06/2020,Lokasi_20,Anorganik,1453.08
06/04/2022,Lokasi_14,Anorganik,538.97
05/03/2025,Lokasi_11,Organik,559.11
26/05/2021,Lokasi_19,Anorganik,590.96
23/09/2025,Lokasi_2,Organik,1276.77
18/03/2021,Lokasi_8,Anorganik,689.34
22/09/2024,Lokasi_13,Organik,1225.7
29/06/2025,Lokasi_7,Organik,941.28
22/08/2024,Lokasi_12,Anorganik,1336.26
23/09/2020,Lokasi_8,Organik,1308.56
17/04/2022,Lokasi_16,B3,1459.66
03/05/2021,Lokasi_18,Anorganik,751.04
02/12/2021,Lokasi_19,Organik,729.24
17/11/2021,Lokasi_4,Anorganik,531.51
22/09/2022,Lokasi_12,Organik,910.42
22/12/2020,Lokasi_16,Anorganik,959.06
21/05/2022,Lokasi_17,Organik,1464.51
27/05/2025,Lokasi_4,Anorganik,1330.79
05/07/2021,Lokasi_20,Organik,666.79
15/12/2024,Lokasi_9,Organik,1298.49
18/11/2020,Lokasi_5,Anorganik,678.3
23/03/2020,Lokasi_17,Anorganik,577.77
18/09/2020,Lokasi_17,Organik,1337.08
22/02/2022,Lokasi_2,Anorganik,1475.96
08/05/2023,Lokasi_2,B3,588.12
02/07/2022,Lokasi_7,B3,1313.92
01/08/2022,Lokasi_4,Organik,1359.21
11/08/2023,Lokasi_13,Organik,618.76
15/03/2024,Lokasi_20,Anorganik,783.25
19/11/2021,Lokasi_11,Organik,1233.66
07/11/2024,Lokasi_3,Anorganik,1307.73
18/04/2022,Lokasi_2,Anorganik,853.97
27/05/2022,Lokasi_16,Anorganik,659.93
18/02/2020,Lokasi_3,B3,1148.34
19/10/2020,Lokasi_15,Anorganik,1201.97
09/07/2024,Lokasi_17,Organik,1003.61
19/06/2021,Lokasi_16,Organik,644.94
06/11/2020,Lokasi_20,Anorganik,1344.49
20/06/2021,Lokasi_7,Organik,1145.27
10/04/2025,Lokasi_16,Anorganik,1369.16
21/08/2020,Lokasi_5,Anorganik,1432.97
17/05/2023,Lokasi_2,Organik,1305.7
11/11/2025,Lokasi_1,Anorganik,1458.66
24/08/2022,Lokasi_13,Anorganik,1454.26
08/06/2022,Lokasi_16,Anorganik,1119.34
20/08/2025,Lokasi_5,Organik,1228.17
04/02/2020,Lokasi_3,Organik,1199.41
22/03/2021,Lokasi_15,Anorganik,1121.14
29/10/2024,Lokasi_16,Anorganik,519.36
07/04/2024,Lokasi_11,Anorganik,855.91
17/08/2021,Lokasi_19,Anorganik,600.08
18/07/2025,Lokasi_18,Organik,800.26
09/12/2020,Lokasi_9,Anorganik,568.56
08/01/2023,Lokasi_8,Organik,1420.03
20/11/2023,Lokasi_19,B3,951.33
06/08/2023,Lokasi_5,Organik,689.36
18/01/2024,Lokasi_17,Anorganik,1084.78
25/02/2023,Lokasi_5,Organik,696.45
05/04/2025,Lokasi_14,Organik,1304.44
14/10/2023,Lokasi_7,Anorganik,805.92
23/10/2025,Lokasi_9,Organik,814.9
18/04/2024,Lokasi_17,Organik,1369.95
09/03/2025,Lokasi_3,Anorganik,1059.2
09/02/2025,Lokasi_8,Organik,1387.3
29/01/2020,Lokasi_13,Anorganik,912.89
06/12/2021,Lokasi_16,Anorganik,843.93
17/10/2022,Lokasi_10,Organik,1006.2
25/08/2025,Lokasi_18,B3,561.49
17/12/2023,Lokasi_3,B3,654.2
17/07/2024,Lokasi_12,Anorganik,719.52
24/08/2022,Lokasi_16,B3,1316.68
26/07/2021,Lokasi_18,Organik,1233.8
25/05/2024,Lokasi_17,Organik,693.31
06/09/2021,Lokasi_7,B3,776.75
21/11/2020,Lokasi_19,Organik,1444.26
24/12/2020,Lokasi_8,Anorganik,585.8
15/12/2024,Lokasi_17,Anorganik,1047.46
17/09/2024,Lokasi_7,Anorganik,1022.01
11/09/2023,Lokasi_1,Organik,1225.71
13/06/2020,Lokasi_8,Anorganik,761.44
15/05/2024,Lokasi_19,Organik,1434.77
15/06/2024,Lokasi_20,Anorganik,910.58
22/03/2023,Lokasi_20,B3,785.72
24/02/2023,Lokasi_10,Anorganik,836.87
11/07/2020,Lokasi_12,Organik,848.72
01/04/2020,Lokasi_1,Organik,698.93
18/05/2020,Lokasi_4,Anorganik,1428.05
25/04/2021,Lokasi_4,Organik,674.88
18/09/2023,Lokasi_9,Organik,1382.83
05/12/2020,Lokasi_15,Organik,904.93
11/12/2022,Lokasi_15,Organik,769.28
09/03/2022,Lokasi_7,Anorganik,698.51
19/04/2021,Lokasi_12,Organik,1004.34
02/01/2024,Lokasi_3,Organik,1169.26
27/08/2021,Lokasi_20,Organik,1398.22
31/03/2022,Lokasi_9,Anorganik,1152.45
20/08/2021,Lokasi_14,Anorganik,983.66
12/03/2024,Lokasi_13,Organik,533.48
28/05/2021,Lokasi_12,Anorganik,1415.43
06/03/2024,Lokasi_1,Anorganik,1402.37
20/02/2025,Lokasi_19,Anorganik,878.72
26/08/2024,Lokasi_16,Organik,529.03
26/10/2022,Lokasi_12,Anorganik,1233.37
14/05/2021,Lokasi_10,B3,1291.68
11/08/2024,Lokasi_2,Organik,1042.47
17/12/2021,Lokasi_18,Anorganik,902.87
15/02/2023,Lokasi_13,Organik,1351.13
17/02/2024,Lokasi_6,B3,692.52
27/10/2021,Lokasi_12,Anorganik,939.56
15/12/2022,Lokasi_4,Anorganik,524.49
15/08/2020,Lokasi_1,Anorganik,664.01
28/05/2020,Lokasi_11,Organik,1440.83
05/12/2022,Lokasi_8,Anorganik,1078.08
13/03/2023,Lokasi_2,Organik,1305.59
23/09/2021,Lokasi_2,Organik,986.5
25/09/2023,Lokasi_16,Organik,1334.83
16/02/2021,Lokasi_1,Organik,1038.95
21/10/2024,Lokasi_4,Anorganik,504.54
03/06/2021,Lokasi_6,Anorganik,1399.7
29/09/2023,Lokasi_20,Anorganik,648.57
07/01/2023,Lokasi_14,Organik,950.55
20/08/2021,Lokasi_20,Organik,976.67
17/07/2024,Lokasi_15,Organik,547.24
12/08/2024,Lokasi_7,Anorganik,553.07
30/11/2025,Lokasi_7,Anorganik,1262.55
28/12/2025,Lokasi_18,Organik,800.45
08/04/2025,Lokasi_2,B3,909.63
30/12/2021,Lokasi_20,Anorganik,1064.11
11/08/2021,Lokasi_15,Organik,873.39
11/01/2021,Lokasi_1,Anorganik,1275.04
08/11/2023,Lokasi_17,Anorganik,1384.46
12/02/2025,Lokasi_20,Organik,559.72
20/01/2022,Lokasi_13,Organik,1135.4
18/09/2021,Lokasi_12,Anorganik,817.66
17/06/2024,Lokasi_15,Organik,1083.28
21/09/2022,Lokasi_5,Organik,983.91
02/05/2024,Lokasi_7,Organik,833.68
03/12/2021,Lokasi_8,Organik,594.82
21/08/2025,Lokasi_14,Anorganik,1059.44
25/03/2023,Lokasi_4,Anorganik,612.79
21/04/2021,Lokasi_14,Organik,656.12
04/02/2021,Lokasi_10,Organik,1482.18
26/02/2020,Lokasi_16,Anorganik,816.71
18/02/2025,Lokasi_11,Organik,1084.44
23/03/2021,Lokasi_14,Organik,772.23
21/07/2020,Lokasi_14,Organik,1365.51
14/07/2024,Lokasi_2,Organik,783.34
07/01/2022,Lokasi_13,Organik,866.89
20/07/2020,Lokasi_3,Anorganik,1108.39
15/09/2023,Lokasi_18,Organik,1369.99
10/06/2022,Lokasi_4,Anorganik,1316.21
03/08/2020,Lokasi_19,Organik,763.86
23/01/2020,Lokasi_16,Organik,1329.55
24/04/2023,Lokasi_4,Anorganik,1201.2
18/01/2022,Lokasi_19,Anorganik,1489.83
15/03/2022,Lokasi_15,Anorganik,1435.45
13/05/2020,Lokasi_1,Organik,1033.14
16/11/2020,Lokasi_16,Anorganik,1249.93
09/03/2021,Lokasi_15,Anorganik,1070.18
11/11/2022,Lokasi_16,Organik,1095
22/05/2022,Lokasi_20,Anorganik,601.5
29/09/2025,Lokasi_1,Anorganik,502.25
09/09/2020,Lokasi_17,B3,548.19
23/08/2022,Lokasi_5,Organik,1466.63
08/01/2022,Lokasi_5,Anorganik,626.27
03/02/2023,Lokasi_7,Organik,544.39
01/09/2023,Lokasi_13,Organik,809.64
28/10/2020,Lokasi_12,B3,1088.18
31/05/2025,Lokasi_4,Organik,1448.46
04/07/2021,Lokasi_4,Organik,1199.89
18/01/2024,Lokasi_6,Organik,776.35
08/08/2023,Lokasi_15,Anorganik,1439.06
06/05/2024,Lokasi_19,Organik,536.04
27/12/2024,Lokasi_6,Organik,1479.05
29/12/2024,Lokasi_12,B3,558.64
10/03/2023,Lokasi_14,B3,1253.85
09/11/2020,Lokasi_18,Anorganik,545.3
02/07/2020,Lokasi_12,Anorganik,1431.56
14/08/2024,Lokasi_15,Anorganik,608.67
13/12/2021,Lokasi_19,Anorganik,550.48
15/12/2025,Lokasi_8,Organik,1389.27
03/08/2023,Lokasi_9,Organik,595.79
27/09/2020,Lokasi_5,Organik,1297.93
29/11/2024,Lokasi_5,Organik,1247.03
21/03/2022,Lokasi_6,Anorganik,1098.88
16/07/2020,Lokasi_3,Organik,877.96
15/12/2022,Lokasi_5,B3,1415.58
11/05/2023,Lokasi_1,Organik,1371.08
02/07/2024,Lokasi_11,Anorganik,926.25
19/09/2021,Lokasi_20,Anorganik,731.72
26/08/2021,Lokasi_1,Anorganik,772.57
07/03/2023,Lokasi_7,Organik,720.32
16/12/2023,Lokasi_15,Anorganik,1041.25
16/12/2022,Lokasi_17,Organik,1368.54
04/05/2024,Lokasi_8,Organik,1273.61
19/10/2025,Lokasi_2,Organik,1295.51
29/06/2022,Lokasi_13,Anorganik,948.29
16/08/2021,Lokasi_12,Organik,822.44
27/10/2023,Lokasi_5,Organik,1257.36
22/08/2021,Lokasi_13,Anorganik,1293.3
28/05/2021,Lokasi_6,B3,1195.35
10/03/2025,Lokasi_15,Organik,532.11
01/11/2025,Lokasi_11,Anorganik,1089.68
02/12/2022,Lokasi_4,Organik,847.05
11/05/2025,Lokasi_1,Anorganik,696.19
20/03/2022,Lokasi_15,Organik,1194.4
20/12/2025,Lokasi_12,Organik,768.53
24/12/2022,Lokasi_9,Anorganik,1412.84
16/10/2020,Lokasi_11,Anorganik,798.08
07/02/2022,Lokasi_5,Anorganik,1055.18
15/04/2021,Lokasi_7,Organik,1327.76
28/03/2020,Lokasi_8,Anorganik,902.12
28/02/2022,Lokasi_1,Organik,1328.66
22/07/2024,Lokasi_1,Anorganik,1223.7
02/08/2023,Lokasi_3,Anorganik,1420.87
14/05/2022,Lokasi_8,Anorganik,825.83
17/07/2023,Lokasi_11,Anorganik,605.03
24/01/2020,Lokasi_1,Anorganik,930.35
01/03/2025,Lokasi_14,Organik,1285.81
06/11/2020,Lokasi_1,Organik,950.44
24/01/2024,Lokasi_6,B3,761.99
16/05/2023,Lokasi_6,Anorganik,527.6
06/12/2021,Lokasi_3,Organik,813.02
21/09/2023,Lokasi_10,Organik,1213.38
25/02/2021,Lokasi_12,Organik,647.61
08/11/2024,Lokasi_10,Anorganik,840.88
04/08/2022,Lokasi_2,Anorganik,520.23
01/04/2023,Lokasi_13,Organik,1221.76
08/01/2025,Lokasi_16,Organik,1380.68
13/04/2024,Lokasi_13,Organik,1068.53
28/04/2022,Lokasi_4,Anorganik,525.87
08/05/2024,Lokasi_4,Anorganik,717.63
11/08/2023,Lokasi_11,B3,938.47
20/09/2025,Lokasi_14,Organik,1087.58
01/05/2025,Lokasi_3,Organik,996.28
01/08/2023,Lokasi_19,Anorganik,1415.87
21/01/2021,Lokasi_1,Organik,1438.64
28/07/2025,Lokasi_5,Anorganik,607.15
07/03/2023,Lokasi_17,Anorganik,638.39
18/07/2025,Lokasi_1,Organik,858.05
16/12/2021,Lokasi_19,Organik,921.23
01/03/2021,Lokasi_19,Anorganik,1086.07
10/12/2023,Lokasi_4,Organik,1273.16
04/09/2025,Lokasi_19,Organik,635.77
19/01/2021,Lokasi_6,B3,1302.64
25/02/2020,Lokasi_15,Anorganik,1110.03
15/04/2020,Lokasi_4,Anorganik,1480.88
31/10/2021,Lokasi_1,B3,1151.17
10/01/2021,Lokasi_17,Organik,1216.09
12/01/2022,Lokasi_11,Organik,695.21
24/08/2022,Lokasi_17,Anorganik,1268.86
03/11/2020,Lokasi_1,B3,579.27
08/11/2025,Lokasi_9,Organik,1156.53
12/03/2022,Lokasi_14,Organik,555.57
19/04/2020,Lokasi_15,B3,615.23
22/07/2024,Lokasi_1,Organik,607.87
05/12/2020,Lokasi_2,Anorganik,552.48
07/05/2024,Lokasi_18,Organik,821.14
05/09/2022,Lokasi_18,Organik,1494.35
30/03/2025,Lokasi_6,Organik,848.23
16/06/2020,Lokasi_20,Organik,1260.78
10/07/2021,Lokasi_8,Anorganik,632.32
23/06/2022,Lokasi_1,Organik,954.49
14/04/2020,Lokasi_15,Organik,685.12
09/08/2025,Lokasi_10,Anorganik,692.1
25/05/2020,Lokasi_4,Organik,599.69
23/05/2022,Lokasi_10,B3,932.04
25/10/2020,Lokasi_11,Anorganik,575.53
02/10/2024,Lokasi_5,Anorganik,1409.81
07/10/2021,Lokasi_9,Anorganik,947.9
29/09/2021,Lokasi_5,Anorganik,1338.57
22/02/2022,Lokasi_11,Anorganik,1479.46
15/06/2022,Lokasi_3,Organik,1177.78
05/01/2021,Lokasi_4,Anorganik,1401.51
01/05/2021,Lokasi_10,Organik,635.37
30/07/2025,Lokasi_7,Anorganik,1329.99
22/09/2023,Lokasi_1,B3,771.22
10/07/2020,Lokasi_6,Anorganik,972.6
30/12/2021,Lokasi_8,Organik,1146.58
14/08/2022,Lokasi_17,Anorganik,1403.54
15/01/2021,Lokasi_7,Anorganik,1410.99
08/03/2022,Lokasi_1,Anorganik,592.1
26/08/2020,Lokasi_9,Organik,864.56
10/01/2023,Lokasi_11,Anorganik,1293.18
18/10/2023,Lokasi_19,Organik,1203.16
07/03/2024,Lokasi_2,Anorganik,526.35
25/07/2024,Lokasi_11,Anorganik,949.89
06/02/2020,Lokasi_3,Anorganik,1329.25
19/06/2025,Lokasi_17,Organik,1237.68
26/11/2023,Lokasi_10,Anorganik,911.85
30/01/2024,Lokasi_3,Anorganik,1235.16
09/05/2023,Lokasi_3,Organik,1051.21
15/07/2025,Lokasi_7,Anorganik,1412.63
12/04/2022,Lokasi_2,Organik,1087.13
19/08/2021,Lokasi_1,Anorganik,900.73
30/11/2021,Lokasi_7,Organik,1362.92
04/07/2024,Lokasi_20,B3,549.87
11/07/2025,Lokasi_11,Anorganik,1400.51
16/03/2021,Lokasi_6,Anorganik,1196.35
03/02/2025,Lokasi_4,Organik,1440.61
28/06/2024,Lokasi_19,Organik,750.5
09/03/2024,Lokasi_19,Organik,1194.92
30/12/2022,Lokasi_14,Organik,1309.46
21/07/2021,Lokasi_3,Anorganik,1202.1
23/08/2020,Lokasi_4,Organik,710.33
28/07/2023,Lokasi_8,Organik,775.59
31/03/2023,Lokasi_18,Organik,1066.74
29/10/2022,Lokasi_4,B3,946.75
08/10/2025,Lokasi_11,Organik,1235.12
14/01/2025,Lokasi_16,Organik,878.68
12/08/2020,Lokasi_3,B3,1359.48
16/01/2025,Lokasi_7,Anorganik,931.92
04/08/2021,Lokasi_2,Anorganik,540.04
17/06/2020,Lokasi_1,Anorganik,517.36
05/01/2024,Lokasi_1,B3,1146.74
14/01/2020,Lokasi_6,Organik,1040.55
14/12/2023,Lokasi_19,Anorganik,1042.74
13/02/2025,Lokasi_7,Anorganik,1290.01
23/03/2024,Lokasi_5,Anorganik,875.72
16/08/2024,Lokasi_18,Anorganik,1495.45
20/04/2024,Lokasi_13,B3,1445.53
17/11/2022,Lokasi_1,Organik,512.96
27/09/2024,Lokasi_10,B3,1395.74
21/03/2021,Lokasi_9,Organik,1180.55
16/12/2021,Lokasi_17,Organik,1002.09
29/03/2022,Lokasi_1,Organik,1082.75
21/11/2025,Lokasi_1,Organik,1341.86
01/03/2021,Lokasi_7,B3,1451.04
29/01/2023,Lokasi_4,B3,1060.33
13/04/2024,Lokasi_12,Organik,681.29
29/04/2022,Lokasi_16,Anorganik,1139.75
25/03/2024,Lokasi_14,Organik,576.22
03/02/2023,Lokasi_10,Anorganik,1135.14
29/08/2024,Lokasi_14,Anorganik,1308.61
24/06/2025,Lokasi_7,Anorganik,853.33
03/10/2020,Lokasi_4,Anorganik,571.18
11/12/2024,Lokasi_2,Organik,1192.23
23/04/2025,Lokasi_18,Anorganik,839.33
22/11/2025,Lokasi_16,Organik,749.1
29/06/2021,Lokasi_9,Anorganik,1189.18
19/04/2020,Lokasi_5,Organik,1469.59
28/06/2021,Lokasi_9,Organik,1245.32
12/01/2022,Lokasi_8,Anorganik,991.35
13/07/2023,Lokasi_20,Organik,1100.51
18/02/2025,Lokasi_16,Organik,642.28
24/12/2022,Lokasi_20,Organik,1313.21
28/11/2020,Lokasi_18,Organik,1104.3
16/03/2024,Lokasi_4,Organik,1465.83
02/03/2023,Lokasi_16,Anorganik,1479.48
14/08/2021,Lokasi_4,Organik,854.59
21/02/2022,Lokasi_6,Organik,1488.55
23/06/2021,Lokasi_3,Anorganik,1456.83
07/04/2024,Lokasi_18,Organik,1139.83
28/02/2024,Lokasi_15,Organik,833.46
10/09/2021,Lokasi_8,Anorganik,1253.34
07/01/2025,Lokasi_18,Organik,771.24
18/09/2022,Lokasi_3,Organik,1129.84
16/11/2025,Lokasi_6,Anorganik,524.58
10/12/2025,Lokasi_15,Organik,1128.58
04/06/2024,Lokasi_12,Organik,1451.61
27/02/2024,Lokasi_5,Anorganik,735.14
05/06/2021,Lokasi_7,Organik,1278.18
05/07/2022,Lokasi_15,Organik,793.42
17/12/2021,Lokasi_7,Organik,1207.85
20/04/2025,Lokasi_13,Anorganik,1199.97
13/07/2021,Lokasi_3,Organik,684.74
26/08/2022,Lokasi_13,Organik,1097.13
13/12/2022,Lokasi_3,B3,1359.17
08/06/2022,Lokasi_2,B3,882.53
03/03/2022,Lokasi_4,Anorganik,1210.28
08/09/2022,Lokasi_17,Anorganik,1174.43
12/03/2022,Lokasi_6,Anorganik,757.51
12/02/2020,Lokasi_11,Organik,1418.64
28/05/2024,Lokasi_6,Organik,1063.51
12/11/2024,Lokasi_2,Organik,855.29
15/12/2020,Lokasi_17,Organik,664.36
16/04/2024,Lokasi_3,Anorganik,973.46
03/02/2023,Lokasi_12,Anorganik,1230.11
10/08/2025,Lokasi_14,Anorganik,1123.64
15/11/2024,Lokasi_2,Organik,1227.05
06/08/2021,Lokasi_5,Organik,1291.76
07/03/2021,Lokasi_10,Organik,941
16/04/2025,Lokasi_10,Organik,1020.17
01/10/2025,Lokasi_9,B3,1486.42
10/09/2023,Lokasi_13,Anorganik,1468.05
23/07/2025,Lokasi_10,Organik,914.82
04/04/2023,Lokasi_6,Anorganik,1185.18
08/03/2023,Lokasi_11,Anorganik,767.59
25/10/2020,Lokasi_4,B3,652.7
23/04/2025,Lokasi_14,Organik,1268.4
27/02/2022,Lokasi_17,Anorganik,936.18
29/04/2022,Lokasi_20,Anorganik,677.05
09/10/2023,Lokasi_2,Anorganik,1258.85
23/03/2023,Lokasi_10,Anorganik,1415.17
03/05/2025,Lokasi_3,Organik,1433.27
27/05/2022,Lokasi_7,Organik,1096.33
12/02/2023,Lokasi_7,Organik,979.64
26/04/2024,Lokasi_1,Anorganik,641.87
04/07/2024,Lokasi_8,Anorganik,1292.79
18/03/2025,Lokasi_1,Anorganik,1445.32
14/10/2023,Lokasi_8,Organik,1389.46
24/05/2020,Lokasi_14,B3,1251.78
17/04/2023,Lokasi_14,Anorganik,504.57
04/02/2025,Lokasi_2,Anorganik,907.75
28/01/2025,Lokasi_8,Anorganik,910.71
09/02/2025,Lokasi_19,Anorganik,1394.37
03/01/2023,Lokasi_10,Anorganik,565.65
25/02/2023,Lokasi_7,B3,1031.22
30/09/2024,Lokasi_13,Organik,636.13
21/07/2021,Lokasi_15,Anorganik,1162.29
18/12/2024,Lokasi_11,Anorganik,1292.26
14/06/2021,Lokasi_14,Anorganik,1141.96
10/04/2024,Lokasi_11,Anorganik,1294.59
11/11/2021,Lokasi_2,Organik,1107.5
01/09/2025,Lokasi_2,Organik,689.84
06/12/2022,Lokasi_12,Organik,882.66
29/12/2021,Lokasi_15,Organik,1456.87
25/09/2024,Lokasi_17,Organik,788.17
31/12/2025,Lokasi_14,Anorganik,562.86
29/10/2021,Lokasi_16,Anorganik,884.83
31/05/2024,Lokasi_8,Anorganik,866.31
11/11/2021,Lokasi_17,Organik,970.31
30/08/2022,Lokasi_5,Organik,1060.3
02/11/2025,Lokasi_12,Organik,1492.42
06/04/2022,Lokasi_6,Organik,1256.23
23/10/2020,Lokasi_18,Organik,535.89
07/06/2023,Lokasi_5,Organik,1212.71
22/11/2025,Lokasi_6,Organik,1324.23
24/09/2024,Lokasi_9,Organik,1395.63
17/07/2025,Lokasi_15,Anorganik,924.01
25/11/2020,Lokasi_10,Anorganik,813.63
01/03/2023,Lokasi_17,Anorganik,1339.32
05/03/2025,Lokasi_19,Organik,1277.62
16/01/2021,Lokasi_12,Organik,1036.04
25/12/2025,Lokasi_9,Anorganik,617.88
22/04/2022,Lokasi_15,Organik,1151.76
30/01/2021,Lokasi_14,Organik,565.67
25/03/2021,Lokasi_1,B3,600.37
16/09/2023,Lokasi_17,Organik,831.14
09/06/2025,Lokasi_1,B3,871.18
01/08/2023,Lokasi_13,Anorganik,961.97
21/07/2023,Lokasi_8,B3,839.14
29/08/2025,Lokasi_13,Anorganik,533.79
17/07/2023,Lokasi_16,Organik,657.42
23/01/2025,Lokasi_2,Anorganik,615.11
04/07/2020,Lokasi_13,Organik,931.18
18/05/2023,Lokasi_18,B3,712.13
08/12/2023,Lokasi_3,Organik,793.55
09/09/2020,Lokasi_13,Organik,971.57
19/01/2020,Lokasi_19,Organik,735.56
05/03/2023,Lokasi_13,Anorganik,745.93
10/08/2020,Lokasi_19,Organik,1333.14
03/01/2020,Lokasi_4,Anorganik,1048.09
13/06/2023,Lokasi_19,Organik,1356.76
03/05/2022,Lokasi_18,Organik,1014.53
28/01/2024,Lokasi_6,B3,1409.26
15/08/2020,Lokasi_19,Organik,754.74
04/08/2024,Lokasi_4,Organik,1116.67
13/05/2021,Lokasi_4,Organik,1003.23
28/02/2025,Lokasi_7,Organik,1418.69
08/07/2025,Lokasi_7,Anorganik,918.48
08/03/2023,Lokasi_16,Organik,1354.82
23/07/2023,Lokasi_16,Anorganik,1063.9
12/12/2022,Lokasi_5,Organik,1208.54
15/12/2021,Lokasi_15,Organik,1386.89
05/08/2022,Lokasi_4,B3,1496.91
19/05/2022,Lokasi_13,Organik,1231.14
06/12/2022,Lokasi_19,Anorganik,814.52
03/04/2020,Lokasi_7,Anorganik,799.01
13/07/2021,Lokasi_12,Anorganik,809.1
10/11/2024,Lokasi_9,B3,597.91
11/03/2021,Lokasi_17,Anorganik,553.6
01/05/2022,Lokasi_2,B3,1080.84
23/07/2020,Lokasi_16,B3,1310.59
04/01/2023,Lokasi_7,Organik,536.13
17/03/2020,Lokasi_18,Anorganik,1066.63
26/03/2022,Lokasi_7,Anorganik,871.76
06/02/2022,Lokasi_1,Organik,1392.49
15/04/2020,Lokasi_3,Organik,645.39
05/11/2025,Lokasi_11,B3,1063.43
12/10/2024,Lokasi_15,Anorganik,1470.92
05/01/2024,Lokasi_3,Organik,845.03
01/09/2020,Lokasi_13,Organik,1241.78
06/11/2023,Lokasi_4,Anorganik,1382.45
08/09/2022,Lokasi_8,Organik,686.21
02/10/2024,Lokasi_4,Organik,1492.53
21/05/2020,Lokasi_18,Anorganik,1309.39
11/06/2022,Lokasi_7,Anorganik,637.56
23/10/2023,Lokasi_11,Organik,810.88
28/06/2021,Lokasi_4,Organik,1124.97
09/01/2024,Lokasi_13,Anorganik,1384.92
01/02/2022,Lokasi_9,Anorganik,694.84
15/09/2021,Lokasi_9,B3,1231.21
17/10/2021,Lokasi_19,Organik,770.65
01/06/2023,Lokasi_3,Organik,1305.42
12/02/2020,Lokasi_12,Anorganik,1183.44
23/10/2022,Lokasi_11,Anorganik,1022.91
18/07/2024,Lokasi_20,Organik,1149.87
15/07/2023,Lokasi_11,Anorganik,1376.45
18/08/2021,Lokasi_17,Organik,886.43
09/10/2022,Lokasi_14,Anorganik,1269.25
11/10/2025,Lokasi_16,Anorganik,658.91
15/08/2022,Lokasi_10,Organik,1201.19
14/07/2021,Lokasi_4,Organik,1250.66
23/08/2023,Lokasi_10,B3,943
05/08/2023,Lokasi_20,B3,1293.62
26/12/2024,Lokasi_12,Organik,1057.1
30/03/2024,Lokasi_9,Organik,1436.27
29/04/2022,Lokasi_15,Anorganik,612.47
02/07/2023,Lokasi_9,Organik,630.82
13/03/2024,Lokasi_7,Anorganik,1342.43
19/12/2024,Lokasi_12,Organik,1342.36
07/10/2024,Lokasi_20,Organik,971.22
28/08/2021,Lokasi_14,Organik,1463.96
26/01/2024,Lokasi_16,Organik,1179.39
18/07/2023,Lokasi_19,Anorganik,1482.85
15/01/2022,Lokasi_3,Organik,1032.4
11/07/2021,Lokasi_11,Organik,701.61
12/10/2025,Lokasi_20,Organik,944.39
30/07/2022,Lokasi_19,Organik,1480.49
23/06/2023,Lokasi_8,Anorganik,870.41
28/07/2022,Lokasi_20,B3,1457.02
29/05/2024,Lokasi_8,Organik,1297.02
21/09/2024,Lokasi_3,Organik,942.11
11/09/2022,Lokasi_10,Organik,1041.87
06/05/2024,Lokasi_13,Anorganik,1107.44
29/08/2023,Lokasi_9,B3,1165.77
17/02/2025,Lokasi_6,B3,576.7
23/10/2021,Lokasi_15,Organik,1433.59
02/02/2020,Lokasi_16,Organik,1097
21/12/2024,Lokasi_5,B3,1431.15
21/10/2025,Lokasi_13,Anorganik,1131.9
04/03/2025,Lokasi_19,B3,931.02
02/03/2023,Lokasi_2,Organik,1066.93
01/03/2020,Lokasi_6,Organik,1329.5
23/03/2024,Lokasi_1,Organik,826.13
28/09/2020,Lokasi_15,Organik,1456.46
14/04/2023,Lokasi_15,Organik,965.96
11/12/2024,Lokasi_14,Organik,1456.24
28/02/2023,Lokasi_7,Organik,1380.76
30/01/2023,Lokasi_5,Organik,1267.66
05/11/2020,Lokasi_20,Organik,967.44
08/08/2023,Lokasi_16,Organik,1086.95
11/10/2024,Lokasi_17,Anorganik,1338.03
03/12/2020,Lokasi_11,Anorganik,1044.06
10/01/2020,Lokasi_15,Anorganik,1238.19
18/02/2020,Lokasi_20,Organik,1290.66
19/02/2024,Lokasi_16,Organik,1013.1
06/09/2023,Lokasi_3,Organik,1036.25
31/12/2021,Lokasi_6,Anorganik,697.83
05/03/2022,Lokasi_13,Anorganik,744.74
06/07/2024,Lokasi_1,Organik,1404.94
12/05/2020,Lokasi_14,Organik,1340.33
31/10/2025,Lokasi_2,Organik,510.12
05/10/2025,Lokasi_2,Anorganik,1369.39
10/01/2021,Lokasi_15,Organik,525.23
27/09/2020,Lokasi_18,Organik,958.28
15/02/2024,Lokasi_9,Organik,567.43
28/11/2025,Lokasi_3,Anorganik,1468.82
16/03/2020,Lokasi_4,Anorganik,1472.32
10/05/2025,Lokasi_15,B3,1110.87
24/07/2024,Lokasi_5,Organik,892.2
24/11/2020,Lokasi_20,Anorganik,1011.99
09/12/2025,Lokasi_20,B3,1262.3
10/02/2020,Lokasi_5,Anorganik,723.19
05/04/2023,Lokasi_10,Organik,941.72
18/08/2025,Lokasi_16,Anorganik,1237.27
13/01/2020,Lokasi_12,Anorganik,895.39
12/07/2022,Lokasi_14,Organik,532
16/01/2025,Lokasi_11,Anorganik,1007.39
17/05/2023,Lokasi_19,Anorganik,1237.41
29/04/2023,Lokasi_6,B3,1476.82
14/10/2021,Lokasi_10,Anorganik,537.05
30/08/2024,Lokasi_20,Organik,1039.92
12/09/2021,Lokasi_3,Anorganik,949.94
16/05/2025,Lokasi_15,B3,742.45
03/07/2024,Lokasi_11,B3,1137.76
20/02/2021,Lokasi_2,Anorganik,663.62
25/10/2021,Lokasi_6,Organik,783.86
13/11/2024,Lokasi_17,Organik,1281.76
11/10/2023,Lokasi_18,Anorganik,960.41
27/05/2020,Lokasi_4,Organik,1493.67
07/08/2025,Lokasi_9,B3,886.46
20/10/2023,Lokasi_10,Anorganik,963.26
21/09/2024,Lokasi_2,Organik,800.26
05/02/2021,Lokasi_11,Anorganik,736.29
24/02/2024,Lokasi_11,Organik,1422.28
24/07/2025,Lokasi_11,Anorganik,1248.83
16/08/2020,Lokasi_1,Organik,833.4
17/05/2024,Lokasi_14,Anorganik,1200.16
24/09/2020,Lokasi_1,Anorganik,1465.78
29/11/2023,Lokasi_9,Organik,574.05
21/12/2024,Lokasi_1,Anorganik,764.5
31/10/2022,Lokasi_4,Organik,700.58
05/09/2023,Lokasi_1,Anorganik,1369.78
05/05/2020,Lokasi_19,Anorganik,679.19
21/09/2024,Lokasi_10,Organik,808.08
17/01/2023,Lokasi_15,Anorganik,1043.86
07/10/2023,Lokasi_20,Organik,1121.09
19/11/2021,Lokasi_4,Organik,1308.18
04/07/2023,Lokasi_20,Organik,907.32
17/05/2023,Lokasi_14,Anorganik,1034.24
07/10/2020,Lokasi_5,Organik,1465.46
18/03/2021,Lokasi_15,Organik,797.36
06/02/2025,Lokasi_15,Anorganik,748.09
16/04/2022,Lokasi_16,Organik,1210.6
23/01/2021,Lokasi_16,Organik,1271.14
08/09/2021,Lokasi_4,Anorganik,914.78
26/05/2020,Lokasi_9,B3,712.98
04/06/2021,Lokasi_1,Organik,1278.92
21/09/2021,Lokasi_5,Anorganik,1170.49
31/12/2025,Lokasi_9,Anorganik,1376.23
15/10/2020,Lokasi_20,Organik,1344.33
10/11/2023,Lokasi_5,Anorganik,705.2
14/01/2020,Lokasi_4,Anorganik,1332.34
13/09/2020,Lokasi_16,Anorganik,675.17
17/09/2024,Lokasi_2,Anorganik,1363.7
24/11/2023,Lokasi_16,Organik,1270.32
15/05/2023,Lokasi_18,Anorganik,1069.86
07/05/2022,Lokasi_2,Anorganik,1142.22
10/04/2023,Lokasi_16,Anorganik,604.08
08/04/2021,Lokasi_1,Organik,539.89
26/09/2020,Lokasi_16,Organik,830.65
29/05/2023,Lokasi_3,Organik,1321.41
21/04/2023,Lokasi_15,B3,965.79
12/03/2020,Lokasi_11,Anorganik,723.39
30/07/2023,Lokasi_10,Anorganik,1334.55
22/10/2025,Lokasi_17,Organik,728.63
16/10/2024,Lokasi_4,Anorganik,1315.49
11/05/2021,Lokasi_17,Anorganik,952.98
14/09/2022,Lokasi_4,Anorganik,963.49
28/06/2022,Lokasi_19,Organik,772.72
07/01/2021,Lokasi_1,Organik,1400.17
27/12/2020,Lokasi_14,B3,588.79
10/11/2025,Lokasi_11,Organik,644.41
06/09/2023,Lokasi_7,Organik,1135.88
19/11/2020,Lokasi_17,Organik,1350.12
28/07/2021,Lokasi_4,Anorganik,595.45
05/01/2022,Lokasi_10,Anorganik,1233.75
30/04/2023,Lokasi_17,Organik,1242.51
22/08/2024,Lokasi_4,Anorganik,1081.52
22/03/2025,Lokasi_19,Anorganik,986.73
19/12/2021,Lokasi_18,Anorganik,821.09
19/02/2022,Lokasi_17,Anorganik,851.46
16/10/2022,Lokasi_6,Anorganik,1174.43
04/11/2023,Lokasi_7,Organik,565.29
27/11/2023,Lokasi_6,Anorganik,1084.93
25/10/2021,Lokasi_12,Anorganik,778.73
07/11/2024,Lokasi_9,Organik,966.61
11/01/2020,Lokasi_18,Organik,1058.98
04/11/2022,Lokasi_2,Organik,1385.66
07/08/2021,Lokasi_17,Organik,1079.07
11/12/2022,Lokasi_1,Anorganik,727.16
06/10/2023,Lokasi_9,Organik,579.46
22/12/2023,Lokasi_6,Organik,1126.99
28/01/2025,Lokasi_2,Organik,1045.05
24/11/2024,Lokasi_6,Organik,1171.8
12/01/2022,Lokasi_9,Organik,959.4
11/11/2024,Lokasi_3,Organik,1325.13
22/07/2020,Lokasi_16,Organik,1420.18
12/12/2022,Lokasi_15,Organik,540
31/08/2022,Lokasi_12,Organik,1244.09
30/10/2023,Lokasi_8,Organik,535.16
08/02/2025,Lokasi_6,Anorganik,945.1
23/07/2023,Lokasi_3,Organik,961.6
20/11/2022,Lokasi_4,B3,1196.22
04/03/2023,Lokasi_10,Anorganik,852.4
14/04/2020,Lokasi_14,Organik,1320.9
09/09/2020,Lokasi_15,Organik,842.86
21/10/2020,Lokasi_7,Organik,842.52
27/03/2023,Lokasi_7,Organik,722.76
02/07/2021,Lokasi_8,Organik,1183.87
12/11/2024,Lokasi_10,Organik,576.59
25/10/2020,Lokasi_19,Anorganik,863.06
14/10/2024,Lokasi_19,Anorganik,766.89
17/01/2025,Lokasi_2,Organik,729.34
10/04/2020,Lokasi_15,Organik,560.98
09/11/2024,Lokasi_1,Organik,690.38
23/05/2022,Lokasi_10,Anorganik,946.24
01/04/2020,Lokasi_6,Anorganik,1003.74
22/03/2021,Lokasi_13,Organik,769.5
18/04/2020,Lokasi_10,Organik,1150.24
12/11/2020,Lokasi_12,Organik,835.79
09/01/2025,Lokasi_6,Organik,867.25
27/04/2025,Lokasi_6,Anorganik,1282.62
29/12/2023,Lokasi_1,Anorganik,1051.97
17/03/2021,Lokasi_12,Organik,1453.17
30/05/2023,Lokasi_10,Anorganik,859.3
31/03/2024,Lokasi_14,Anorganik,1327.84
04/10/2020,Lokasi_15,Anorganik,1238.34
22/07/2021,Lokasi_4,Anorganik,1390.19
06/10/2022,Lokasi_1,Anorganik,1456.79
18/04/2022,Lokasi_8,Organik,507.68
26/05/2024,Lokasi_3,B3,588.3
30/01/2020,Lokasi_14,Anorganik,1174.34
26/04/2025,Lokasi_17,Organik,890.2
03/11/2025,Lokasi_2,Anorganik,1319.13
11/06/2023,Lokasi_15,Anorganik,511.98
30/12/2020,Lokasi_6,Organik,1306.98
05/12/2024,Lokasi_5,B3,635.24
27/12/2024,Lokasi_14,B3,790.25
05/02/2025,Lokasi_19,Anorganik,1469.08
23/06/2022,Lokasi_9,Anorganik,551.6
28/11/2021,Lokasi_8,B3,849.04
18/12/2025,Lokasi_3,Anorganik,584.53
29/01/2025,Lokasi_18,Organik,1353.6
16/12/2020,Lokasi_8,Anorganik,1203.02
28/06/2020,Lokasi_16,Organik,1300.34
12/02/2024,Lokasi_15,Organik,1027.28
01/04/2023,Lokasi_15,Organik,857.72
11/12/2024,Lokasi_16,Organik,502.27
12/02/2022,Lokasi_1,Anorganik,777.93
24/05/2021,Lokasi_10,Anorganik,1014.55
30/12/2020,Lokasi_19,Organik,1164.36
18/12/2020,Lokasi_5,Anorganik,728.94
11/01/2023,Lokasi_18,Anorganik,638.9
02/06/2023,Lokasi_3,Anorganik,701.61
15/02/2021,Lokasi_4,Anorganik,854.08
04/01/2022,Lokasi_4,B3,648.38
27/04/2020,Lokasi_11,Organik,656.82
26/04/2021,Lokasi_9,Organik,543.75
10/07/2020,Lokasi_1,Organik,1356.73
16/04/2020,Lokasi_16,Organik,719.76
16/01/2021,Lokasi_9,Organik,1321.9
21/02/2022,Lokasi_11,Anorganik,938.31
31/08/2020,Lokasi_6,Anorganik,1132.44
12/04/2021,Lokasi_17,Anorganik,575.7
15/05/2022,Lokasi_12,Organik,1083.58
10/04/2024,Lokasi_8,Organik,790
18/05/2023,Lokasi_16,Organik,595.21
26/08/2021,Lokasi_5,Anorganik,1408.23
18/07/2024,Lokasi_1,Organik,1103.63
01/01/2023,Lokasi_17,Organik,741.71
08/07/2025,Lokasi_8,Anorganik,919.65
16/07/2024,Lokasi_10,Anorganik,856.9
29/09/2024,Lokasi_18,Organik,1200.58
01/06/2024,Lokasi_15,Organik,1107.43
09/05/2022,Lokasi_20,Anorganik,519.78
22/02/2025,Lokasi_13,Anorganik,697.83
30/06/2023,Lokasi_10,Anorganik,978.13
13/01/2020,Lokasi_9,Organik,945.49
04/01/2023,Lokasi_13,Organik,1016.67
10/12/2022,Lokasi_3,Organik,1214.81
25/02/2022,Lokasi_3,B3,1182.01
28/05/2020,Lokasi_1,Organik,872.81
20/10/2024,Lokasi_2,Organik,1377.58
09/12/2025,Lokasi_11,Anorganik,562.93
27/07/2023,Lokasi_14,Organik,1084.51
25/03/2023,Lokasi_10,Organik,1449.69
22/03/2020,Lokasi_7,Organik,1049.08
06/05/2021,Lokasi_1,Organik,955.11
18/07/2025,Lokasi_7,Anorganik,633.92
13/07/2022,Lokasi_15,Organik,1310.19
20/07/2023,Lokasi_11,Organik,873.79
22/05/2024,Lokasi_6,Anorganik,1201.25
15/05/2024,Lokasi_7,Organik,697.55
02/05/2020,Lokasi_7,Anorganik,541.86
08/12/2021,Lokasi_1,Anorganik,805.47
17/09/2022,Lokasi_10,Organik,781.41
02/08/2025,Lokasi_15,Organik,1373.48
10/12/2021,Lokasi_8,Anorganik,1364.67
04/03/2022,Lokasi_19,B3,1033.89
12/12/2021,Lokasi_3,Anorganik,519
13/09/2024,Lokasi_15,Anorganik,728.32
13/09/2020,Lokasi_4,Anorganik,1139.01
27/04/2023,Lokasi_6,Anorganik,601.41
20/05/2022,Lokasi_10,Anorganik,1200.62
27/09/2024,Lokasi_18,Organik,511.96
19/03/2022,Lokasi_16,B3,1182.54
27/09/2020,Lokasi_18,Organik,1344.54
23/03/2024,Lokasi_6,Organik,969.22
03/07/2021,Lokasi_19,Organik,1329.08
11/02/2023,Lokasi_17,Organik,1281.53
21/07/2021,Lokasi_18,Organik,1171.42
24/12/2020,Lokasi_13,Organik,945.15
31/07/2024,Lokasi_7,B3,771.9
25/06/2024,Lokasi_20,Anorganik,1360.86
19/09/2023,Lokasi_12,Anorganik,1148.59
08/09/2024,Lokasi_2,Anorganik,1298.02
24/09/2023,Lokasi_12,Organik,1051.97
08/03/2022,Lokasi_12,Organik,671.87
08/07/2023,Lokasi_4,Organik,1479.44
05/06/2022,Lokasi_4,Anorganik,682.74
24/10/2024,Lokasi_18,Organik,1411.24
07/05/2023,Lokasi_16,Organik,708.14
13/10/2020,Lokasi_14,Organik,873.75
11/09/2024,Lokasi_17,Organik,940.08
20/11/2024,Lokasi_17,Anorganik,1421.38
12/01/2022,Lokasi_3,Anorganik,1388.2
14/02/2024,Lokasi_6,Anorganik,1323.22
02/08/2025,Lokasi_13,Anorganik,876.68
12/11/2022,Lokasi_9,Anorganik,504.49
22/10/2020,Lokasi_9,Anorganik,1181.58
15/08/2025,Lokasi_8,Organik,910.95
11/11/2021,Lokasi_17,Anorganik,1257.06
06/03/2025,Lokasi_16,Organik,1294.85
05/03/2022,Lokasi_16,Anorganik,939.72
21/07/2020,Lokasi_19,Anorganik,1248.1
20/11/2020,Lokasi_16,Anorganik,1339.94
22/11/2020,Lokasi_14,B3,1428.48
13/09/2022,Lokasi_20,Organik,1082.46
30/01/2022,Lokasi_14,Organik,1278.48
02/11/2022,Lokasi_14,Anorganik,994.56
25/06/2022,Lokasi_14,Organik,541.66
04/11/2023,Lokasi_12,Organik,655.22
30/12/2020,Lokasi_6,Anorganik,628.22
29/05/2023,Lokasi_20,Organik,671.77
21/10/2025,Lokasi_13,Anorganik,510.21
06/07/2024,Lokasi_16,Anorganik,1358.71
05/12/2022,Lokasi_9,Organik,1060.15
30/09/2020,Lokasi_2,B3,883.15
06/05/2025,Lokasi_3,Organik,909.78
27/02/2025,Lokasi_10,Anorganik,963.35
03/05/2020,Lokasi_20,Anorganik,573.88
14/09/2023,Lokasi_2,B3,774.67
18/08/2024,Lokasi_10,Anorganik,1351.63
08/10/2025,Lokasi_8,Organik,1243.68
17/03/2021,Lokasi_17,Organik,1063.41
25/05/2023,Lokasi_1,Organik,980.7
29/06/2022,Lokasi_6,Anorganik,758.97
22/10/2022,Lokasi_7,Anorganik,971.25
08/04/2024,Lokasi_15,Organik,1097.86
07/10/2024,Lokasi_18,B3,1212.64
30/09/2024,Lokasi_9,Anorganik,666.64
17/09/2021,Lokasi_8,Organik,1313.11
17/08/2024,Lokasi_10,Organik,845.81
24/09/2022,Lokasi_4,Organik,1003.26
31/03/2020,Lokasi_20,Organik,1107.9
25/07/2020,Lokasi_8,Organik,988.1
24/12/2022,Lokasi_1,Organik,1071.96
26/03/2025,Lokasi_8,Anorganik,611.52
30/05/2021,Lokasi_12,Organik,932.16
26/03/2023,Lokasi_15,Organik,780.47
27/11/2024,Lokasi_13,Organik,586.03
16/03/2025,Lokasi_16,Anorganik,691.65
28/06/2025,Lokasi_18,Organik,1102.44
29/01/2021,Lokasi_1,Anorganik,696.69
02/01/2023,Lokasi_17,Anorganik,681.06
05/07/2020,Lokasi_16,Anorganik,1052.83
16/05/2024,Lokasi_5,Organik,1404.7
10/05/2024,Lokasi_20,Organik,1288.69
30/12/2021,Lokasi_10,Organik,1405.09
27/08/2020,Lokasi_6,Organik,1082.98
20/05/2020,Lokasi_12,Organik,909.93
18/05/2020,Lokasi_10,Organik,1229.64
10/03/2020,Lokasi_17,Anorganik,761.36
19/01/2021,Lokasi_2,Anorganik,578.05
21/09/2021,Lokasi_19,Organik,844.61
23/07/2020,Lokasi_20,Anorganik,799.24
15/10/2024,Lokasi_6,B3,1175.54
21/07/2021,Lokasi_13,Anorganik,1051.36
08/09/2022,Lokasi_9,Organik,638.26
15/03/2022,Lokasi_12,Organik,1408.5
06/09/2024,Lokasi_18,Anorganik,1093.34
31/05/2022,Lokasi_8,Anorganik,957.68
28/07/2025,Lokasi_18,Anorganik,1437.19
31/08/2022,Lokasi_2,Organik,597.3
01/10/2021,Lokasi_8,Anorganik,1289.59
25/12/2023,Lokasi_10,Organik,864.67
20/11/2020,Lokasi_9,Organik,1195.39
17/03/2021,Lokasi_18,Organik,1430.73
14/03/2022,Lokasi_8,Anorganik,1017.71
13/08/2020,Lokasi_19,Anorganik,522.64
23/12/2022,Lokasi_3,Organik,528.85
24/08/2022,Lokasi_9,Anorganik,830.56
13/07/2021,Lokasi_13,Organik,1281.66
14/12/2021,Lokasi_9,Anorganik,788.26
12/05/2021,Lokasi_20,Organik,834.47
08/10/2025,Lokasi_12,Organik,1284.46
13/09/2020,Lokasi_13,Organik,616.19
30/07/2021,Lokasi_8,B3,1346.81
07/02/2020,Lokasi_15,Anorganik,765.79
03/09/2025,Lokasi_13,Organik,551.22
13/02/2021,Lokasi_13,Anorganik,617.34
05/04/2021,Lokasi_17,Anorganik,1452.55
11/12/2023,Lokasi_15,Anorganik,951.32
17/01/2021,Lokasi_19,Organik,756.44
06/01/2025,Lokasi_3,Organik,1021.27
22/07/2021,Lokasi_14,Organik,1182.35
07/12/2022,Lokasi_10,Organik,818.8
08/03/2021,Lokasi_17,Organik,1225.27
25/02/2020,Lokasi_8,Organik,752.25
17/10/2025,Lokasi_18,Anorganik,612.34
17/10/2024,Lokasi_12,Anorganik,1049.71
09/08/2025,Lokasi_17,Anorganik,651.12
20/06/2022,Lokasi_11,Anorganik,1440.48
12/06/2024,Lokasi_9,Anorganik,500.45
13/09/2020,Lokasi_15,Anorganik,1255.7
02/11/2021,Lokasi_9,B3,779.47
04/05/2021,Lokasi_12,Organik,1346.09
27/09/2025,Lokasi_11,Organik,560.15
09/08/2024,Lokasi_17,B3,1453
11/11/2020,Lokasi_6,Organik,601.39
09/03/2021,Lokasi_8,Anorganik,1287.88
22/10/2022,Lokasi_10,Organik,1017.34
29/05/2025,Lokasi_15,Anorganik,930.39
02/06/2025,Lokasi_4,Anorganik,780.16
21/10/2023,Lokasi_18,Anorganik,1341.37
23/02/2021,Lokasi_11,Anorganik,699.75
15/05/2024,Lokasi_9,Organik,1221.24
03/05/2024,Lokasi_9,Organik,945.79
23/04/2022,Lokasi_8,Anorganik,1498.5
07/01/2024,Lokasi_3,Anorganik,1111.4
09/03/2021,Lokasi_18,Anorganik,604.19
27/04/2024,Lokasi_14,Organik,919.52
05/10/2025,Lokasi_3,Anorganik,566.3
21/08/2022,Lokasi_17,B3,785.66
03/09/2022,Lokasi_4,Anorganik,843.32
15/02/2020,Lokasi_18,B3,1353.18
08/04/2023,Lokasi_15,Anorganik,1337.99
20/02/2021,Lokasi_19,Organik,511.56
27/04/2022,Lokasi_6,Anorganik,1032.28
26/12/2025,Lokasi_15,Organik,723.54
03/09/2020,Lokasi_7,Anorganik,820.09
17/08/2020,Lokasi_12,Organik,521.65
02/03/2022,Lokasi_16,Anorganik,1249.75
28/09/2021,Lokasi_9,Organik,1450.59
07/01/2022,Lokasi_20,Anorganik,719.27
24/12/2022,Lokasi_5,Anorganik,841.77
28/03/2020,Lokasi_11,Anorganik,706.43
13/12/2021,Lokasi_2,B3,1430.05
15/10/2024,Lokasi_16,Anorganik,509.36
12/05/2023,Lokasi_4,Anorganik,1083.86
20/04/2025,Lokasi_5,Anorganik,1370.76
06/11/2023,Lokasi_7,Organik,686.31
23/08/2021,Lokasi_6,Anorganik,1090
08/02/2024,Lokasi_10,Organik,550.65
01/08/2020,Lokasi_14,Organik,1314.59
22/10/2025,Lokasi_8,Organik,774.43
09/10/2025,Lokasi_14,Anorganik,1488.75
28/11/2021,Lokasi_14,Organik,1422.01
27/05/2023,Lokasi_20,Anorganik,1232.52
21/08/2025,Lokasi_3,Anorganik,996.84
10/09/2025,Lokasi_1,Anorganik,1266.59
29/03/2023,Lokasi_9,Organik,630.61
27/09/2022,Lokasi_9,Anorganik,810.2
24/08/2020,Lokasi_2,Anorganik,526.9
19/04/2023,Lokasi_16,Organik,1145.02
21/01/2024,Lokasi_8,Anorganik,1305.54
08/01/2023,Lokasi_6,Organik,1446.29
08/10/2021,Lokasi_13,Organik,1186.51
17/04/2021,Lokasi_1,Anorganik,1232.09
21/04/2020,Lokasi_19,Anorganik,1395.46
19/01/2025,Lokasi_15,Anorganik,1436.38
12/07/2024,Lokasi_1,Organik,991.3
17/01/2021,Lokasi_10,B3,609.79
17/01/2020,Lokasi_1,Anorganik,966.42
07/05/2021,Lokasi_12,Organik,1056.07
11/03/2025,Lokasi_11,Organik,1131.54
18/02/2024,Lokasi_17,Organik,1489.28
26/04/2020,Lokasi_4,Organik,1417.56
27/04/2024,Lokasi_7,Anorganik,896.36
29/05/2022,Lokasi_12,Anorganik,613.45
02/12/2025,Lokasi_13,Organik,714.79
23/12/2024,Lokasi_5,Organik,673.8
21/04/2024,Lokasi_6,Anorganik,856.01
06/07/2024,Lokasi_2,Anorganik,1376.49
05/10/2021,Lokasi_7,Anorganik,937.97
21/09/2023,Lokasi_14,Organik,1067.28
01/12/2020,Lokasi_14,Organik,679.17
26/05/2020,Lokasi_10,Organik,992.85
01/05/2020,Lokasi_4,Anorganik,1373.63
21/03/2020,Lokasi_3,Anorganik,1273.46
11/10/2025,Lokasi_14,Anorganik,581.19
18/05/2021,Lokasi_6,Organik,1362.07
29/10/2021,Lokasi_15,Anorganik,773.83
15/12/2023,Lokasi_8,Anorganik,1165.72
07/09/2023,Lokasi_5,Anorganik,646.38
04/04/2023,Lokasi_3,Organik,1174.64
08/06/2024,Lokasi_3,Anorganik,535.7
03/06/2025,Lokasi_13,Organik,1100.64
30/07/2024,Lokasi_2,Organik,1145.94
03/04/2021,Lokasi_1,Anorganik,744.5
27/04/2023,Lokasi_12,Anorganik,1436.98
08/04/2021,Lokasi_8,Organik,545.97
30/06/2022,Lokasi_19,Organik,1391.71
22/10/2022,Lokasi_9,Organik,881.9
12/03/2020,Lokasi_14,Anorganik,1213.91
21/12/2023,Lokasi_18,B3,1151.55
08/04/2023,Lokasi_10,Anorganik,668.25
22/01/2025,Lokasi_9,B3,819
15/07/2025,Lokasi_6,B3,1029.67
08/10/2022,Lokasi_1,Organik,1346.51
14/10/2021,Lokasi_5,Organik,1454.86
22/07/2023,Lokasi_10,Organik,520.59
07/01/2020,Lokasi_13,Anorganik,852.56
23/06/2022,Lokasi_4,Organik,1168.14
21/07/2025,Lokasi_1,B3,1027.73
07/09/2021,Lokasi_2,Anorganik,1443.02
16/02/2025,Lokasi_4,B3,516.97
08/02/2022,Lokasi_17,Organik,937.74
15/04/2024,Lokasi_10,Organik,1168.8
25/01/2024,Lokasi_12,Anorganik,717.58
11/12/2023,Lokasi_2,Anorganik,1225.87
04/02/2022,Lokasi_3,B3,581.23
18/01/2021,Lokasi_14,Anorganik,951.04
18/11/2021,Lokasi_15,Organik,1176.23
23/02/2023,Lokasi_13,Organik,766.76
16/02/2020,Lokasi_9,Anorganik,573.85
26/05/2025,Lokasi_2,Organik,1457.02
08/04/2021,Lokasi_19,Anorganik,1413.82
15/02/2025,Lokasi_16,Organik,1426.37
02/05/2020,Lokasi_11,Anorganik,1478.5
21/12/2025,Lokasi_12,Organik,684.7
30/06/2024,Lokasi_1,Organik,657.78
20/04/2022,Lokasi_2,Anorganik,534.21
04/05/2024,Lokasi_16,Organik,1391.82
08/12/2024,Lokasi_2,Organik,1252.76
23/01/2020,Lokasi_19,Anorganik,1133.26
19/07/2021,Lokasi_10,Organik,1427.68
24/03/2025,Lokasi_19,Organik,1075.08
22/08/2022,Lokasi_10,B3,629.73
22/09/2022,Lokasi_16,Anorganik,676.86
02/04/2023,Lokasi_13,Organik,632.18
29/11/2024,Lokasi_16,Organik,807.66
05/04/2022,Lokasi_18,B3,879.5
03/08/2020,Lokasi_8,Anorganik,1296.84
18/10/2021,Lokasi_18,Organik,691.25
18/01/2023,Lokasi_13,B3,1225.37
10/06/2025,Lokasi_7,B3,991.23
06/11/2020,Lokasi_18,Organik,1499.66
10/07/2021,Lokasi_6,Anorganik,1276.58
05/04/2024,Lokasi_9,Organik,1468.95
21/02/2020,Lokasi_6,Anorganik,842.35
23/09/2023,Lokasi_18,Organik,623.05
09/04/2023,Lokasi_17,Organik,1005.9
06/07/2024,Lokasi_12,Anorganik,624.24
02/11/2021,Lokasi_3,Anorganik,992.45
16/02/2022,Lokasi_5,Anorganik,769.94
11/04/2022,Lokasi_7,Anorganik,991.05
03/02/2025,Lokasi_10,Organik,1449.64
09/03/2024,Lokasi_10,Anorganik,789.03
06/09/2025,Lokasi_19,Organik,1493.43
26/05/2025,Lokasi_4,Organik,729.33
10/12/2022,Lokasi_10,Organik,708.11
12/09/2024,Lokasi_18,Anorganik,1044.79
07/07/2023,Lokasi_3,Organik,1342.04
13/08/2021,Lokasi_3,B3,1249.5
09/06/2025,Lokasi_5,Anorganik,1223.54
28/09/2022,Lokasi_16,Anorganik,782.63
12/11/2022,Lokasi_20,Organik,522.52
16/12/2025,Lokasi_13,Organik,661.75
29/01/2025,Lokasi_11,Anorganik,849.47
15/05/2021,Lokasi_13,B3,1471.68
23/04/2021,Lokasi_19,Organik,1419.78
13/05/2024,Lokasi_6,Organik,700.64
27/05/2021,Lokasi_13,Anorganik,1225.62
23/08/2021,Lokasi_4,Anorganik,1079.02
11/12/2023,Lokasi_5,Anorganik,549.84
28/01/2023,Lokasi_19,Anorganik,871.71
07/07/2020,Lokasi_5,B3,986.07
15/09/2022,Lokasi_14,Organik,1167.57
24/02/2025,Lokasi_4,Organik,794.91
22/01/2021,Lokasi_12,B3,1433.82
10/12/2024,Lokasi_6,Anorganik,951.88
26/07/2025,Lokasi_19,Anorganik,748.53
20/10/2024,Lokasi_10,B3,816.43
21/01/2021,Lokasi_1,Organik,1251.89
03/02/2024,Lokasi_16,Organik,1140.29
02/05/2022,Lokasi_4,Organik,1242.18
27/03/2021,Lokasi_9,Organik,792.34
24/10/2024,Lokasi_18,Organik,826.85
31/07/2020,Lokasi_17,Organik,896.72
10/02/2020,Lokasi_15,B3,688.59
19/02/2023,Lokasi_19,Organik,1191.04
22/08/2021,Lokasi_7,Organik,829.35
17/07/2025,Lokasi_18,Anorganik,826.24
23/07/2025,Lokasi_6,Anorganik,769.36
17/11/2024,Lokasi_19,Organik,952.83
25/01/2025,Lokasi_12,Anorganik,1271.98
14/11/2024,Lokasi_3,B3,1335.61
19/03/2025,Lokasi_1,Organik,1304.51
22/09/2025,Lokasi_5,B3,1121.19
23/05/2020,Lokasi_1,Anorganik,780.43
28/11/2020,Lokasi_8,B3,1234.86
24/09/2022,Lokasi_7,Organik,539.36
20/11/2023,Lokasi_15,Organik,1298.15
24/02/2020,Lokasi_11,Anorganik,1280.23
23/08/2023,Lokasi_18,Organik,1170
17/12/2023,Lokasi_14,Organik,597.93
11/12/2023,Lokasi_9,Anorganik,1497.34
29/09/2024,Lokasi_5,Anorganik,1256.41
21/08/2024,Lokasi_4,B3,1234.81
20/03/2020,Lokasi_12,Anorganik,564.01
11/09/2022,Lokasi_1,Anorganik,898.71
14/05/2022,Lokasi_13,Anorganik,586.17
06/05/2024,Lokasi_1,B3,861.04
16/04/2021,Lokasi_3,Organik,1070.49
22/10/2025,Lokasi_8,Anorganik,1378.87
25/04/2024,Lokasi_18,Organik,782.94
11/02/2024,Lokasi_16,Organik,1123.41
11/08/2021,Lokasi_20,Anorganik,664.65
11/11/2023,Lokasi_20,Anorganik,853.96
20/03/2025,Lokasi_16,Anorganik,1447.24
17/07/2021,Lokasi_2,Organik,1247.64
11/04/2021,Lokasi_17,Organik,1045.81
21/08/2021,Lokasi_10,Organik,751.7
02/07/2024,Lokasi_7,Organik,879.71
18/09/2022,Lokasi_10,Anorganik,656.69
16/04/2025,Lokasi_19,Anorganik,853.47
23/05/2024,Lokasi_20,Anorganik,650.63
07/03/2020,Lokasi_9,Anorganik,1295.31
14/04/2021,Lokasi_17,Anorganik,580.76
20/09/2024,Lokasi_9,Organik,689.41
19/06/2024,Lokasi_9,Anorganik,1191.17
13/02/2022,Lokasi_5,Organik,1402.52
10/02/2023,Lokasi_7,Organik,1464.59
04/07/2025,Lokasi_11,Anorganik,1336.02
26/01/2024,Lokasi_8,Organik,711.47
11/05/2020,Lokasi_14,Organik,785.71
18/07/2022,Lokasi_2,Organik,1370.75
17/07/2022,Lokasi_10,Organik,1389.33
08/12/2025,Lokasi_16,Organik,1140.65
05/05/2023,Lokasi_16,Organik,813.64
14/02/2024,Lokasi_19,Anorganik,724.06
25/09/2021,Lokasi_11,Organik,1352.28
28/11/2022,Lokasi_6,B3,705.25
30/03/2023,Lokasi_6,Organik,1161.8
15/10/2020,Lokasi_7,Anorganik,1467.95
16/12/2024,Lokasi_16,Organik,1205.29
11/06/2021,Lokasi_13,B3,757.67
05/07/2022,Lokasi_3,Anorganik,782.51
04/09/2024,Lokasi_9,Organik,592.89
07/11/2023,Lokasi_3,Anorganik,1186.24
26/05/2023,Lokasi_6,Anorganik,1018.44
15/01/2023,Lokasi_17,Anorganik,706.47
09/03/2022,Lokasi_3,Anorganik,727.67
03/03/2024,Lokasi_2,Anorganik,509.02
12/01/2020,Lokasi_12,Organik,1478.42
12/04/2022,Lokasi_6,Organik,1328.02
26/05/2023,Lokasi_10,Anorganik,894.17
30/07/2024,Lokasi_11,B3,1446.09
23/11/2025,Lokasi_16,Anorganik,1177.12
21/11/2021,Lokasi_16,Organik,1251.46
11/06/2021,Lokasi_18,Anorganik,1179.96
04/02/2024,Lokasi_9,Anorganik,1256.85
11/06/2022,Lokasi_19,Organik,670.94
21/01/2021,Lokasi_2,Organik,1062.4
03/06/2023,Lokasi_1,Organik,1349.38
12/11/2024,Lokasi_16,Organik,519.54
11/02/2021,Lokasi_18,Organik,623.44
03/08/2024,Lokasi_3,Anorganik,745.64
16/06/2022,Lokasi_1,Organik,794.73
11/12/2021,Lokasi_6,Organik,682.7
09/08/2024,Lokasi_19,Anorganik,1124.33
06/07/2022,Lokasi_19,Anorganik,794.02
20/02/2021,Lokasi_11,Anorganik,658.1
19/02/2021,Lokasi_8,Anorganik,1405.83
11/01/2024,Lokasi_5,Organik,1195.03
15/03/2024,Lokasi_20,Organik,746.06
25/03/2020,Lokasi_9,Organik,860.95
15/06/2020,Lokasi_15,B3,1240.79
31/12/2022,Lokasi_14,Anorganik,1290.91
20/03/2022,Lokasi_4,Anorganik,676.44
24/03/2024,Lokasi_8,Organik,1436.58
21/12/2024,Lokasi_20,Organik,1285.27
19/09/2022,Lokasi_17,Organik,1356.81
05/07/2023,Lokasi_2,Organik,643.86
01/10/2020,Lokasi_20,Organik,643.37
08/11/2024,Lokasi_16,Organik,805.37
22/10/2024,Lokasi_10,Organik,564.65
10/06/2022,Lokasi_2,Organik,591.07
29/03/2020,Lokasi_11,Anorganik,643.21
08/12/2021,Lokasi_10,Organik,1212.43
21/01/2021,Lokasi_19,Anorganik,530.23
04/11/2025,Lokasi_14,B3,583.24
16/02/2025,Lokasi_11,Anorganik,1444.18
23/03/2023,Lokasi_9,Organik,583.66
15/03/2021,Lokasi_7,B3,1037.46
03/09/2022,Lokasi_15,Anorganik,1142.57
04/01/2022,Lokasi_20,Organik,1458.59
24/09/2021,Lokasi_17,Anorganik,1399.8
19/09/2022,Lokasi_3,Anorganik,940.68
21/06/2020,Lokasi_15,B3,1442.16
04/01/2020,Lokasi_14,Anorganik,932.27
21/07/2024,Lokasi_8,Organik,1169.92
08/07/2025,Lokasi_4,Anorganik,759.61
04/02/2024,Lokasi_10,Organik,1136.64
26/11/2022,Lokasi_2,Organik,1038.19
20/11/2022,Lokasi_14,Organik,1106.83
15/01/2021,Lokasi_8,B3,1182.65
15/07/2023,Lokasi_10,Anorganik,673.46
11/05/2024,Lokasi_18,Organik,801.26
14/06/2020,Lokasi_15,Organik,1236.24
08/11/2022,Lokasi_5,Anorganik,663.82
09/07/2024,Lokasi_13,Organik,844.24
22/04/2023,Lokasi_18,Organik,1166.48
28/06/2021,Lokasi_2,Organik,1437.65
06/04/2020,Lokasi_13,Anorganik,575.3
25/07/2023,Lokasi_14,Anorganik,1016.56
18/08/2025,Lokasi_10,Anorganik,581.91
01/04/2021,Lokasi_4,Anorganik,879.13
23/12/2024,Lokasi_15,Anorganik,675.39
29/09/2020,Lokasi_8,Organik,1149.44
28/10/2022,Lokasi_15,Organik,1257.83
26/07/2020,Lokasi_14,Organik,747.34
21/04/2025,Lokasi_9,Organik,1212.89
18/07/2024,Lokasi_20,Anorganik,946.82
20/02/2023,Lokasi_3,Anorganik,783.58
22/11/2022,Lokasi_15,Organik,1023.4
16/03/2024,Lokasi_17,Organik,879.65
22/07/2020,Lokasi_16,Organik,730
06/01/2025,Lokasi_4,Organik,1256.84
18/03/2021,Lokasi_11,Anorganik,1297.52
19/11/2021,Lokasi_8,Organik,1300.31
12/04/2022,Lokasi_3,Organik,882.14
01/01/2024,Lokasi_19,Anorganik,669.53
05/03/2023,Lokasi_14,Organik,1340.41
21/01/2021,Lokasi_9,Anorganik,829.26
03/08/2025,Lokasi_3,Organik,1248.07
10/09/2023,Lokasi_4,Organik,1317.45
14/09/2024,Lokasi_4,Organik,1268.15
10/11/2021,Lokasi_11,Organik,889.81
20/11/2021,Lokasi_19,Organik,1438.02
17/04/2024,Lokasi_16,B3,1160.16
15/03/2023,Lokasi_17,Organik,1075.75
11/06/2022,Lokasi_10,Organik,1197.91
10/08/2022,Lokasi_17,Anorganik,544.73
08/06/2023,Lokasi_16,Organik,890.51
22/02/2022,Lokasi_20,Anorganik,1381.22
08/08/2025,Lokasi_6,Anorganik,661.08
14/02/2025,Lokasi_7,Anorganik,914.4
09/05/2021,Lokasi_14,Organik,905.25
16/01/2022,Lokasi_11,Organik,856.04
28/01/2025,Lokasi_12,Organik,1062.35
31/12/2025,Lokasi_14,Organik,1496.2
18/10/2021,Lokasi_5,Anorganik,755.85
25/02/2025,Lokasi_5,Organik,1204.96
01/12/2024,Lokasi_20,Organik,1257.99
24/09/2020,Lokasi_15,Organik,1084.5
28/10/2024,Lokasi_1,Organik,597.48
11/09/2025,Lokasi_9,Anorganik,1072.37
11/01/2021,Lokasi_3,Organik,1453.46
04/05/2024,Lokasi_4,Organik,842.06
03/01/2024,Lokasi_16,B3,1139.69
03/05/2021,Lokasi_7,Anorganik,1459.4
22/12/2021,Lokasi_14,Organik,1297.99
03/08/2022,Lokasi_16,Organik,1188.31
17/09/2025,Lokasi_18,Anorganik,1471.15
23/06/2024,Lokasi_16,Organik,670.58
06/11/2022,Lokasi_16,Organik,1272.75
15/10/2025,Lokasi_2,Organik,906.84
04/08/2024,Lokasi_10,Anorganik,860.43
25/09/2022,Lokasi_7,Anorganik,1020.67
12/11/2024,Lokasi_15,Anorganik,533.75
14/08/2022,Lokasi_9,Anorganik,812.53
08/05/2024,Lokasi_7,Organik,666.22
07/03/2023,Lokasi_16,Organik,638.69
11/02/2025,Lokasi_3,Organik,837.34
06/07/2021,Lokasi_17,Organik,1302.26
21/06/2024,Lokasi_8,Organik,701.11
25/11/2021,Lokasi_2,Organik,1031.42
12/11/2020,Lokasi_20,Anorganik,1248.66
06/02/2022,Lokasi_3,Organik,740.97
25/05/2025,Lokasi_8,Anorganik,1424.2
12/02/2024,Lokasi_2,Organik,1366.5
02/05/2020,Lokasi_19,Organik,751.18
11/02/2025,Lokasi_17,Organik,1489.64
29/07/2024,Lokasi_5,Organik,1169.17
18/12/2022,Lokasi_20,Organik,786.1
24/09/2024,Lokasi_17,Organik,1181.04
19/06/2025,Lokasi_10,Anorganik,1166.25
12/11/2025,Lokasi_9,Anorganik,1106.19
22/02/2023,Lokasi_6,B3,1211.7
19/09/2025,Lokasi_11,Anorganik,768.32
29/03/2025,Lokasi_2,Organik,1478.99
10/09/2020,Lokasi_12,Organik,1357.9
07/01/2020,Lokasi_12,Organik,1245.74
17/10/2025,Lokasi_16,Organik,526.3
25/06/2021,Lokasi_12,Organik,1090.39
29/03/2020,Lokasi_18,Organik,1206.48
22/04/2025,Lokasi_13,Organik,1354.1
31/07/2020,Lokasi_15,Anorganik,1446.16
22/09/2020,Lokasi_16,Organik,1415.85
15/05/2023,Lokasi_4,Anorganik,906.04
01/10/2022,Lokasi_12,Anorganik,1396.5
25/09/2025,Lokasi_17,Organik,500.75
13/09/2021,Lokasi_1,Organik,851.48
02/03/2021,Lokasi_18,Organik,613.88
28/07/2020,Lokasi_16,Anorganik,1383.07
06/06/2022,Lokasi_1,Organik,1427.98
14/12/2023,Lokasi_10,Anorganik,756.01
02/06/2020,Lokasi_19,B3,867.31
18/02/2021,Lokasi_16,Organik,1483.88
26/03/2023,Lokasi_14,Anorganik,1066.06
08/07/2023,Lokasi_2,Organik,997.06
07/02/2022,Lokasi_6,B3,1000.44
09/09/2022,Lokasi_5,B3,1196.19
20/02/2024,Lokasi_12,Anorganik,1454.54
01/08/2021,Lokasi_4,Organik,866.62
04/11/2022,Lokasi_4,Organik,672.66
25/06/2021,Lokasi_5,Organik,685.01
24/12/2020,Lokasi_7,Organik,520.36
29/04/2022,Lokasi_6,Organik,1055.41
02/03/2021,Lokasi_13,Organik,1429.12
30/04/2021,Lokasi_4,Organik,1213.08
05/01/2025,Lokasi_13,Organik,1492.96
12/01/2024,Lokasi_4,Organik,1409.53
07/12/2023,Lokasi_10,Organik,991.86
25/11/2020,Lokasi_20,Anorganik,986.55
21/10/2024,Lokasi_1,Organik,1128.36
16/03/2023,Lokasi_8,Organik,610.94
15/09/2020,Lokasi_7,Anorganik,1107.68
22/05/2020,Lokasi_5,Organik,964.07
09/07/2025,Lokasi_3,Organik,1142.74
18/09/2021,Lokasi_15,B3,1065.21
20/10/2023,Lokasi_17,Organik,810.4
30/03/2020,Lokasi_13,Organik,1107.76
20/12/2021,Lokasi_15,B3,866.01
25/04/2021,Lokasi_19,Anorganik,694.62
01/11/2025,Lokasi_20,Organik,1175.07
05/01/2023,Lokasi_14,B3,806.35
03/11/2021,Lokasi_13,Organik,1389.02
31/05/2021,Lokasi_12,B3,699.33
01/06/2024,Lokasi_9,Organik,1100.14
20/02/2022,Lokasi_3,Anorganik,1071.55
21/11/2025,Lokasi_11,Anorganik,697.74
28/07/2025,Lokasi_10,Organik,939.89
17/11/2021,Lokasi_1,Anorganik,1175.54
08/05/2024,Lokasi_17,Organik,818.53
18/06/2022,Lokasi_13,Anorganik,613.83
10/02/2024,Lokasi_14,B3,1115.24
10/08/2020,Lokasi_1,Anorganik,724.12
12/12/2022,Lokasi_2,Organik,1181.47
05/01/2023,Lokasi_2,Organik,1339.47
07/10/2024,Lokasi_7,Organik,623.36
17/05/2021,Lokasi_9,Organik,937.61
01/09/2023,Lokasi_4,B3,944.92
15/09/2021,Lokasi_2,Organik,1132.54
01/03/2025,Lokasi_19,Anorganik,834.41
16/11/2022,Lokasi_5,Organik,918.57
29/12/2022,Lokasi_9,Organik,511.99
08/06/2025,Lokasi_13,Organik,622.43
20/10/2023,Lokasi_12,Organik,1069.86
22/08/2023,Lokasi_19,Organik,715.9
21/02/2023,Lokasi_9,Anorganik,644.58
19/01/2020,Lokasi_10,Anorganik,824.41
04/07/2023,Lokasi_19,B3,663.54
11/11/2022,Lokasi_10,Organik,559.62
15/09/2022,Lokasi_12,Anorganik,783.86
22/04/2024,Lokasi_14,Anorganik,664.36
07/12/2022,Lokasi_8,Anorganik,1299.4
21/04/2023,Lokasi_16,Organik,562.66
29/12/2023,Lokasi_17,Anorganik,1247.44
24/11/2025,Lokasi_20,Organik,882.8
26/04/2023,Lokasi_4,Anorganik,1175.32
14/02/2022,Lokasi_6,Organik,552.69
02/02/2025,Lokasi_12,Anorganik,1420.7
09/02/2025,Lokasi_18,Anorganik,1267.38
06/03/2023,Lokasi_7,Organik,640.14
24/02/2025,Lokasi_5,Organik,718.78
15/11/2024,Lokasi_10,Organik,1144
24/08/2021,Lokasi_6,Anorganik,1421.56
13/05/2024,Lokasi_14,Organik,945.83
23/06/2021,Lokasi_6,Anorganik,985.63
31/12/2022,Lokasi_14,Organik,737.8
10/12/2024,Lokasi_12,Anorganik,883.01
24/01/2020,Lokasi_12,Anorganik,786.02
15/09/2021,Lokasi_8,Anorganik,850.57
09/01/2025,Lokasi_10,Organik,520.6
15/12/2022,Lokasi_16,Organik,541.06
12/09/2022,Lokasi_20,Organik,1180.69
10/08/2020,Lokasi_8,Organik,1181.8
27/06/2020,Lokasi_9,Anorganik,830.23
14/05/2025,Lokasi_13,Anorganik,1385.46
13/01/2024,Lokasi_20,Anorganik,766.11
03/03/2022,Lokasi_17,Anorganik,895.78
02/06/2022,Lokasi_19,Anorganik,1231.38
27/04/2023,Lokasi_17,Anorganik,1243.57
20/05/2024,Lokasi_7,Organik,1361.17
20/03/2022,Lokasi_1,Organik,529.06
18/08/2022,Lokasi_20,Organik,683.76
23/02/2021,Lokasi_14,Organik,1140.57
02/04/2023,Lokasi_17,B3,838.2
02/07/2023,Lokasi_13,Organik,543.56
11/12/2023,Lokasi_2,Anorganik,1086.47
02/09/2023,Lokasi_14,B3,893.07
07/11/2022,Lokasi_1,Organik,864.09
29/12/2022,Lokasi_5,Organik,764.36
23/09/2023,Lokasi_7,Organik,506
14/08/2021,Lokasi_19,Organik,682.36
10/06/2021,Lokasi_14,Organik,974.24
16/07/2023,Lokasi_14,Organik,775.74
12/07/2024,Lokasi_15,Anorganik,1374.39
21/03/2022,Lokasi_5,Organik,643
06/07/2020,Lokasi_5,B3,1375.34
11/05/2024,Lokasi_2,Organik,904.83
12/06/2021,Lokasi_18,Anorganik,775.84
09/03/2021,Lokasi_9,Organik,804.29
25/04/2025,Lokasi_10,Anorganik,830.07
09/12/2024,Lokasi_18,B3,1006.56
29/10/2020,Lokasi_4,Organik,853.88
27/03/2020,Lokasi_8,Anorganik,1147.21
13/03/2021,Lokasi_18,Organik,925.18
11/11/2022,Lokasi_20,Organik,1171.64
12/04/2022,Lokasi_17,Anorganik,1104.43
07/03/2022,Lokasi_16,Anorganik,744.45
13/07/2021,Lokasi_18,Organik,1312.77
31/01/2022,Lokasi_7,Organik,1298.98
25/08/2024,Lokasi_1,Anorganik,1488.98
29/01/2023,Lokasi_1,Organik,675.05
15/11/2021,Lokasi_18,Organik,1347.84
10/03/2023,Lokasi_4,Anorganik,1371.98
17/05/2020,Lokasi_20,Anorganik,1142.16
31/07/2021,Lokasi_20,Anorganik,1006.38
10/12/2021,Lokasi_4,B3,1457.26
15/08/2020,Lokasi_6,B3,1472.69
07/04/2022,Lokasi_3,Anorganik,1141.7
06/03/2021,Lokasi_6,Organik,859.56
29/11/2022,Lokasi_13,B3,1317.17
05/09/2024,Lokasi_7,Organik,589.26
13/08/2024,Lokasi_4,Anorganik,790.6
19/05/2023,Lokasi_1,Anorganik,1485.55
28/10/2020,Lokasi_6,Organik,1314.33
14/01/2023,Lokasi_5,Organik,1439.58
21/11/2023,Lokasi_13,Organik,1094.79
16/06/2021,Lokasi_19,Organik,907.67
07/02/2022,Lokasi_4,Anorganik,1479.69
22/04/2025,Lokasi_6,Anorganik,809.43
05/11/2023,Lokasi_13,B3,1257.41
19/03/2021,Lokasi_5,Organik,1058.21
16/09/2020,Lokasi_13,Organik,728.51
18/03/2024,Lokasi_10,Anorganik,517.48
24/08/2023,Lokasi_3,Organik,883.76
10/03/2020,Lokasi_13,Organik,1047.69
17/01/2024,Lokasi_12,Organik,683.19
02/01/2024,Lokasi_4,B3,914.55
22/01/2025,Lokasi_10,Anorganik,1115.19
25/04/2021,Lokasi_3,Organik,1214.92
13/03/2023,Lokasi_17,Anorganik,552.74
02/09/2025,Lokasi_9,Organik,1164.18
13/04/2023,Lokasi_1,Organik,556.67
07/03/2025,Lokasi_18,Organik,528.19
21/08/2024,Lokasi_9,Anorganik,652.41
26/02/2025,Lokasi_20,Organik,1153.64
03/10/2023,Lokasi_9,B3,552.82
08/03/2022,Lokasi_2,Organik,520.9
18/01/2020,Lokasi_19,Anorganik,617.96
13/02/2020,Lokasi_16,Organik,1449.72
03/06/2020,Lokasi_3,Anorganik,1407.28
16/05/2022,Lokasi_16,Anorganik,586.47
12/01/2022,Lokasi_13,Organik,804.01
25/01/2025,Lokasi_3,Anorganik,1447.29
26/11/2023,Lokasi_10,Organik,597.69
12/08/2020,Lokasi_18,Organik,594.6
04/08/2020,Lokasi_6,Anorganik,586
31/01/2020,Lokasi_6,Organik,1476.48
07/03/2025,Lokasi_18,Anorganik,1243.11
18/12/2022,Lokasi_6,Organik,714.48
30/03/2025,Lokasi_6,Anorganik,545.95
16/06/2022,Lokasi_13,Anorganik,1465.24
20/03/2021,Lokasi_14,Anorganik,925.49
12/06/2023,Lokasi_7,Anorganik,1098.38
04/02/2023,Lokasi_13,Anorganik,779.2
29/04/2023,Lokasi_15,Organik,1258.36
08/07/2025,Lokasi_12,Organik,696.8
20/04/2025,Lokasi_1,Anorganik,1286.91
07/01/2022,Lokasi_3,Anorganik,730.6
29/08/2024,Lokasi_18,Organik,597.91
23/05/2022,Lokasi_8,Organik,978.82
19/07/2021,Lokasi_2,Organik,1313.22
11/07/2025,Lokasi_4,B3,884.86
28/02/2025,Lokasi_18,B3,528.87
24/10/2025,Lokasi_13,Anorganik,1053.31
30/06/2021,Lokasi_15,Anorganik,1180.47
12/11/2020,Lokasi_2,Organik,1240.69
02/02/2025,Lokasi_10,Anorganik,901.92
25/01/2020,Lokasi_2,Organik,597.02
08/06/2020,Lokasi_12,B3,1084.33
11/02/2023,Lokasi_5,Organik,829.55
18/06/2022,Lokasi_12,Anorganik,1446.89
04/04/2023,Lokasi_1,Organik,1002.71
03/12/2021,Lokasi_2,Anorganik,972.27
01/01/2020,Lokasi_16,B3,809.21
06/04/2025,Lokasi_2,Anorganik,838.79
25/11/2023,Lokasi_16,Organik,1012.75
16/01/2021,Lokasi_20,Organik,806.66
07/10/2024,Lokasi_16,Anorganik,1392.3
31/12/2024,Lokasi_6,Anorganik,939.02
27/06/2023,Lokasi_13,Anorganik,792.02
28/03/2024,Lokasi_12,Organik,655.39
27/04/2024,Lokasi_10,B3,1172.35
16/06/2022,Lokasi_5,Anorganik,525.79
17/12/2021,Lokasi_8,Anorganik,950
25/01/2021,Lokasi_6,Organik,1050.12
26/08/2024,Lokasi_5,Anorganik,839.78
20/08/2020,Lokasi_20,Organik,1249.82
10/04/2025,Lokasi_6,Anorganik,1175.66
12/08/2023,Lokasi_17,Organik,1471.4
06/12/2021,Lokasi_6,Anorganik,1008.77
21/08/2020,Lokasi_17,Anorganik,1037.81
23/10/2023,Lokasi_5,Organik,745.84
09/06/2023,Lokasi_17,Anorganik,885.48
11/03/2025,Lokasi_17,Organik,526.86
08/06/2022,Lokasi_13,Organik,1189.27
14/08/2021,Lokasi_7,Anorganik,811.62
15/01/2022,Lokasi_6,B3,1040.37
15/09/2024,Lokasi_14,Anorganik,754.99
03/03/2021,Lokasi_16,Organik,1121.04
01/01/2022,Lokasi_3,Organik,947.58
10/03/2022,Lokasi_9,Anorganik,981.86
20/07/2020,Lokasi_15,B3,1442.61
15/04/2022,Lokasi_18,B3,1206.16
14/05/2020,Lokasi_10,Organik,761.9
11/07/2023,Lokasi_10,Organik,1003.92
12/10/2025,Lokasi_3,B3,966.67
10/02/2020,Lokasi_1,Organik,1295.05
01/07/2022,Lokasi_3,Anorganik,1333.36
25/09/2024,Lokasi_5,Organik,783.44
01/09/2022,Lokasi_7,Organik,1321.15
07/02/2023,Lokasi_3,Organik,679.5
30/12/2023,Lokasi_4,B3,1262.77
02/08/2025,Lokasi_17,Anorganik,748.78
31/08/2020,Lokasi_3,Organik,797.93
14/06/2020,Lokasi_4,Anorganik,1352.47
15/11/2022,Lokasi_2,Organik,920.07
06/02/2024,Lokasi_14,Organik,1490.57
28/12/2021,Lokasi_5,Anorganik,651.94
20/01/2023,Lokasi_2,Organik,963.35
27/04/2021,Lokasi_15,Anorganik,1232.45
15/05/2023,Lokasi_11,Anorganik,505.37
18/11/2025,Lokasi_10,Organik,651.86
29/05/2022,Lokasi_20,Organik,520.36
09/04/2022,Lokasi_1,Anorganik,1492.88
17/07/2025,Lokasi_19,Anorganik,1260.62
28/01/2022,Lokasi_14,Anorganik,873.56
11/06/2020,Lokasi_14,Organik,656.28
11/04/2023,Lokasi_1,Anorganik,590.38
31/07/2023,Lokasi_9,Organik,1031.91
18/06/2025,Lokasi_17,B3,1475.89
18/04/2025,Lokasi_14,Organik,1174.61
05/04/2024,Lokasi_13,Organik,865.14
02/11/2020,Lokasi_13,Organik,1000.85
24/09/2023,Lokasi_6,Anorganik,1498.9
03/10/2025,Lokasi_7,Anorganik,1018.77
28/11/2020,Lokasi_2,Organik,1464.2
14/12/2025,Lokasi_8,B3,516.36
30/08/2020,Lokasi_6,Organik,1220.96
27/02/2025,Lokasi_3,B3,1127.16
03/12/2023,Lokasi_18,B3,1185.33
29/10/2020,Lokasi_18,Anorganik,1070.57
22/08/2020,Lokasi_6,Anorganik,544.18
26/12/2025,Lokasi_11,Organik,649.56
13/07/2020,Lokasi_3,Organik,1422.25
30/03/2024,Lokasi_16,Organik,732.93
27/11/2024,Lokasi_5,Organik,1492.94
08/10/2021,Lokasi_2,Organik,1179.59
10/08/2025,Lokasi_15,Organik,944.35
14/07/2021,Lokasi_16,Anorganik,1420.05
24/01/2023,Lokasi_7,Anorganik,1294.99
13/12/2021,Lokasi_16,Organik,928.97
16/02/2021,Lokasi_4,B3,568.59
21/06/2021,Lokasi_16,Anorganik,1368.3
21/02/2025,Lokasi_17,Organik,1265.04
22/08/2020,Lokasi_2,B3,1290.73
14/11/2024,Lokasi_16,Anorganik,1244.86
08/03/2025,Lokasi_4,Anorganik,775.75
13/02/2024,Lokasi_7,Organik,1358.85
05/02/2025,Lokasi_18,Organik,502.23
06/10/2023,Lokasi_6,B3,737.28
19/02/2021,Lokasi_18,Anorganik,546.56
24/03/2025,Lokasi_7,Organik,610.6
04/07/2022,Lokasi_2,Anorganik,1032.38
21/03/2020,Lokasi_19,Organik,537.26
14/09/2025,Lokasi_9,Anorganik,681.38
26/12/2022,Lokasi_4,Organik,732.74
17/08/2024,Lokasi_14,Organik,1155.34
26/01/2022,Lokasi_5,Organik,968.82
12/04/2021,Lokasi_7,Organik,958.41
11/03/2023,Lokasi_8,Organik,1268.43
03/02/2024,Lokasi_15,Organik,956.72
02/07/2024,Lokasi_19,Anorganik,848.49
16/10/2022,Lokasi_11,Anorganik,1462.45
02/06/2024,Lokasi_20,Organik,508.29
20/06/2022,Lokasi_4,Organik,805.39
03/11/2021,Lokasi_18,Anorganik,1109.39
14/03/2021,Lokasi_14,Organik,1282.81
06/05/2020,Lokasi_6,Anorganik,1316.41
07/09/2025,Lokasi_16,Anorganik,546.07
20/03/2021,Lokasi_18,Anorganik,1209.13
23/08/2022,Lokasi_1,B3,1220.25
08/04/2021,Lokasi_8,Organik,714.08
01/07/2022,Lokasi_1,Anorganik,612.78
11/05/2021,Lokasi_1,Anorganik,1249.69
03/01/2024,Lokasi_19,Anorganik,749.5
06/11/2024,Lokasi_10,Anorganik,501.67
06/06/2020,Lokasi_18,Organik,723.57
20/06/2020,Lokasi_12,Anorganik,531.07
08/05/2021,Lokasi_17,Anorganik,749.19
27/08/2022,Lokasi_1,Anorganik,835.02
27/08/2023,Lokasi_8,Anorganik,771.4
27/11/2023,Lokasi_10,Organik,1419.94
19/08/2024,Lokasi_10,Organik,732.53
28/11/2024,Lokasi_18,Anorganik,967.53
20/10/2021,Lokasi_9,Anorganik,1457.43
27/10/2021,Lokasi_2,Organik,1379.2
01/01/2021,Lokasi_3,Organik,809.26
03/07/2021,Lokasi_2,Anorganik,826.49
04/10/2021,Lokasi_6,Anorganik,1093.33
08/03/2025,Lokasi_12,Anorganik,1417.86
11/09/2020,Lokasi_19,Organik,510
26/07/2020,Lokasi_15,Anorganik,893.12
04/04/2020,Lokasi_19,Anorganik,1349.78
26/02/2025,Lokasi_12,Anorganik,910.47
22/04/2021,Lokasi_18,Organik,1220.05
31/01/2022,Lokasi_16,Anorganik,1191.92
08/07/2020,Lokasi_2,Organik,705.46
16/02/2024,Lokasi_11,Organik,949.59
22/10/2024,Lokasi_12,Organik,1066.19
08/04/2024,Lokasi_5,Organik,1215.46
25/01/2022,Lokasi_6,Organik,1322.39
17/12/2023,Lokasi_11,B3,1259.93
15/04/2022,Lokasi_10,Organik,528.31
21/07/2024,Lokasi_4,Organik,1170.64
16/06/2024,Lokasi_9,Organik,997.32
09/01/2025,Lokasi_12,Organik,1073.86
12/05/2020,Lokasi_10,Anorganik,872.97
24/02/2020,Lokasi_14,Anorganik,1214.03
24/05/2021,Lokasi_5,Anorganik,1173.89
31/10/2021,Lokasi_1,Anorganik,1079.49
16/08/2024,Lokasi_5,Anorganik,1361.61
09/08/2023,Lokasi_16,Anorganik,601.9
03/01/2022,Lokasi_5,B3,801.02
20/08/2024,Lokasi_5,Anorganik,995.13
15/09/2020,Lokasi_18,Organik,1458.6
19/02/2023,Lokasi_6,B3,571.96
25/10/2020,Lokasi_18,Organik,837.08
14/07/2021,Lokasi_10,Organik,1425.89
27/03/2025,Lokasi_15,Organik,1397.95
07/02/2025,Lokasi_11,Anorganik,1365.25
23/10/2020,Lokasi_19,Anorganik,808.39
01/01/2024,Lokasi_13,Organik,1346.84
14/12/2025,Lokasi_20,Anorganik,1005.34
15/07/2020,Lokasi_3,Organik,1119.78
21/09/2022,Lokasi_16,Anorganik,738.82
08/11/2025,Lokasi_7,Organik,1206.67
08/01/2020,Lokasi_12,Organik,827.7
15/11/2020,Lokasi_15,B3,843.88
18/11/2023,Lokasi_8,Anorganik,1136.82
25/08/2024,Lokasi_17,B3,739.83
09/10/2025,Lokasi_1,Organik,724.44
01/01/2024,Lokasi_8,Organik,869.16
11/07/2023,Lokasi_14,Organik,1278.06
23/01/2023,Lokasi_10,Anorganik,724.68
06/07/2021,Lokasi_19,Organik,1287.32
22/10/2021,Lokasi_8,Anorganik,1195.61
16/12/2021,Lokasi_19,Anorganik,1179.08
29/12/2023,Lokasi_4,Organik,974.76
04/05/2022,Lokasi_10,B3,1245.89
26/10/2021,Lokasi_3,Organik,513.52
12/03/2025,Lokasi_4,Organik,805.61
01/08/2024,Lokasi_16,Organik,1179.14
29/09/2020,Lokasi_4,Organik,1487.3
23/03/2023,Lokasi_20,B3,502.51
26/06/2023,Lokasi_20,Organik,1009.97
05/10/2020,Lokasi_13,Anorganik,1423.84
26/03/2022,Lokasi_17,Anorganik,1363.54
02/10/2020,Lokasi_16,Anorganik,523.14
01/10/2022,Lokasi_17,Organik,1029.56
11/07/2022,Lokasi_6,B3,504.29
03/10/2021,Lokasi_3,Organik,1289.57
19/05/2021,Lokasi_20,B3,808.87
10/02/2022,Lokasi_4,Anorganik,1265.59
18/06/2023,Lokasi_8,Organik,1444.79
13/06/2023,Lokasi_20,Organik,1476.09
10/10/2022,Lokasi_9,Organik,1394.11
07/05/2020,Lokasi_1,Organik,704.14
08/05/2023,Lokasi_13,Anorganik,694.6
05/03/2024,Lokasi_2,Organik,1125.78
31/07/2024,Lokasi_10,Organik,1044.05
06/05/2021,Lokasi_19,Organik,509.53
11/06/2023,Lokasi_17,Organik,891.73
24/07/2024,Lokasi_13,Anorganik,1406.69
19/02/2021,Lokasi_14,Organik,1398.36
27/08/2022,Lokasi_11,Anorganik,703.91
07/09/2025,Lokasi_10,Anorganik,881.96
16/10/2023,Lokasi_7,Organik,1060.37
03/11/2020,Lokasi_10,Anorganik,1352.78
01/03/2020,Lokasi_1,Organik,1031.99
12/12/2025,Lokasi_14,Anorganik,1468.2
19/01/2024,Lokasi_3,Anorganik,1299.05
14/04/2025,Lokasi_13,Organik,1453.09
22/02/2024,Lokasi_2,Anorganik,1231.49
17/04/2021,Lokasi_17,Anorganik,1377.62
16/08/2022,Lokasi_3,Anorganik,1331
16/06/2021,Lokasi_15,Anorganik,753.84
08/05/2021,Lokasi_8,Anorganik,729.54
22/03/2020,Lokasi_6,Anorganik,1364.38
28/05/2022,Lokasi_9,Organik,584.68
25/03/2024,Lokasi_11,Anorganik,908.56
12/01/2020,Lokasi_2,Anorganik,1320.66
10/07/2023,Lokasi_9,Organik,1313.24
24/03/2021,Lokasi_18,Anorganik,638.78
31/01/2022,Lokasi_19,Organik,987.71
26/01/2020,Lokasi_18,Anorganik,979.83
11/12/2024,Lokasi_5,B3,823.72
17/04/2024,Lokasi_18,Anorganik,1417.18
02/03/2020,Lokasi_12,Organik,1153.12
16/08/2020,Lokasi_4,Anorganik,1480.19
12/01/2025,Lokasi_15,Organik,566.77
29/08/2021,Lokasi_11,Organik,894.35
24/11/2022,Lokasi_19,Anorganik,1335.14
24/09/2024,Lokasi_5,Anorganik,922.69
19/01/2024,Lokasi_6,B3,761.88
05/03/2024,Lokasi_13,Organik,1497.81
30/01/2022,Lokasi_10,Organik,1373.12
17/08/2021,Lokasi_14,Organik,1046.47
11/05/2024,Lokasi_4,Anorganik,1061.71
21/11/2022,Lokasi_20,Organik,506.86
28/01/2025,Lokasi_12,Anorganik,1480.99
10/08/2025,Lokasi_15,Organik,1306.3
29/12/2023,Lokasi_10,Organik,536.73
04/02/2025,Lokasi_11,Anorganik,676.33
05/03/2023,Lokasi_9,Organik,1321.03
04/05/2023,Lokasi_11,Organik,586.87
12/05/2020,Lokasi_2,Organik,1441.79
26/03/2020,Lokasi_13,B3,1499.89
08/02/2024,Lokasi_8,Organik,1386.43
04/01/2025,Lokasi_8,Anorganik,1238.9
18/04/2023,Lokasi_1,Organik,987.28
23/06/2020,Lokasi_6,Organik,582.43
29/05/2025,Lokasi_13,Anorganik,1230.45
31/07/2021,Lokasi_9,Organik,896.87
03/12/2024,Lokasi_6,Anorganik,1070.23
27/09/2025,Lokasi_15,Anorganik,793.39
24/05/2020,Lokasi_16,Anorganik,742.16
31/01/2022,Lokasi_4,Anorganik,824.3
09/10/2023,Lokasi_17,Anorganik,1313.83
30/12/2024,Lokasi_9,Organik,926.49
17/07/2022,Lokasi_12,Organik,811.71
04/03/2022,Lokasi_19,Organik,932.97
20/05/2024,Lokasi_20,Anorganik,532.29
18/07/2024,Lokasi_12,Organik,1390.6
14/11/2020,Lokasi_6,Anorganik,1051.76
15/01/2023,Lokasi_12,Anorganik,604.83
25/04/2024,Lokasi_9,Anorganik,788.41
28/11/2021,Lokasi_20,Anorganik,1483.55
26/04/2022,Lokasi_5,Anorganik,1093.06
06/12/2024,Lokasi_3,Organik,791.4
21/02/2022,Lokasi_2,Anorganik,926.35
20/09/2025,Lokasi_8,Anorganik,758.47
21/01/2023,Lokasi_10,Organik,531.8
16/10/2024,Lokasi_15,B3,1342.03
07/07/2024,Lokasi_9,Organik,792.48
18/10/2020,Lokasi_10,B3,1338.41
26/08/2022,Lokasi_11,Organik,978.56
27/01/2024,Lokasi_9,Organik,682.89
16/01/2025,Lokasi_14,Organik,1301.87
06/04/2020,Lokasi_5,Organik,877.11
23/01/2023,Lokasi_9,Anorganik,1207.73
14/03/2020,Lokasi_4,Anorganik,1337.23
21/09/2023,Lokasi_2,Organik,1462.99
27/12/2022,Lokasi_19,Organik,585.81
27/01/2022,Lokasi_1,Anorganik,508.39
25/04/2025,Lokasi_1,Anorganik,1048.42
26/07/2020,Lokasi_12,Organik,764.24
29/05/2023,Lokasi_11,Organik,969.1
09/07/2023,Lokasi_1,Organik,572.66
13/02/2021,Lokasi_14,B3,1001.59
09/02/2022,Lokasi_11,Anorganik,624.86
17/01/2025,Lokasi_7,Anorganik,1338.59
14/03/2020,Lokasi_2,Anorganik,1259.49
18/07/2024,Lokasi_15,Organik,574.07
10/09/2020,Lokasi_8,Anorganik,1336.35
30/03/2022,Lokasi_20,Anorganik,824.96
12/09/2022,Lokasi_15,Anorganik,852.86
27/11/2020,Lokasi_8,Anorganik,679.8
22/11/2023,Lokasi_10,Anorganik,1335.3
15/04/2022,Lokasi_19,Organik,904.71
18/08/2024,Lokasi_3,Organik,548.84
30/03/2021,Lokasi_20,Organik,1466.25
13/04/2025,Lokasi_14,Anorganik,755.89
12/02/2023,Lokasi_9,Organik,1436.18
08/11/2020,Lokasi_9,Organik,801.24
14/10/2022,Lokasi_6,Organik,1331.43
15/08/2020,Lokasi_8,Anorganik,1164.22
07/05/2022,Lokasi_11,Organik,1361.28
22/06/2023,Lokasi_8,Organik,1476.12
14/10/2022,Lokasi_12,Anorganik,1371.48
07/08/2022,Lokasi_10,Anorganik,903.67
02/03/2021,Lokasi_4,Anorganik,1314.5
20/09/2025,Lokasi_16,Anorganik,1211.65
09/04/2021,Lokasi_20,Anorganik,561.6
03/07/2024,Lokasi_6,Anorganik,1429.76
04/10/2020,Lokasi_9,Anorganik,965.96
19/01/2020,Lokasi_5,Organik,634.45
06/03/2020,Lokasi_6,B3,925.38
15/06/2020,Lokasi_17,Anorganik,1103.14
27/05/2024,Lokasi_17,Anorganik,1072.95
06/02/2021,Lokasi_13,Organik,1074.79
12/02/2021,Lokasi_17,Organik,755.84
29/11/2025,Lokasi_14,Organik,1132.7
19/08/2021,Lokasi_2,Organik,1407.41
28/11/2022,Lokasi_19,Organik,888.67
22/11/2025,Lokasi_3,Organik,1130.58
19/11/2020,Lokasi_2,B3,743.99
05/06/2025,Lokasi_2,Organik,548.28
08/12/2023,Lokasi_7,B3,1085.73
04/03/2021,Lokasi_4,Organik,547.55
20/12/2022,Lokasi_17,Organik,1223.58
23/06/2024,Lokasi_6,Organik,1170.35
09/10/2023,Lokasi_7,B3,869.33
27/01/2021,Lokasi_20,B3,911.29
20/03/2024,Lokasi_6,Anorganik,1417.76
21/03/2021,Lokasi_9,Organik,513.13
18/04/2023,Lokasi_20,B3,1063.3
20/10/2022,Lokasi_4,Anorganik,1423.36
07/12/2020,Lokasi_5,Anorganik,1413.99
12/05/2020,Lokasi_19,Anorganik,1084.66
02/02/2025,Lokasi_10,Organik,881.23
21/09/2020,Lokasi_18,Organik,598.9
02/04/2020,Lokasi_15,Anorganik,673.78
12/08/2024,Lokasi_1,Organik,1179.67
05/12/2023,Lokasi_5,Organik,516.63
25/12/2025,Lokasi_5,Anorganik,1383.49
16/05/2023,Lokasi_8,Anorganik,1087.93
28/09/2022,Lokasi_20,Organik,545.15
18/07/2024,Lokasi_15,B3,739.77
15/05/2024,Lokasi_17,Anorganik,1094.2
22/09/2020,Lokasi_19,Organik,535.6
07/10/2021,Lokasi_13,Organik,1279.99
10/02/2023,Lokasi_10,Anorganik,1419.92
02/11/2023,Lokasi_17,Organik,1461.22
29/03/2021,Lokasi_5,Organik,1233.66
29/03/2025,Lokasi_18,Organik,1356.83
03/01/2024,Lokasi_17,Anorganik,1110.71
25/04/2023,Lokasi_4,Organik,958.54
10/04/2022,Lokasi_7,Anorganik,1213.13
22/10/2023,Lokasi_5,Anorganik,724.18
17/01/2023,Lokasi_8,Anorganik,609.78
23/05/2025,Lokasi_8,Anorganik,1261.85
19/12/2025,Lokasi_11,Organik,1458.19
21/05/2022,Lokasi_9,Anorganik,1077.48
26/09/2021,Lokasi_19,Organik,982.54
31/10/2023,Lokasi_19,Organik,1034.4
21/11/2021,Lokasi_9,Organik,978.46
08/02/2025,Lokasi_20,Anorganik,942.2
23/11/2022,Lokasi_17,Organik,1447.04
09/05/2025,Lokasi_16,Organik,979.76
04/08/2021,Lokasi_7,Anorganik,581.1
21/10/2023,Lokasi_3,Anorganik,1265.52
22/02/2022,Lokasi_19,Organik,891.56
29/06/2020,Lokasi_8,Organik,1210.69
19/01/2020,Lokasi_5,Organik,1079.57
03/06/2023,Lokasi_6,Anorganik,1213.18
04/06/2024,Lokasi_2,Organik,561.99
30/05/2023,Lokasi_19,Anorganik,533.87
26/06/2024,Lokasi_13,Anorganik,878.54
23/02/2020,Lokasi_6,B3,1193.17
27/11/2023,Lokasi_6,Anorganik,723.68
18/03/2021,Lokasi_2,Anorganik,933.4
02/08/2021,Lokasi_5,Organik,1480.81
08/10/2020,Lokasi_11,Anorganik,714.87
02/04/2022,Lokasi_11,Organik,1347.94
27/07/2024,Lokasi_14,Organik,1325.46
02/10/2021,Lokasi_13,Anorganik,1391.35
28/10/2022,Lokasi_8,Organik,1415.14
09/07/2025,Lokasi_15,Organik,1007.32
16/07/2021,Lokasi_12,Organik,1181.93
06/12/2020,Lokasi_3,Anorganik,1118.89
16/04/2021,Lokasi_5,B3,808.95
06/09/2024,Lokasi_6,Organik,779.79
22/08/2020,Lokasi_2,Organik,841.57
11/01/2023,Lokasi_8,Organik,718.46
21/01/2023,Lokasi_5,Organik,1257.38
23/03/2025,Lokasi_17,Organik,1464.57
18/11/2023,Lokasi_2,Organik,1367.77
03/04/2022,Lokasi_11,Anorganik,717.94
15/07/2023,Lokasi_4,Organik,551.92
23/09/2021,Lokasi_11,Anorganik,1257.09
12/06/2021,Lokasi_9,Organik,890.21
03/06/2025,Lokasi_6,Organik,1324.61
09/12/2025,Lokasi_2,Anorganik,1279.24
19/08/2025,Lokasi_15,Anorganik,1125.41
01/09/2023,Lokasi_5,Organik,755.34
20/07/2023,Lokasi_12,Organik,604.04
22/08/2023,Lokasi_13,Organik,752.65
18/05/2023,Lokasi_17,Organik,1009.76
04/06/2025,Lokasi_4,Anorganik,1479.46
19/10/2024,Lokasi_10,Organik,563.69
02/05/2025,Lokasi_1,Anorganik,700.07
28/10/2025,Lokasi_11,Anorganik,1127.28
20/06/2022,Lokasi_16,Anorganik,804.36
09/06/2022,Lokasi_11,B3,1358.5
19/04/2024,Lokasi_9,Organik,639.42
29/12/2024,Lokasi_2,Anorganik,1463.16
27/08/2025,Lokasi_7,Organik,1412.37
03/04/2023,Lokasi_19,Organik,1387.53
28/03/2024,Lokasi_18,Organik,673.07
20/07/2020,Lokasi_20,Organik,829.5
10/01/2022,Lokasi_7,Organik,1304.1
01/10/2023,Lokasi_9,B3,1307.81
21/10/2023,Lokasi_12,B3,1205.18
23/06/2025,Lokasi_3,Anorganik,948.05
11/01/2024,Lokasi_16,Organik,811.59
16/03/2024,Lokasi_7,Anorganik,1462.96
14/11/2020,Lokasi_5,Organik,639.26
23/11/2022,Lokasi_7,Organik,543.75
09/03/2025,Lokasi_19,Anorganik,509.13
24/12/2021,Lokasi_17,B3,1275.03
27/08/2024,Lokasi_16,Anorganik,556.71
16/02/2021,Lokasi_19,Organik,1038.64
29/06/2023,Lokasi_18,Organik,867.29
04/02/2021,Lokasi_19,Anorganik,646.91
13/01/2025,Lokasi_4,Anorganik,1240.6
24/12/2021,Lokasi_1,Anorganik,555.01
09/02/2023,Lokasi_4,Organik,818.39
20/01/2022,Lokasi_4,Organik,1062.19
24/09/2020,Lokasi_9,Anorganik,902.42
02/09/2023,Lokasi_8,Anorganik,759.15
23/07/2021,Lokasi_2,Organik,1426
27/05/2025,Lokasi_6,Organik,1430.97
29/06/2021,Lokasi_11,Organik,916.09
30/12/2020,Lokasi_4,Organik,893.74
30/06/2021,Lokasi_14,Anorganik,807.39
27/09/2020,Lokasi_9,Organik,1355.76
08/01/2022,Lokasi_2,Anorganik,1067.92
11/06/2023,Lokasi_1,Anorganik,589.52
28/02/2020,Lokasi_4,Anorganik,1353.32
28/06/2023,Lokasi_12,Organik,1034.89
13/02/2025,Lokasi_5,Anorganik,915.59
26/03/2020,Lokasi_9,Organik,837.86
01/02/2022,Lokasi_4,Organik,599.43
24/01/2021,Lokasi_16,Organik,1456.7
18/04/2023,Lokasi_2,Organik,1241.24
19/12/2021,Lokasi_16,Anorganik,631.78
28/05/2020,Lokasi_16,B3,1011.27
05/08/2021,Lokasi_11,Anorganik,1055.58
30/04/2020,Lokasi_1,Anorganik,667.89
04/02/2022,Lokasi_15,B3,927.22
10/03/2022,Lokasi_4,Organik,1145.75
07/10/2025,Lokasi_18,Organik,784.01
18/10/2022,Lokasi_17,Anorganik,831.61
09/01/2024,Lokasi_7,Anorganik,622.03
14/01/2023,Lokasi_18,Anorganik,913.24
04/06/2023,Lokasi_13,Organik,1083.86
07/07/2024,Lokasi_20,Anorganik,616.53
20/12/2024,Lokasi_20,Anorganik,1114.78
07/09/2023,Lokasi_10,Anorganik,897.79
03/09/2023,Lokasi_1,Organik,1178.18
28/09/2024,Lokasi_2,B3,814.84
17/06/2022,Lokasi_17,Organik,1068.5
29/04/2021,Lokasi_3,Organik,1112.8
13/03/2022,Lokasi_17,Anorganik,1190.51
11/09/2024,Lokasi_12,Anorganik,1256.94
30/03/2025,Lokasi_12,Anorganik,636.35
23/10/2024,Lokasi_20,Organik,1465.24
14/12/2024,Lokasi_10,Organik,1343.65
14/12/2023,Lokasi_7,B3,1062.32
06/05/2025,Lokasi_10,Organik,1390.36
28/07/2024,Lokasi_18,Anorganik,882.43
22/01/2025,Lokasi_6,Organik,534.29
03/06/2021,Lokasi_7,Organik,1227.03
25/02/2023,Lokasi_17,Anorganik,1443.34
28/10/2023,Lokasi_12,Organik,661.85
13/10/2021,Lokasi_17,Organik,1143.87
04/05/2025,Lokasi_18,Organik,1313.43
29/07/2020,Lokasi_14,Anorganik,1405.07
08/08/2021,Lokasi_11,Anorganik,776.53
15/06/2020,Lokasi_2,Anorganik,628.73
10/06/2023,Lokasi_1,Anorganik,747.85
20/04/2023,Lokasi_11,B3,1077.72
04/10/2024,Lokasi_2,B3,1418.73
18/11/2022,Lokasi_16,B3,1082.54
14/12/2021,Lokasi_3,Anorganik,1419.62
18/11/2021,Lokasi_20,Anorganik,1270.04
25/11/2020,Lokasi_1,B3,1098.39
12/10/2024,Lokasi_20,B3,521.8
22/04/2023,Lokasi_8,Anorganik,833.08
12/11/2025,Lokasi_19,Organik,557.46
23/02/2022,Lokasi_1,Anorganik,822.24
29/07/2022,Lokasi_5,B3,562.33
12/07/2023,Lokasi_1,Anorganik,667.82
06/08/2024,Lokasi_11,Organik,910.69
17/09/2021,Lokasi_9,Anorganik,1014.88
18/05/2020,Lokasi_5,Organik,717.14
31/01/2022,Lokasi_2,Anorganik,1232.58
07/01/2025,Lokasi_13,Organik,1090.36
04/04/2024,Lokasi_18,Organik,1191.76
06/11/2021,Lokasi_12,Organik,1232.77
01/04/2020,Lokasi_14,Anorganik,1226.92
28/12/2022,Lokasi_5,Organik,1436.23
06/02/2020,Lokasi_10,Anorganik,737.22
22/11/2024,Lokasi_20,Anorganik,770.16
27/12/2025,Lokasi_2,Organik,594.2
16/04/2023,Lokasi_4,Anorganik,1092.59
10/01/2025,Lokasi_12,B3,895.19
09/03/2025,Lokasi_11,Organik,996.2
16/05/2020,Lokasi_4,Organik,669.82
21/07/2024,Lokasi_11,Anorganik,1149.06
01/05/2024,Lokasi_9,Anorganik,1119.02
29/08/2022,Lokasi_10,B3,764.78
23/10/2021,Lokasi_6,Anorganik,965.42
15/12/2024,Lokasi_15,Organik,1394.3
18/02/2021,Lokasi_10,Anorganik,1273.5
08/12/2020,Lokasi_6,Anorganik,726.94
25/05/2020,Lokasi_1,Organik,1378.85
18/11/2020,Lokasi_20,B3,567.31
09/12/2025,Lokasi_4,Anorganik,913.93
29/06/2023,Lokasi_14,Anorganik,580.12
21/02/2025,Lokasi_20,Organik,1424.21
23/08/2021,Lokasi_20,Anorganik,540.7
19/04/2021,Lokasi_8,Anorganik,651.24
24/02/2024,Lokasi_11,Anorganik,1415.04
28/07/2021,Lokasi_15,Organik,1082.16
12/12/2020,Lokasi_19,Organik,1295.19
19/02/2024,Lokasi_8,B3,516.41
16/01/2021,Lokasi_13,Anorganik,919.1
27/07/2023,Lokasi_18,Anorganik,1484.47
12/03/2020,Lokasi_17,Organik,1079.82
22/01/2023,Lokasi_6,Anorganik,1349.68
28/10/2023,Lokasi_15,Anorganik,1463.56
21/09/2023,Lokasi_13,Organik,1185.04
25/10/2021,Lokasi_18,Anorganik,827.63
24/02/2024,Lokasi_11,Organik,808.61
06/03/2025,Lokasi_13,B3,571.28
09/02/2020,Lokasi_1,Organik,927.77
14/10/2023,Lokasi_18,Anorganik,1415.39
23/07/2025,Lokasi_5,Organik,978.06
01/07/2023,Lokasi_6,Organik,1410.99
23/08/2022,Lokasi_1,Organik,1317.14
15/03/2025,Lokasi_7,B3,1484.19
01/12/2021,Lokasi_4,Organik,1447.7
25/05/2021,Lokasi_9,Organik,1206.48
07/07/2023,Lokasi_15,Anorganik,1371.22
06/08/2021,Lokasi_6,B3,1248.08
10/09/2022,Lokasi_17,Organik,1203.39
03/04/2021,Lokasi_20,Organik,1215.56
20/03/2025,Lokasi_18,Anorganik,1221.04
05/10/2025,Lokasi_4,Organik,879.42
26/03/2022,Lokasi_9,Anorganik,923.56
03/09/2020,Lokasi_14,B3,794.07
30/12/2021,Lokasi_3,B3,648.26
20/02/2021,Lokasi_1,Anorganik,958.44
20/11/2022,Lokasi_11,Organik,1399.95
02/01/2021,Lokasi_1,Anorganik,1151.26
17/04/2020,Lokasi_12,Anorganik,556.18
18/04/2022,Lokasi_9,Anorganik,1311.2
21/02/2021,Lokasi_5,Anorganik,1435.4
01/07/2024,Lokasi_15,Anorganik,1329.42
31/03/2022,Lokasi_18,Anorganik,1227.54
22/11/2023,Lokasi_9,Organik,650.12
13/11/2021,Lokasi_13,Anorganik,849
12/09/2020,Lokasi_13,Organik,1065.29
17/04/2022,Lokasi_13,Organik,576.86
06/07/2021,Lokasi_10,Organik,606.27
29/06/2020,Lokasi_10,B3,1434.25
05/06/2020,Lokasi_7,Anorganik,1202.69
17/01/2024,Lokasi_5,Anorganik,775.09
24/07/2021,Lokasi_20,Anorganik,827.36
06/05/2022,Lokasi_7,Organik,884.43
19/11/2024,Lokasi_20,Anorganik,575.07
23/09/2024,Lokasi_10,Organik,1239.18
13/11/2022,Lokasi_10,Organik,676.83
05/02/2024,Lokasi_13,Organik,1305.12
24/11/2023,Lokasi_15,Anorganik,1345.87
14/08/2021,Lokasi_6,Anorganik,1138.43
21/12/2025,Lokasi_20,Anorganik,1269.85
24/02/2021,Lokasi_12,Organik,671.84
13/12/2020,Lokasi_19,Anorganik,1075.94
14/06/2020,Lokasi_11,B3,1176.8
25/07/2022,Lokasi_6,Organik,1161.56
13/12/2020,Lokasi_1,Anorganik,617.29
01/02/2021,Lokasi_2,Anorganik,844.38
05/08/2021,Lokasi_15,Organik,825.04
19/05/2024,Lokasi_4,Organik,1072.53
03/11/2020,Lokasi_5,B3,1265.24
08/04/2020,Lokasi_15,Anorganik,1070.59
19/06/2023,Lokasi_11,Organik,1254.83
06/06/2020,Lokasi_10,Anorganik,598.97
07/07/2021,Lokasi_17,Anorganik,1378.14
12/10/2021,Lokasi_2,Organik,1036.62
04/12/2022,Lokasi_20,B3,537.5
04/02/2024,Lokasi_10,Anorganik,1143.21
21/02/2025,Lokasi_20,Anorganik,1017.35
03/01/2022,Lokasi_3,Organik,720.37
04/05/2025,Lokasi_19,Organik,1264.43
01/04/2020,Lokasi_5,Organik,1433.57
15/06/2024,Lokasi_3,Anorganik,822.68
30/04/2023,Lokasi_8,B3,993.92
05/01/2023,Lokasi_5,B3,628.17
28/07/2023,Lokasi_12,Organik,1429.8
19/10/2023,Lokasi_14,Organik,818.8
27/06/2020,Lokasi_7,Organik,694.78
06/10/2020,Lokasi_11,Anorganik,978.43
08/11/2022,Lokasi_8,Anorganik,543.28
06/06/2024,Lokasi_5,Organik,752.84
05/01/2021,Lokasi_8,B3,567.66
05/12/2024,Lokasi_12,Organik,627.37
30/08/2024,Lokasi_15,Anorganik,612.16
30/10/2020,Lokasi_19,Anorganik,1372.42
10/09/2023,Lokasi_16,Organik,1430.43
31/12/2023,Lokasi_14,Organik,974.52
08/04/2023,Lokasi_7,Anorganik,1130.42
23/08/2025,Lokasi_8,Organik,1195.9
30/10/2021,Lokasi_7,Anorganik,891.31
14/05/2021,Lokasi_18,B3,870.21
15/11/2023,Lokasi_6,Organik,1175.57
21/04/2024,Lokasi_19,B3,876.71
13/06/2021,Lokasi_4,Anorganik,1081.01
29/06/2025,Lokasi_3,Organik,1015.19
04/05/2023,Lokasi_17,Organik,1024.46
24/01/2022,Lokasi_19,Anorganik,1329.36
25/03/2022,Lokasi_15,Organik,1204.06
27/12/2021,Lokasi_6,B3,1460.68
31/12/2021,Lokasi_12,Organik,1290.98
07/04/2022,Lokasi_19,Anorganik,645.79
24/08/2023,Lokasi_6,B3,1238.48
08/08/2025,Lokasi_11,Anorganik,1165.65
24/05/2022,Lokasi_20,Organik,1146.04
18/12/2025,Lokasi_20,Organik,980.74
26/06/2025,Lokasi_10,Organik,562.46
04/08/2024,Lokasi_16,Organik,1451.48
30/08/2021,Lokasi_18,Anorganik,1351.92
04/09/2025,Lokasi_14,B3,986.81
17/01/2024,Lokasi_4,Anorganik,658.58
26/09/2021,Lokasi_12,Organik,1324.47
24/04/2023,Lokasi_20,Anorganik,930.67
28/04/2021,Lokasi_8,Anorganik,890.11
10/12/2022,Lokasi_7,Organik,1165.38
29/03/2025,Lokasi_9,Organik,1258.68
14/08/2025,Lokasi_17,Anorganik,562.84
11/08/2021,Lokasi_10,Anorganik,1267.56
13/05/2023,Lokasi_3,Organik,1233.94
27/05/2025,Lokasi_8,Organik,1089.21
20/08/2025,Lokasi_14,Anorganik,838.42
06/08/2022,Lokasi_7,Organik,664.8
17/08/2025,Lokasi_16,Anorganik,602.65
10/09/2025,Lokasi_18,Anorganik,501.18
30/06/2025,Lokasi_11,Organik,706.46
07/10/2024,Lokasi_6,Organik,911.34
21/01/2021,Lokasi_20,Anorganik,743.64
05/06/2023,Lokasi_14,Organik,808.98
25/11/2024,Lokasi_13,Organik,890.45
07/02/2024,Lokasi_4,Organik,808.26
25/07/2020,Lokasi_20,Organik,1224.62
23/12/2024,Lokasi_20,Anorganik,991.73
15/11/2024,Lokasi_11,Organik,519.33
03/03/2022,Lokasi_18,Organik,726.67
20/09/2024,Lokasi_1,Anorganik,1209.66
02/10/2022,Lokasi_12,Anorganik,800.93
30/07/2022,Lokasi_18,Organik,1420.14
11/03/2023,Lokasi_7,Organik,1212.66
04/08/2024,Lokasi_12,Organik,789.93
24/03/2021,Lokasi_1,Organik,1016.41
14/08/2021,Lokasi_4,Organik,1167.24
22/03/2020,Lokasi_18,Organik,693.37
22/12/2025,Lokasi_15,Anorganik,746.19
07/11/2023,Lokasi_3,Anorganik,1007.12
20/01/2024,Lokasi_7,B3,1424.89
15/12/2022,Lokasi_6,B3,844.01
22/02/2021,Lokasi_15,Organik,902.13
28/03/2020,Lokasi_15,Anorganik,690.62
02/08/2020,Lokasi_6,Organik,1093.21
24/10/2024,Lokasi_8,Organik,1240.15
29/02/2024,Lokasi_8,Organik,940.64
13/09/2024,Lokasi_1,Organik,1250.25
10/02/2024,Lokasi_13,Anorganik,802.6
04/11/2020,Lokasi_13,Anorganik,1206.98
18/08/2020,Lokasi_11,Organik,758.34
03/06/2020,Lokasi_4,B3,1280.65
13/04/2023,Lokasi_7,Organik,1330.64
24/04/2020,Lokasi_12,Organik,1297.72
14/11/2023,Lokasi_13,Anorganik,715.47
06/11/2020,Lokasi_12,Anorganik,1194.25
19/09/2022,Lokasi_16,Anorganik,1038.54
07/11/2022,Lokasi_6,Organik,1486.04
12/01/2020,Lokasi_14,Organik,861.58
28/11/2023,Lokasi_19,Organik,1271.25
06/07/2025,Lokasi_16,B3,870.08
30/12/2021,Lokasi_4,Organik,896.86
25/07/2023,Lokasi_5,Anorganik,610.99
08/10/2023,Lokasi_9,Anorganik,739.66
29/07/2025,Lokasi_3,Anorganik,664.48
24/06/2021,Lokasi_10,Organik,659.2
17/03/2020,Lokasi_17,Organik,509.02
24/01/2020,Lokasi_19,Organik,1293.78
04/11/2022,Lokasi_10,Organik,967.93
06/11/2021,Lokasi_12,Anorganik,1304.17
20/06/2020,Lokasi_7,Organik,1112.55
07/03/2025,Lokasi_18,Organik,1331.34
03/05/2021,Lokasi_19,Anorganik,1003.77
25/01/2024,Lokasi_15,Anorganik,594.04
26/01/2022,Lokasi_7,Organik,1116.76
03/06/2020,Lokasi_12,Anorganik,1177.76
13/09/2020,Lokasi_7,Organik,1126.5
14/11/2024,Lokasi_10,Anorganik,1301.34
04/11/2021,Lokasi_20,Anorganik,1231.5
16/10/2025,Lokasi_10,Anorganik,932.63
03/11/2021,Lokasi_5,Organik,1319.1
12/01/2024,Lokasi_18,Anorganik,1191.79
15/09/2020,Lokasi_9,Organik,620.37
02/11/2020,Lokasi_16,Anorganik,1039.87
23/01/2023,Lokasi_7,Anorganik,1228.56
02/09/2020,Lokasi_10,Anorganik,1053.29
16/07/2024,Lokasi_5,Anorganik,1449.03
05/07/2020,Lokasi_7,Organik,601.49
02/12/2024,Lokasi_5,Organik,1222.32
13/07/2022,Lokasi_15,Anorganik,1324.45
23/02/2022,Lokasi_19,Anorganik,1202.65
14/05/2024,Lokasi_10,B3,885.59
22/09/2023,Lokasi_8,Organik,885.48
06/12/2020,Lokasi_9,Organik,1086.57
16/07/2021,Lokasi_11,Anorganik,897.1
12/10/2021,Lokasi_2,Anorganik,1383.18
08/04/2023,Lokasi_3,Organik,609.93
09/03/2020,Lokasi_13,Anorganik,1139.16
02/05/2024,Lokasi_11,Organik,634.11
05/10/2025,Lokasi_10,Anorganik,1040.16
24/07/2023,Lokasi_15,Anorganik,1215.58
27/01/2023,Lokasi_6,Anorganik,665.51
04/07/2022,Lokasi_1,Organik,1204.03
05/04/2021,Lokasi_14,Organik,639.98
23/04/2022,Lokasi_18,Anorganik,1120.55
27/07/2021,Lokasi_11,Anorganik,1005.55
28/04/2020,Lokasi_8,Organik,798.07
07/10/2021,Lokasi_3,Anorganik,611.55
18/01/2024,Lokasi_14,Organik,1235.85
04/09/2025,Lokasi_2,Organik,881.81
22/02/2024,Lokasi_16,Anorganik,586.53
24/07/2025,Lokasi_6,Anorganik,1272.79
28/10/2022,Lokasi_1,Organik,732.89
26/08/2022,Lokasi_14,Anorganik,1236.45
03/07/2025,Lokasi_10,Anorganik,1064.9
19/03/2024,Lokasi_6,Anorganik,694.53
20/02/2024,Lokasi_9,Organik,576.41
14/11/2022,Lokasi_7,B3,1093.25
16/10/2021,Lokasi_2,Organik,525.21
08/05/2025,Lokasi_11,Anorganik,565.46
08/07/2021,Lokasi_14,Organik,1202.22
28/02/2021,Lokasi_5,Anorganik,1038.87
19/10/2020,Lokasi_9,Anorganik,826.3
23/04/2023,Lokasi_7,Organik,1039.23
06/03/2021,Lokasi_14,Organik,1091.65
12/11/2020,Lokasi_16,Anorganik,1065.29
01/02/2021,Lokasi_16,B3,1142.55
09/09/2023,Lokasi_7,Anorganik,1440.29
07/05/2024,Lokasi_10,Organik,888.78
18/08/2021,Lokasi_6,Organik,801.15
24/10/2025,Lokasi_17,Anorganik,538.43
27/04/2025,Lokasi_1,Anorganik,647.07
04/07/2022,Lokasi_2,Anorganik,606.25
09/06/2023,Lokasi_14,B3,835.44
02/09/2022,Lokasi_4,Organik,1109.99
11/12/2022,Lokasi_9,Anorganik,546.33
29/05/2023,Lokasi_6,Organik,1227.67
22/12/2023,Lokasi_17,Organik,897.43
12/03/2023,Lokasi_11,Anorganik,1463.5
21/07/2025,Lokasi_4,Organik,1068.38
28/12/2020,Lokasi_9,Organik,1271.36
21/08/2020,Lokasi_16,Anorganik,1361.18
27/09/2024,Lokasi_3,Organik,1388.85
27/01/2020,Lokasi_4,Anorganik,1018.46
03/02/2024,Lokasi_3,Organik,896.74
02/04/2020,Lokasi_13,Anorganik,1060.51
04/11/2020,Lokasi_19,Anorganik,902.07
21/02/2020,Lokasi_1,B3,740.71
14/11/2020,Lokasi_6,Organik,823.92
15/06/2025,Lokasi_3,Anorganik,732.77
29/06/2020,Lokasi_3,Organik,769.44
11/05/2024,Lokasi_16,Organik,593.61
08/10/2021,Lokasi_10,Anorganik,926.46
15/05/2025,Lokasi_17,Organik,735.28
07/07/2023,Lokasi_7,Organik,948.37
17/07/2025,Lokasi_13,Organik,1292.2
01/12/2020,Lokasi_11,Organik,948.31
25/04/2024,Lokasi_10,Organik,1454.61
05/03/2024,Lokasi_7,B3,647.84
16/09/2022,Lokasi_6,Organik,1350.26
02/07/2023,Lokasi_1,Anorganik,748.26
28/05/2021,Lokasi_17,B3,1433.93
22/07/2025,Lokasi_12,Anorganik,727.15
29/08/2020,Lokasi_4,Organik,1246.96
29/09/2024,Lokasi_3,Organik,562.12
29/10/2021,Lokasi_6,Organik,1129.81
16/08/2021,Lokasi_16,Anorganik,718.67
18/12/2025,Lokasi_13,B3,1170.17
12/09/2020,Lokasi_9,Anorganik,1135.83
11/02/2024,Lokasi_11,Anorganik,1423.7
14/07/2021,Lokasi_20,Organik,1126.68
11/10/2025,Lokasi_13,Anorganik,908.25
27/08/2023,Lokasi_19,Organik,693.57
10/02/2021,Lokasi_3,Anorganik,1157.45
03/02/2025,Lokasi_12,B3,616.37
24/08/2025,Lokasi_19,B3,1328.52
06/09/2024,Lokasi_8,Organik,747.33
15/09/2020,Lokasi_14,Organik,1024.16
23/12/2021,Lokasi_9,Organik,1095.95
06/07/2023,Lokasi_17,Anorganik,862.49
05/09/2021,Lokasi_6,Anorganik,1163.87
21/08/2024,Lokasi_4,Organik,750.22
01/06/2025,Lokasi_4,Organik,534.62
23/03/2022,Lokasi_19,Organik,1459.27
21/11/2024,Lokasi_12,Organik,820.05
26/11/2020,Lokasi_2,Anorganik,1213.46
01/05/2023,Lokasi_17,Anorganik,1007.53
24/03/2024,Lokasi_15,Anorganik,1169
29/10/2023,Lokasi_10,Organik,610.94
21/01/2021,Lokasi_3,Organik,1018.85
27/02/2024,Lokasi_20,Organik,892.22
22/12/2024,Lokasi_4,Organik,951.85
22/12/2024,Lokasi_1,Anorganik,1466.21
19/12/2024,Lokasi_1,Anorganik,636.29
24/02/2024,Lokasi_18,Anorganik,1254.7
25/05/2023,Lokasi_4,Anorganik,830.34
15/11/2020,Lokasi_15,Anorganik,790.36
02/02/2021,Lokasi_10,Anorganik,770.78
29/03/2025,Lokasi_17,Organik,848.78
14/04/2020,Lokasi_12,Organik,857.12
26/11/2021,Lokasi_20,Anorganik,770.75
25/11/2020,Lokasi_12,Organik,1167.49
21/10/2021,Lokasi_16,Anorganik,547.72
31/03/2022,Lokasi_5,Organik,832.29
26/05/2025,Lokasi_16,Anorganik,780.21
28/11/2024,Lokasi_17,B3,1251.42
06/04/2021,Lokasi_15,Anorganik,646.5
26/05/2024,Lokasi_13,Organik,1440.69
02/08/2024,Lokasi_8,Organik,670.52
05/09/2025,Lokasi_2,Organik,870.03
27/09/2020,Lokasi_8,B3,699.7
19/01/2021,Lokasi_10,Anorganik,786.7
29/02/2020,Lokasi_7,Anorganik,1261.02
04/02/2023,Lokasi_10,Anorganik,976.4
07/08/2020,Lokasi_4,Organik,662.58
04/01/2024,Lokasi_11,Anorganik,546.63
21/03/2025,Lokasi_9,Anorganik,729.92
14/05/2024,Lokasi_4,Organik,1445.6
05/04/2020,Lokasi_3,Organik,1345.32
15/09/2022,Lokasi_11,Anorganik,940.17
17/01/2023,Lokasi_3,Organik,982
29/04/2025,Lokasi_18,Anorganik,1399.37
25/08/2022,Lokasi_19,Anorganik,1091.35
02/09/2020,Lokasi_14,Organik,1380.77
28/11/2025,Lokasi_11,Organik,991.84
21/08/2020,Lokasi_2,Organik,700.1
25/02/2023,Lokasi_2,Organik,1225.93
14/06/2023,Lokasi_2,Anorganik,1026.39
13/03/2022,Lokasi_10,Organik,1168.44
18/11/2023,Lokasi_15,B3,657.23
16/10/2021,Lokasi_12,Anorganik,1147.6
20/04/2020,Lokasi_11,Organik,882.26
30/03/2020,Lokasi_17,Organik,832
01/02/2022,Lokasi_18,Anorganik,1171.48
27/07/2023,Lokasi_14,Organik,1092.24
18/09/2023,Lokasi_17,Organik,1149.11
19/12/2025,Lokasi_15,Anorganik,1465.33
02/11/2022,Lokasi_12,Anorganik,1201.2
04/01/2024,Lokasi_16,B3,1140.9
07/04/2020,Lokasi_6,Anorganik,1113.55
17/02/2023,Lokasi_2,Organik,898.71
19/10/2020,Lokasi_2,Organik,1339.19
13/01/2025,Lokasi_16,Anorganik,880.94
30/09/2024,Lokasi_2,B3,1200.24
21/10/2022,Lokasi_8,Organik,793.14
13/10/2021,Lokasi_7,Organik,647.76
22/09/2025,Lokasi_1,Organik,629.76
21/03/2025,Lokasi_4,Organik,1134.56
17/09/2024,Lokasi_11,B3,827.95
03/12/2022,Lokasi_20,Anorganik,775.05
21/12/2024,Lokasi_7,Organik,1092.06
09/09/2020,Lokasi_18,Anorganik,525.67
11/05/2020,Lokasi_4,Anorganik,746.23
22/03/2025,Lokasi_17,Anorganik,840.55
25/03/2025,Lokasi_11,Organik,1208.37
06/08/2024,Lokasi_11,B3,1045
06/02/2023,Lokasi_20,Organik,1355.99
24/11/2022,Lokasi_11,Organik,834.51
09/04/2025,Lokasi_15,Organik,796.44
05/07/2020,Lokasi_14,Organik,533.2
06/08/2022,Lokasi_17,Organik,1451.72
20/09/2020,Lokasi_2,B3,1001.49
20/06/2025,Lokasi_18,Anorganik,1002.52
05/06/2021,Lokasi_16,Anorganik,1423.44
13/04/2024,Lokasi_12,Anorganik,789.92
21/02/2022,Lokasi_10,Anorganik,832.11
18/06/2021,Lokasi_16,Organik,1156.35
28/07/2020,Lokasi_3,B3,1285.18
24/09/2025,Lokasi_8,Organik,1199.31
12/04/2024,Lokasi_2,Organik,1288.72
26/01/2020,Lokasi_1,Anorganik,1075.11
23/06/2020,Lokasi_14,Organik,1362.82
19/03/2024,Lokasi_4,Anorganik,1050.11
27/08/2023,Lokasi_4,Organik,729.34
17/11/2020,Lokasi_9,Organik,1041.7
21/05/2024,Lokasi_3,Organik,1212.94
04/03/2023,Lokasi_5,Organik,1153.58
24/02/2020,Lokasi_1,Organik,743.02
15/04/2024,Lokasi_19,Anorganik,541.08
28/05/2024,Lokasi_1,Organik,752.48
15/02/2025,Lokasi_10,B3,1484.04
17/02/2024,Lokasi_12,B3,684.47
29/08/2025,Lokasi_10,Anorganik,964.37
28/11/2020,Lokasi_2,Organik,1138.35
27/04/2024,Lokasi_16,Anorganik,1379.47
25/06/2022,Lokasi_8,Anorganik,1260.26
29/06/2022,Lokasi_14,Organik,1408.95
04/02/2021,Lokasi_15,Organik,1104.38
07/08/2022,Lokasi_16,Organik,1365.32
22/08/2023,Lokasi_11,Anorganik,763.84
06/09/2025,Lokasi_12,B3,930.56
25/03/2025,Lokasi_2,Organik,1343.77
10/04/2020,Lokasi_4,Organik,825.56
04/07/2021,Lokasi_3,Organik,1371.22
01/09/2024,Lokasi_9,B3,863.12
18/12/2020,Lokasi_18,B3,863.39
15/10/2022,Lokasi_19,Organik,809.03
25/03/2023,Lokasi_7,Organik,1046.94
02/01/2023,Lokasi_4,Organik,629.07
06/09/2022,Lokasi_6,Anorganik,536.6
17/09/2023,Lokasi_19,Anorganik,1397.41
08/01/2022,Lokasi_1,Organik,1428.94
03/09/2022,Lokasi_16,Organik,576.17
03/10/2023,Lokasi_11,Anorganik,1049.7
06/12/2024,Lokasi_4,Organik,1039.68
19/11/2025,Lokasi_18,Organik,872.43
10/08/2022,Lokasi_5,Organik,1068.9
25/04/2021,Lokasi_6,Organik,958.12
22/05/2023,Lokasi_2,Anorganik,989.64
17/04/2020,Lokasi_12,Organik,1255.34
30/08/2022,Lokasi_9,Organik,1025.96
14/06/2024,Lokasi_20,Anorganik,823.66
04/12/2021,Lokasi_12,Organik,1081.46
03/11/2025,Lokasi_13,Organik,1140.75
24/05/2022,Lokasi_17,Organik,1162.31
18/12/2023,Lokasi_5,Organik,1118.31
08/10/2025,Lokasi_20,B3,1164.6
27/06/2023,Lokasi_13,B3,810.09
13/07/2021,Lokasi_13,B3,946.13
26/04/2020,Lokasi_10,Organik,1168.71
23/05/2022,Lokasi_15,Anorganik,1254.37
25/08/2022,Lokasi_15,Organik,934.15
17/04/2024,Lokasi_18,Organik,865.33
13/02/2020,Lokasi_18,Organik,1215.88
23/05/2021,Lokasi_2,Organik,722.17
04/07/2025,Lokasi_11,Organik,509.49
03/04/2023,Lokasi_13,Anorganik,971.17
08/08/2023,Lokasi_11,Organik,673.37
28/04/2022,Lokasi_4,Organik,878.28
22/02/2025,Lokasi_15,Organik,791.23
05/07/2022,Lokasi_11,Organik,1277.26
09/03/2022,Lokasi_18,B3,831.41
25/05/2022,Lokasi_16,Anorganik,1140.68
26/10/2024,Lokasi_10,Organik,1173.91
29/03/2022,Lokasi_12,Organik,956.45
08/12/2025,Lokasi_13,Organik,581.08
02/08/2022,Lokasi_9,Organik,1200.37
25/06/2022,Lokasi_13,B3,575.17
13/01/2020,Lokasi_6,Organik,599.21
25/08/2021,Lokasi_6,Anorganik,696
18/07/2020,Lokasi_11,Organik,780.38
26/11/2024,Lokasi_19,Anorganik,1346.45
23/03/2021,Lokasi_11,Anorganik,1174.92
16/12/2024,Lokasi_10,Anorganik,887.21
20/04/2022,Lokasi_15,Organik,1478.63
12/08/2021,Lokasi_13,Anorganik,743.6
27/02/2023,Lokasi_8,Anorganik,1109.81
21/09/2025,Lokasi_5,Organik,1347.21
03/06/2021,Lokasi_2,Organik,1302.02
02/11/2022,Lokasi_16,Organik,590.31
25/12/2021,Lokasi_13,Organik,1197.27
14/09/2022,Lokasi_19,Organik,757.86
13/03/2022,Lokasi_9,Organik,855.73
10/06/2021,Lokasi_15,Anorganik,988.99
23/07/2024,Lokasi_6,Organik,1290.75
12/02/2023,Lokasi_8,Organik,666.2
04/04/2021,Lokasi_14,Anorganik,608.56
20/07/2022,Lokasi_5,Organik,653.44
09/06/2025,Lokasi_17,Organik,718.22
20/11/2020,Lokasi_7,Organik,559.5
01/08/2021,Lokasi_9,Organik,1426.36
17/03/2024,Lokasi_16,Anorganik,819.08
23/06/2025,Lokasi_18,Organik,676.98
19/04/2021,Lokasi_13,Organik,1137.83
13/12/2022,Lokasi_18,Anorganik,1287
21/01/2024,Lokasi_10,Organik,1253.23
21/05/2024,Lokasi_1,Organik,1218.71
14/12/2023,Lokasi_18,Anorganik,550.53
23/09/2021,Lokasi_19,Organik,1282.16
03/12/2021,Lokasi_2,Anorganik,1001.88
08/09/2022,Lokasi_4,Organik,1149.09
20/08/2023,Lokasi_11,Anorganik,1456.42
12/05/2025,Lokasi_3,Anorganik,1310.67
12/07/2021,Lokasi_9,Anorganik,1325.37
09/08/2020,Lokasi_10,Organik,681.47
05/04/2024,Lokasi_2,Organik,976.42
13/12/2020,Lokasi_7,Organik,1449.33
28/03/2023,Lokasi_15,Organik,1082.69
07/06/2022,Lokasi_19,Anorganik,602.59
10/07/2022,Lokasi_10,Anorganik,1231.82
12/06/2023,Lokasi_20,Organik,542.93
08/02/2021,Lokasi_14,Organik,1242.3
04/07/2023,Lokasi_4,Anorganik,1379.77
07/11/2021,Lokasi_11,Organik,925.25
11/08/2021,Lokasi_3,Anorganik,913.61
08/06/2024,Lokasi_17,Anorganik,804.21
13/05/2024,Lokasi_7,Anorganik,1376.94
19/07/2021,Lokasi_11,Anorganik,1047.78
04/12/2021,Lokasi_18,Organik,1079.26
07/05/2022,Lokasi_14,Anorganik,1161.71
08/07/2023,Lokasi_14,Anorganik,800.23
07/08/2021,Lokasi_6,Organik,932.79
19/08/2020,Lokasi_9,Organik,1241.61
30/05/2023,Lokasi_3,Organik,1485.49
21/02/2020,Lokasi_17,Organik,534.31
03/12/2025,Lokasi_12,Organik,542.65
21/06/2021,Lokasi_4,Organik,928.08
24/06/2021,Lokasi_20,B3,1159.62
08/11/2022,Lokasi_16,Organik,886.36
25/03/2022,Lokasi_10,Organik,1499.64
16/11/2023,Lokasi_7,Organik,695.36
10/07/2024,Lokasi_10,Organik,507.93
22/02/2021,Lokasi_7,Anorganik,690.13
13/05/2022,Lokasi_18,B3,1386.84
04/07/2020,Lokasi_9,Organik,645.15
17/09/2020,Lokasi_18,Organik,978.97
31/03/2024,Lokasi_17,Anorganik,919.28
20/07/2023,Lokasi_11,Anorganik,1165.73
31/01/2022,Lokasi_1,Anorganik,554.6
11/08/2020,Lokasi_17,Anorganik,1158.75
03/07/2023,Lokasi_4,Organik,854.75
28/06/2020,Lokasi_4,Anorganik,1426.04
29/08/2025,Lokasi_14,B3,1348.89
05/07/2024,Lokasi_9,Organik,899.51
23/09/2021,Lokasi_13,Anorganik,1492.89
16/03/2024,Lokasi_16,Organik,551.94
06/10/2025,Lokasi_1,Anorganik,1288.63
17/05/2025,Lokasi_3,Organik,933.84
06/09/2021,Lokasi_19,Organik,933.31
15/07/2021,Lokasi_8,Anorganik,670.13
13/09/2021,Lokasi_18,Anorganik,1014.88
05/11/2025,Lokasi_6,Anorganik,584.72
10/10/2022,Lokasi_20,Organik,1116.58
23/08/2025,Lokasi_6,Organik,741.59
20/12/2025,Lokasi_5,Organik,1224.86
14/05/2025,Lokasi_12,Organik,1107.36
23/11/2022,Lokasi_9,Organik,1246.41
14/08/2021,Lokasi_9,Organik,1249.74
05/08/2021,Lokasi_17,Organik,696.71
01/06/2024,Lokasi_19,Anorganik,500.67
06/01/2023,Lokasi_17,Organik,865.76
15/10/2020,Lokasi_16,Anorganik,1419.07
17/04/2024,Lokasi_12,Anorganik,1077.9
14/12/2023,Lokasi_3,Organik,1227.5
07/01/2020,Lokasi_14,Organik,1379.57
29/03/2023,Lokasi_17,Anorganik,1406.06
27/08/2020,Lokasi_16,Anorganik,1029.03
09/06/2025,Lokasi_12,B3,1040.94
17/12/2023,Lokasi_2,Anorganik,1350.94
15/10/2024,Lokasi_8,Anorganik,1307.49
18/10/2025,Lokasi_12,Anorganik,1198.86
18/03/2025,Lokasi_16,Organik,1104.46
13/12/2022,Lokasi_8,Organik,1117.22
27/04/2022,Lokasi_16,Anorganik,862.91
04/08/2023,Lokasi_10,Organik,1340.92
23/09/2025,Lokasi_20,Organik,1117.78
24/05/2023,Lokasi_15,Organik,723.53
13/02/2024,Lokasi_4,B3,739.84
25/08/2023,Lokasi_15,Anorganik,1361.6
26/11/2021,Lokasi_4,B3,1125.71
27/01/2020,Lokasi_11,Organik,898.7
17/08/2022,Lokasi_6,Organik,687.1
06/03/2024,Lokasi_4,Organik,1110.22
11/02/2025,Lokasi_9,Organik,684.31
07/01/2021,Lokasi_9,Organik,970.17
03/05/2025,Lokasi_3,Organik,1177.51
01/09/2020,Lokasi_5,Anorganik,1065.42
14/01/2025,Lokasi_15,Organik,1422.1
03/08/2024,Lokasi_9,Anorganik,539.72
04/05/2020,Lokasi_2,Anorganik,779.79
20/06/2021,Lokasi_3,Organik,557.09
03/04/2025,Lokasi_12,B3,694.6
23/06/2024,Lokasi_16,Organik,623.98
26/11/2023,Lokasi_5,Organik,1232.66
20/03/2024,Lokasi_10,Anorganik,869.38
14/06/2021,Lokasi_15,Organik,1425.04
10/09/2020,Lokasi_14,Organik,523.38
08/12/2025,Lokasi_14,Anorganik,1152.92
22/10/2021,Lokasi_13,Anorganik,1470.54
06/12/2024,Lokasi_16,Organik,675.84
26/11/2022,Lokasi_8,Organik,942.43
27/09/2023,Lokasi_8,Organik,1201.89
02/11/2022,Lokasi_17,B3,1133.14
21/04/2023,Lokasi_17,B3,1066.03
05/11/2025,Lokasi_3,Organik,826.76
24/09/2025,Lokasi_1,Organik,1228.2
16/02/2023,Lokasi_17,Anorganik,1153.26
03/04/2024,Lokasi_16,Anorganik,662.8
21/10/2024,Lokasi_17,B3,1464.09
19/05/2025,Lokasi_2,Organik,1055.67
14/01/2022,Lokasi_14,Organik,1025.46
17/06/2024,Lokasi_7,Anorganik,1348.24
24/08/2022,Lokasi_19,Organik,1140.41
01/02/2022,Lokasi_1,Anorganik,574.48
04/03/2022,Lokasi_17,Anorganik,1006.59
13/01/2022,Lokasi_10,Anorganik,1280.6
05/12/2022,Lokasi_6,Organik,1199.98
11/03/2024,Lokasi_7,Organik,1470.77
11/07/2021,Lokasi_6,Organik,524.92
17/06/2025,Lokasi_5,Anorganik,761.22
09/06/2021,Lokasi_2,Organik,1049.16
19/04/2022,Lokasi_18,B3,1119.49
03/01/2020,Lokasi_17,Anorganik,774.36
17/11/2022,Lokasi_7,Organik,1326.8
05/11/2023,Lokasi_19,B3,664.35
05/06/2020,Lokasi_7,Anorganik,500.85
21/04/2025,Lokasi_7,Anorganik,1452.39
08/05/2025,Lokasi_16,B3,891.56
25/05/2021,Lokasi_12,Anorganik,1457.49
17/11/2021,Lokasi_15,Anorganik,777.93
11/02/2023,Lokasi_15,Organik,563.45
13/11/2023,Lokasi_11,Organik,1272.52
19/02/2024,Lokasi_2,Organik,1335.82
24/07/2021,Lokasi_3,Organik,992.09
15/12/2021,Lokasi_19,Organik,573.85
31/08/2023,Lokasi_20,Anorganik,1154.13
17/09/2022,Lokasi_15,Anorganik,682.14
29/11/2020,Lokasi_16,Organik,1349.38
30/11/2025,Lokasi_1,Organik,774.02
02/07/2024,Lokasi_15,B3,1347.71
27/12/2020,Lokasi_12,Organik,926.92
23/02/2025,Lokasi_7,Anorganik,1096.49
14/11/2025,Lokasi_7,B3,1289.56
04/06/2025,Lokasi_11,Anorganik,540.44
25/08/2025,Lokasi_20,Anorganik,1321.17
31/05/2025,Lokasi_11,Organik,638.65
10/01/2021,Lokasi_17,Organik,858.42
11/01/2022,Lokasi_3,Anorganik,972.78
24/01/2021,Lokasi_16,B3,1395.43
25/05/2023,Lokasi_5,B3,522.44
03/04/2022,Lokasi_2,Anorganik,1059.2
21/02/2021,Lokasi_7,Organik,1142.52
29/08/2021,Lokasi_10,Organik,816.58
21/07/2021,Lokasi_5,Anorganik,790.49
27/06/2021,Lokasi_15,B3,990.47
02/06/2022,Lokasi_12,Anorganik,687.1
03/12/2021,Lokasi_10,Anorganik,968.12
08/05/2023,Lokasi_17,Anorganik,1265.03
10/06/2024,Lokasi_20,Organik,1345.4
30/08/2025,Lokasi_20,Anorganik,885.16
21/11/2024,Lokasi_11,Organik,1117.3
07/06/2024,Lokasi_8,Organik,500.02
28/12/2023,Lokasi_15,Anorganik,1050.35
02/05/2024,Lokasi_2,Organik,1475.24
29/03/2025,Lokasi_17,Organik,812.27
18/03/2020,Lokasi_6,Anorganik,1094.78
01/08/2023,Lokasi_13,Anorganik,1262.28
09/10/2021,Lokasi_8,Organik,1108.93
27/12/2025,Lokasi_11,Anorganik,918.5
06/07/2021,Lokasi_15,Organik,652.58
24/09/2022,Lokasi_13,Anorganik,963.7
08/10/2020,Lokasi_18,Organik,794.78
05/07/2023,Lokasi_18,Organik,1195.92
20/01/2025,Lokasi_17,Organik,941.91
15/10/2023,Lokasi_13,Anorganik,1349.88
03/03/2023,Lokasi_3,Anorganik,693.32
13/04/2020,Lokasi_7,Anorganik,917.72
04/02/2022,Lokasi_12,Organik,1057.5
12/11/2025,Lokasi_4,Anorganik,626.01
15/05/2024,Lokasi_11,Anorganik,1087.91
24/04/2021,Lokasi_14,Anorganik,790.92
22/08/2025,Lokasi_18,Organik,729.54
17/05/2025,Lokasi_7,B3,641.91
12/11/2025,Lokasi_5,Organik,849.88
03/09/2025,Lokasi_16,Organik,1428.98
19/07/2023,Lokasi_11,Anorganik,531.01
08/03/2024,Lokasi_3,Organik,1352.16
04/04/2023,Lokasi_16,Organik,897.36
27/07/2022,Lokasi_11,Organik,1061.6
31/01/2022,Lokasi_10,Anorganik,1012.81
15/10/2021,Lokasi_2,Organik,1425.74
27/07/2024,Lokasi_16,Anorganik,1270.13
15/04/2025,Lokasi_17,Anorganik,1484.82
31/01/2023,Lokasi_10,Anorganik,1294.43
09/04/2025,Lokasi_18,Anorganik,795.89
28/07/2021,Lokasi_12,Anorganik,1462.88
22/08/2023,Lokasi_8,Anorganik,1483.57
01/07/2023,Lokasi_3,Anorganik,623.09
18/04/2023,Lokasi_20,Anorganik,1401.04
09/02/2020,Lokasi_3,Anorganik,1164.2
03/06/2021,Lokasi_6,Anorganik,1421.99
27/06/2024,Lokasi_2,Anorganik,1415.74
07/04/2021,Lokasi_3,Organik,1391.37
05/06/2023,Lokasi_17,B3,1385.28
22/01/2025,Lokasi_9,B3,617.65
27/04/2021,Lokasi_4,Organik,643.52
08/12/2020,Lokasi_2,Organik,617.78
11/04/2023,Lokasi_9,Anorganik,591.03
02/01/2024,Lokasi_14,B3,853.29
17/04/2023,Lokasi_11,Organik,1183.96
09/06/2024,Lokasi_2,Organik,854.69
20/12/2025,Lokasi_2,Anorganik,1220.3
01/11/2025,Lokasi_5,Organik,1320.28
19/09/2022,Lokasi_7,Anorganik,1166.21
04/04/2023,Lokasi_4,B3,965.1
22/05/2024,Lokasi_14,Anorganik,795.52
08/04/2023,Lokasi_2,Organik,624.4
20/08/2021,Lokasi_12,Anorganik,993.65
06/10/2021,Lokasi_10,Organik,1219.6
23/03/2021,Lokasi_1,Anorganik,1048.24
02/02/2022,Lokasi_19,Organik,1221.48
04/01/2022,Lokasi_16,Organik,835.22
30/06/2024,Lokasi_15,Organik,566.8
23/08/2021,Lokasi_14,Anorganik,1271.1
12/12/2025,Lokasi_9,Organik,719.72
30/11/2025,Lokasi_15,Organik,1116.29
07/09/2022,Lokasi_7,Anorganik,1304.29
17/11/2024,Lokasi_4,Organik,639.11
02/08/2021,Lokasi_18,Anorganik,1098.49
21/02/2022,Lokasi_8,Anorganik,1189.37
15/06/2021,Lokasi_12,Organik,1246.53
21/02/2024,Lokasi_15,Organik,647.67
03/09/2021,Lokasi_15,Organik,1325.12
28/06/2025,Lokasi_17,Organik,594.15
05/01/2023,Lokasi_2,Organik,1019.58
28/07/2024,Lokasi_12,B3,943.41
16/11/2023,Lokasi_3,Anorganik,721.77
06/12/2023,Lokasi_7,Organik,801.93
24/05/2022,Lokasi_6,Organik,664.44
04/08/2020,Lokasi_14,Organik,925.73
10/01/2021,Lokasi_5,Organik,535.51
28/05/2024,Lokasi_4,Organik,1388.92
11/01/2020,Lokasi_15,Organik,663.49
01/06/2024,Lokasi_7,Organik,1386.02
28/03/2022,Lokasi_3,Anorganik,1363.58
20/07/2023,Lokasi_13,Organik,951.68
21/11/2021,Lokasi_10,Anorganik,997.73
18/05/2024,Lokasi_2,Anorganik,801.91
12/03/2024,Lokasi_12,Organik,1496.87
01/03/2023,Lokasi_12,Anorganik,1170.77
01/05/2025,Lokasi_19,Organik,1451.81
22/02/2022,Lokasi_19,Organik,914.8
26/05/2025,Lokasi_3,Organik,1383.02
19/02/2025,Lokasi_6,Anorganik,948.23
23/02/2022,Lokasi_2,Anorganik,1366.83
31/01/2021,Lokasi_13,Organik,630.93
17/12/2022,Lokasi_9,Anorganik,1136.85
12/02/2024,Lokasi_13,Anorganik,1178.7
26/07/2025,Lokasi_14,Organik,1156.17
02/06/2024,Lokasi_19,Anorganik,947.03
04/04/2021,Lokasi_11,Organik,1183.92
09/10/2025,Lokasi_14,Anorganik,739.46
29/06/2021,Lokasi_16,Anorganik,1095.85
11/05/2021,Lokasi_10,Anorganik,1054.23
19/05/2021,Lokasi_20,Organik,818.34
28/12/2022,Lokasi_16,Organik,1278.86
25/06/2024,Lokasi_2,Organik,580.87
18/12/2021,Lokasi_16,Organik,671.44
11/05/2024,Lokasi_14,Organik,971.15
09/11/2023,Lokasi_18,Anorganik,1391.74
25/09/2020,Lokasi_6,Organik,1075.16
30/04/2025,Lokasi_7,Organik,1342.07
17/01/2024,Lokasi_13,Organik,1017.57
21/03/2024,Lokasi_2,Anorganik,1285.46
14/05/2022,Lokasi_15,Organik,825.8
19/04/2020,Lokasi_17,Organik,1315.14
11/10/2021,Lokasi_13,Anorganik,901.69
29/09/2025,Lokasi_7,Organik,1058.83
08/02/2024,Lokasi_1,Anorganik,675.88
15/01/2023,Lokasi_3,Anorganik,1420.43
18/08/2021,Lokasi_20,Organik,1201.46
05/09/2022,Lokasi_18,Anorganik,1358.85
31/12/2021,Lokasi_7,Anorganik,707.86
26/02/2020,Lokasi_17,Anorganik,567.68
18/11/2024,Lokasi_12,Anorganik,837.21
28/08/2024,Lokasi_16,Anorganik,1016.69
10/07/2023,Lokasi_10,Anorganik,1302.37
21/04/2020,Lokasi_16,Anorganik,897.73
11/12/2021,Lokasi_20,B3,769.96
16/04/2023,Lokasi_18,B3,872.55
05/08/2022,Lokasi_15,Organik,1203.61
26/01/2020,Lokasi_11,Anorganik,836.22
27/01/2022,Lokasi_18,Organik,1479.17
05/12/2024,Lokasi_6,Organik,674.98
04/04/2024,Lokasi_1,Anorganik,1253.1
15/01/2025,Lokasi_7,Organik,1089.16
09/01/2023,Lokasi_12,B3,733.1
23/10/2021,Lokasi_20,Organik,1253.61
27/06/2022,Lokasi_4,Anorganik,947.54
05/06/2021,Lokasi_10,Organik,1182.4
30/01/2025,Lokasi_2,Anorganik,1162.26
25/10/2024,Lokasi_9,Anorganik,610.64
28/02/2022,Lokasi_10,Organik,1339.98
21/07/2023,Lokasi_20,Anorganik,1181.47
25/09/2024,Lokasi_11,Anorganik,1280.59
20/06/2020,Lokasi_14,Anorganik,947.77
21/09/2020,Lokasi_3,Organik,695.06
09/06/2025,Lokasi_1,B3,826.21
15/11/2022,Lokasi_7,Organik,1401.47
01/02/2024,Lokasi_4,Anorganik,1438.02
28/02/2025,Lokasi_7,Organik,981.87
20/04/2021,Lokasi_16,Organik,798.8
15/11/2022,Lokasi_10,Organik,1230.31
03/02/2020,Lokasi_15,Organik,1265.99
07/03/2023,Lokasi_16,Anorganik,1315.47
26/03/2022,Lokasi_6,Anorganik,531.08
23/01/2022,Lokasi_4,Organik,509.73
19/07/2021,Lokasi_4,Anorganik,857.16
06/04/2021,Lokasi_4,Organik,652.5
12/07/2024,Lokasi_17,Anorganik,1304.98
21/03/2020,Lokasi_13,Organik,1032.84
21/04/2025,Lokasi_2,Anorganik,1325.35
19/05/2022,Lokasi_20,Anorganik,676.91
01/12/2023,Lokasi_6,Organik,1127.22
05/12/2022,Lokasi_1,Organik,1080.17
21/08/2021,Lokasi_8,Anorganik,840.38
22/06/2024,Lokasi_18,Organik,1017.08
17/03/2022,Lokasi_4,Anorganik,1089.03
18/04/2025,Lokasi_5,Organik,1389.49
12/12/2022,Lokasi_5,Organik,555.64
04/12/2021,Lokasi_15,Organik,1323.37
25/08/2025,Lokasi_10,Organik,1480.16
01/05/2021,Lokasi_8,Organik,1231.78
06/12/2021,Lokasi_7,Anorganik,1237.35
05/03/2024,Lokasi_12,Anorganik,717.97
10/03/2023,Lokasi_11,Organik,1023.07
11/09/2021,Lokasi_13,Organik,1205.94
15/02/2022,Lokasi_15,Organik,1102.28
22/03/2021,Lokasi_17,Organik,885.13
27/07/2020,Lokasi_18,Organik,1440.12
07/02/2024,Lokasi_8,Organik,1013.99
21/12/2023,Lokasi_6,Organik,1469.88
20/02/2025,Lokasi_11,Anorganik,1063.88
15/07/2023,Lokasi_9,Organik,1293.38
08/10/2024,Lokasi_5,Organik,1242.02
02/07/2023,Lokasi_7,Anorganik,1160.82
01/11/2023,Lokasi_15,Anorganik,514.46
03/08/2024,Lokasi_4,Organik,577.43
04/05/2022,Lokasi_19,Anorganik,1081.48
13/10/2023,Lokasi_13,Organik,1411.78
05/12/2021,Lokasi_1,B3,1101.14
05/04/2022,Lokasi_1,Anorganik,736
01/10/2022,Lokasi_14,Anorganik,820.22
11/01/2021,Lokasi_9,Organik,1123.16
30/08/2022,Lokasi_12,Anorganik,1097.05
27/04/2020,Lokasi_18,Organik,1455.7
19/03/2021,Lokasi_9,Anorganik,1029.08
24/01/2022,Lokasi_8,Organik,855.01
01/10/2021,Lokasi_14,Anorganik,1024.99
11/12/2025,Lokasi_9,Organik,1286.23
24/07/2023,Lokasi_20,Organik,1040.36
14/09/2021,Lokasi_2,B3,826.05
01/02/2024,Lokasi_1,Organik,838.62
01/07/2025,Lokasi_13,Organik,1256.81
09/07/2024,Lokasi_10,Organik,566.45
19/09/2024,Lokasi_8,B3,774.76
03/04/2025,Lokasi_7,Anorganik,653.04
07/07/2022,Lokasi_12,Organik,1444.68
19/03/2023,Lokasi_17,Anorganik,590.09
31/03/2023,Lokasi_12,Anorganik,1258.18
29/04/2020,Lokasi_16,Organik,1130.43
04/08/2021,Lokasi_10,Organik,1132.8
01/05/2025,Lokasi_12,Organik,1263.43
16/11/2025,Lokasi_11,Anorganik,900.49
05/04/2023,Lokasi_14,Anorganik,900.74
13/08/2024,Lokasi_20,Anorganik,788.71
22/06/2025,Lokasi_13,B3,1097.75
04/02/2021,Lokasi_2,Anorganik,1429.81
11/09/2023,Lokasi_20,Anorganik,1423.98
14/07/2024,Lokasi_7,Organik,1202.96
12/09/2021,Lokasi_1,Anorganik,1406.19
03/09/2020,Lokasi_3,Anorganik,1463.52
21/01/2023,Lokasi_20,Organik,1295.1
15/09/2021,Lokasi_12,Organik,907.83
13/01/2025,Lokasi_5,Organik,983.22
10/10/2025,Lokasi_12,Organik,1431.26
26/10/2020,Lokasi_3,B3,1170.01
06/02/2021,Lokasi_20,Anorganik,1320.69
29/07/2024,Lokasi_5,Anorganik,616.11
09/09/2020,Lokasi_1,Anorganik,693.9
23/10/2024,Lokasi_16,Organik,844.11
24/10/2023,Lokasi_9,Organik,688.24
18/05/2025,Lokasi_10,Organik,1406.47
08/06/2020,Lokasi_10,Anorganik,716.89
23/07/2020,Lokasi_13,Anorganik,1057.18
07/03/2023,Lokasi_16,Organik,585.45
23/10/2023,Lokasi_20,Anorganik,654.96
07/05/2022,Lokasi_4,Organik,747.42
29/01/2022,Lokasi_14,B3,1482.89
09/05/2024,Lokasi_17,Anorganik,1297.06
16/10/2025,Lokasi_5,Organik,1173.56
12/05/2020,Lokasi_13,Organik,1416.26
19/09/2024,Lokasi_3,Anorganik,1456.21
05/03/2021,Lokasi_5,Anorganik,953.57
12/04/2023,Lokasi_16,Anorganik,827.69
06/04/2020,Lokasi_19,Organik,815.32
02/09/2024,Lokasi_19,Anorganik,535.73
23/03/2023,Lokasi_17,Organik,779.64
14/09/2024,Lokasi_18,B3,855.05
19/06/2023,Lokasi_18,Anorganik,536.9
20/08/2023,Lokasi_8,Anorganik,1382.6
01/08/2023,Lokasi_18,Organik,1347.86
16/11/2022,Lokasi_9,Organik,751.5
15/10/2023,Lokasi_19,Anorganik,1302.56
03/08/2021,Lokasi_10,Organik,1296.21
16/06/2021,Lokasi_2,Organik,835.01
21/03/2023,Lokasi_17,Anorganik,1197.07
30/01/2023,Lokasi_13,Anorganik,789.86
17/06/2022,Lokasi_11,B3,570.28
09/01/2024,Lokasi_16,Anorganik,1004.8
06/06/2023,Lokasi_20,Anorganik,938.33
08/02/2022,Lokasi_7,Organik,638.15
13/04/2022,Lokasi_3,Anorganik,990.55
19/03/2025,Lokasi_16,B3,1449.38
07/07/2021,Lokasi_19,Anorganik,1231.39
27/12/2022,Lokasi_20,Organik,1238.87
11/04/2023,Lokasi_16,Anorganik,1257.55
18/07/2024,Lokasi_2,Anorganik,1244.63
12/07/2021,Lokasi_14,Organik,519.9
17/09/2020,Lokasi_20,B3,1424.69
14/01/2025,Lokasi_10,Anorganik,1330.14
21/02/2023,Lokasi_19,Organik,774.58
15/03/2022,Lokasi_11,Anorganik,1052.74
31/03/2023,Lokasi_18,Organik,1115.01
01/10/2020,Lokasi_11,B3,631.95
24/07/2020,Lokasi_9,Organik,753.96
19/09/2024,Lokasi_19,Organik,523.25
16/05/2022,Lokasi_20,Anorganik,1363.95
02/04/2020,Lokasi_10,Anorganik,524.91
01/12/2022,Lokasi_3,Anorganik,818.7
13/09/2023,Lokasi_3,Anorganik,578.25
13/10/2025,Lokasi_8,Organik,1281.41
30/12/2020,Lokasi_6,Organik,1424.98
31/03/2022,Lokasi_20,Anorganik,1062.82
16/02/2024,Lokasi_1,Organik,639.57
22/07/2025,Lokasi_20,B3,1058.16
08/04/2025,Lokasi_6,Organik,1270.34
21/12/2022,Lokasi_2,Organik,1218.42
20/07/2023,Lokasi_19,Anorganik,1241.72
09/11/2022,Lokasi_7,Anorganik,779.17
03/01/2020,Lokasi_11,Anorganik,573.74
19/10/2024,Lokasi_11,B3,648.96
29/06/2022,Lokasi_4,Organik,1455.51
02/11/2020,Lokasi_20,Organik,1113.51
15/05/2020,Lokasi_16,Anorganik,1227.9
16/04/2025,Lokasi_5,Organik,1399.06
27/05/2024,Lokasi_7,Anorganik,1352.75
09/12/2023,Lokasi_16,Organik,718.4
22/05/2022,Lokasi_15,Anorganik,558.06
15/02/2023,Lokasi_5,Organik,1425.13
27/10/2021,Lokasi_1,Anorganik,1481.67
27/07/2020,Lokasi_20,Organik,1067.34
09/08/2022,Lokasi_9,Organik,1388.4
23/11/2022,Lokasi_5,Organik,731.82
10/10/2021,Lokasi_6,Anorganik,611.04
03/09/2023,Lokasi_3,Organik,999.82
07/12/2025,Lokasi_6,Organik,1311.18
18/09/2021,Lokasi_8,B3,1154.65
08/06/2021,Lokasi_6,Anorganik,1137.32
23/05/2024,Lokasi_16,B3,517.46
11/02/2025,Lokasi_16,Organik,817.49
07/02/2022,Lokasi_3,Anorganik,1439.5
25/09/2025,Lokasi_17,Organik,634.27
10/02/2022,Lokasi_6,Organik,1226.37
09/01/2022,Lokasi_6,Anorganik,1259.31
05/06/2021,Lokasi_19,Organik,1232.83
01/11/2023,Lokasi_20,Organik,1489.28
21/12/2025,Lokasi_15,Organik,909.21
04/09/2020,Lokasi_19,Organik,1182.19
03/09/2023,Lokasi_2,Organik,693.66
01/02/2025,Lokasi_8,Anorganik,899.71
16/11/2021,Lokasi_7,Anorganik,991.56
08/08/2021,Lokasi_8,Organik,714.83
22/05/2020,Lokasi_13,Anorganik,1406.81
24/08/2022,Lokasi_15,Anorganik,1216.2
18/12/2021,Lokasi_12,Anorganik,783.76
04/10/2021,Lokasi_15,Anorganik,634.96
04/01/2021,Lokasi_14,Organik,787.87
14/01/2023,Lokasi_7,Organik,1122.99
25/02/2022,Lokasi_17,Organik,1326.41
23/01/2024,Lokasi_5,Anorganik,1003.17
07/08/2022,Lokasi_20,Anorganik,602.49
10/09/2023,Lokasi_10,Organik,749.31
05/06/2021,Lokasi_19,B3,845.14
06/05/2025,Lokasi_18,B3,1136.14
20/12/2020,Lokasi_10,Organik,746.64
04/08/2022,Lokasi_2,Organik,733.93
22/01/2024,Lokasi_6,Organik,786.2
05/07/2024,Lokasi_3,Organik,1092.53
19/06/2021,Lokasi_19,Organik,992.63
07/08/2023,Lokasi_5,Anorganik,1341.64
07/08/2022,Lokasi_7,Anorganik,1197.93
12/09/2021,Lokasi_7,Organik,1166.82
03/03/2021,Lokasi_10,Organik,654.65
21/09/2024,Lokasi_1,Anorganik,555.23
28/06/2021,Lokasi_11,Organik,1010
03/04/2022,Lokasi_7,Organik,571.64
29/09/2022,Lokasi_6,Anorganik,864.02
20/10/2021,Lokasi_6,Organik,526.11
20/08/2025,Lokasi_13,B3,676.81
31/12/2021,Lokasi_16,Anorganik,610.37
06/01/2025,Lokasi_13,Organik,1300.99
12/02/2021,Lokasi_2,Anorganik,846.13
24/03/2020,Lokasi_19,Organik,578.85
07/12/2021,Lokasi_19,Organik,765.48
15/05/2025,Lokasi_19,Organik,1182.81
18/12/2023,Lokasi_18,B3,1245.64
13/05/2020,Lokasi_6,Anorganik,619.87
26/02/2022,Lokasi_2,Anorganik,1278.57
13/05/2022,Lokasi_19,Organik,870.56
28/10/2021,Lokasi_6,Organik,1179.38
03/10/2020,Lokasi_20,Organik,1171.51
10/11/2024,Lokasi_15,Anorganik,1293.59
31/05/2022,Lokasi_6,Organik,1197.18
22/08/2025,Lokasi_3,Organik,538.87
13/09/2025,Lokasi_11,Anorganik,1019.48
22/05/2023,Lokasi_8,Organik,666.18
07/06/2020,Lokasi_18,Anorganik,1469.96
07/02/2023,Lokasi_17,Organik,755.83
25/01/2025,Lokasi_19,Anorganik,920.11
05/10/2020,Lokasi_19,Anorganik,696.7
20/04/2020,Lokasi_17,Anorganik,634.59
25/06/2021,Lokasi_4,Anorganik,1100.93
12/02/2023,Lokasi_7,Organik,993.18
25/12/2020,Lokasi_5,Organik,874.66
23/05/2023,Lokasi_16,Organik,585.42
22/10/2024,Lokasi_6,Anorganik,1235.96
12/08/2022,Lokasi_14,Anorganik,505.86
07/12/2025,Lokasi_20,Anorganik,957.66
02/09/2022,Lokasi_2,Organik,1132.57
01/07/2022,Lokasi_18,Organik,930.71
25/02/2023,Lokasi_18,Organik,626.21
23/12/2021,Lokasi_13,Anorganik,1278.25
07/09/2024,Lokasi_18,Organik,823.94
20/11/2020,Lokasi_17,Organik,634.76
09/03/2024,Lokasi_13,Anorganik,1050.27
29/03/2024,Lokasi_12,B3,519.17
09/12/2022,Lokasi_3,Anorganik,824.06
29/04/2025,Lokasi_7,Organik,1250.64
26/05/2024,Lokasi_1,B3,1412.71
17/10/2025,Lokasi_5,Anorganik,1091.73
25/01/2021,Lokasi_1,Anorganik,717.61
16/01/2020,Lokasi_4,Organik,720
25/04/2022,Lokasi_1,Anorganik,1103.87
18/05/2022,Lokasi_13,Organik,906.76
21/07/2021,Lokasi_14,Organik,677.26
19/12/2025,Lokasi_15,Organik,1287.4
12/07/2025,Lokasi_17,Organik,700.24
04/07/2024,Lokasi_12,Organik,821.64
22/12/2020,Lokasi_7,Organik,561.43
14/07/2024,Lokasi_19,Organik,1201.37
05/02/2020,Lokasi_3,B3,775.28
24/10/2022,Lokasi_18,Organik,732.87
22/09/2025,Lokasi_4,Anorganik,803.36
23/04/2020,Lokasi_3,Anorganik,1374.13
07/11/2024,Lokasi_12,Organik,1018.02
12/04/2023,Lokasi_12,Anorganik,657.88
02/07/2023,Lokasi_17,Organik,1274.48
10/04/2021,Lokasi_6,Organik,708.45
27/01/2024,Lokasi_15,B3,912.48
26/04/2022,Lokasi_2,Organik,1068.08
16/05/2021,Lokasi_8,Organik,1084.44
16/03/2021,Lokasi_14,Organik,569.03
17/10/2025,Lokasi_5,B3,1336.8
21/11/2020,Lokasi_3,Anorganik,979.43
31/10/2024,Lokasi_10,B3,1489.26
07/03/2020,Lokasi_7,Anorganik,1217.44
30/10/2020,Lokasi_11,Organik,1492.57
29/08/2022,Lokasi_15,Anorganik,953.48
28/04/2021,Lokasi_2,Organik,640.78
17/07/2022,Lokasi_5,Organik,1227.31
11/12/2023,Lokasi_11,Organik,1277.76
28/05/2020,Lokasi_8,Organik,1352.84
29/01/2023,Lokasi_13,Anorganik,801.45
05/04/2020,Lokasi_11,B3,1010.68
08/10/2020,Lokasi_17,Anorganik,1357.51
12/06/2021,Lokasi_15,Anorganik,1364.74
30/06/2024,Lokasi_1,Organik,525.68
02/08/2021,Lokasi_19,Organik,1170.92
21/07/2024,Lokasi_16,Organik,1101.69
19/06/2024,Lokasi_19,Anorganik,583.34
20/03/2022,Lokasi_13,Anorganik,1430.14
23/11/2021,Lokasi_4,B3,945.37
22/08/2020,Lokasi_11,B3,1174.26
09/08/2022,Lokasi_18,Organik,1382.8
28/01/2025,Lokasi_18,Organik,630.12
22/09/2023,Lokasi_10,Anorganik,1355.84
28/10/2022,Lokasi_17,Organik,1224.31
06/01/2024,Lokasi_13,Organik,1339.59
